/*
Navicat MySQL Data Transfer

Source Server         : localhost
Source Server Version : 80019
Source Host           : localhost:3306
Source Database       : platform

Target Server Type    : MYSQL
Target Server Version : 80019
File Encoding         : 65001

Date: 2020-10-26 20:00:34
*/

SET FOREIGN_KEY_CHECKS=0;

-- ----------------------------
-- Table structure for t_db
-- ----------------------------
DROP TABLE IF EXISTS `t_db`;
CREATE TABLE `t_db` (
  `id` int NOT NULL AUTO_INCREMENT,
  `name` varchar(20) DEFAULT NULL COMMENT '名称',
  `type` tinyint DEFAULT NULL COMMENT '0mysql 1oracle 2SqlServer',
  `desc` varchar(100) DEFAULT NULL COMMENT '描述',
  `url` varchar(100) CHARACTER SET utf8 COLLATE utf8_general_ci DEFAULT NULL COMMENT '连接url',
  `username` varchar(100) CHARACTER SET utf8 COLLATE utf8_general_ci DEFAULT NULL COMMENT '用户名',
  `password` varchar(100) CHARACTER SET utf8 COLLATE utf8_general_ci DEFAULT NULL COMMENT '密码',
  `created_time` datetime DEFAULT NULL,
  `update_time` datetime DEFAULT NULL,
  `status` tinyint DEFAULT NULL COMMENT '0启动 1禁用',
  `test_url` varchar(100) DEFAULT NULL COMMENT '测试环境url',
  `test_username` varchar(100) DEFAULT NULL COMMENT '测试环境username',
  `test_password` varchar(100) DEFAULT NULL COMMENT '测试环境password',
  `dev_url` varchar(100) DEFAULT NULL COMMENT '开发环境url',
  `dev_username` varchar(100) DEFAULT NULL COMMENT '开发环境username',
  `dev_password` varchar(100) DEFAULT NULL COMMENT '开发环境password',
  `stg_url` varchar(100) DEFAULT NULL COMMENT '预上线环境url',
  `stg_username` varchar(100) DEFAULT NULL COMMENT '预上线环境username',
  `stg_password` varchar(100) DEFAULT NULL COMMENT '预上线环境password',
  `prod_url` varchar(100) DEFAULT NULL COMMENT '生产环境url',
  `prod_username` varchar(100) DEFAULT NULL COMMENT '生产环境username',
  `prod_password` varchar(100) DEFAULT NULL COMMENT '生产环境password',
  PRIMARY KEY (`id`),
  UNIQUE KEY `name` (`name`)
) ENGINE=InnoDB AUTO_INCREMENT=7 DEFAULT CHARSET=utf8;

-- ----------------------------
-- Records of t_db
-- ----------------------------
INSERT INTO `t_db` VALUES ('1', 'platform', '0', '自动化平台库', 'jdbc:mysql://localhost:3306/platform?useUnicode=true&characterEncoding=utf-8', 'root', 'root', '2020-09-02 15:40:50', '2020-10-21 11:31:11', '0', 'jdbc:mysql://localhost:3306/platform?useUnicode=true&characterEncoding=utf-8', 'root', 'root', 'jdbc:mysql://localhost:3306/platform?useUnicode=true&characterEncoding=utf-8', 'root', 'root', 'jdbc:mysql://localhost:3306/platform?useUnicode=true&characterEncoding=utf-8', 'root', 'root', 'jdbc:mysql://localhost:3306/platform?useUnicode=true&characterEncoding=utf-8', 'root', 'root');

-- ----------------------------
-- Table structure for t_http_setting
-- ----------------------------
DROP TABLE IF EXISTS `t_http_setting`;
CREATE TABLE `t_http_setting` (
  `setting_id` int NOT NULL AUTO_INCREMENT COMMENT '配置编号',
  `name` varchar(50) CHARACTER SET utf8 COLLATE utf8_general_ci DEFAULT NULL COMMENT '配置项名称',
  `value` varchar(50) DEFAULT NULL,
  `desc` varchar(50) DEFAULT NULL COMMENT '配置项描述',
  `status` tinyint DEFAULT NULL COMMENT '状态 0启用1禁用',
  `type` tinyint DEFAULT NULL COMMENT '类型 0代理1公共头2邮箱',
  `created_time` datetime DEFAULT NULL,
  `update_time` datetime DEFAULT NULL,
  PRIMARY KEY (`setting_id`)
) ENGINE=InnoDB AUTO_INCREMENT=15 DEFAULT CHARSET=utf8;

-- ----------------------------
-- Records of t_http_setting
-- ----------------------------
INSERT INTO `t_http_setting` VALUES ('7', '本地代理', 'localhost:8888', '', '1', '0', '2020-10-02 16:14:57', '2020-10-26 17:28:00');
INSERT INTO `t_http_setting` VALUES ('11', 'qq', '1014759718@qq.com', '', '0', '2', '2020-10-02 18:57:14', '2020-10-05 14:56:46');
INSERT INTO `t_http_setting` VALUES ('12', '163', 'biexei@163.com', '', '0', '2', '2020-10-04 19:21:30', '2020-10-05 11:23:12');
INSERT INTO `t_http_setting` VALUES ('13', '126', 'biexei@126.com', null, '0', '2', '2020-10-04 21:10:46', '2020-10-04 21:10:46');

-- ----------------------------
-- Table structure for t_interface_assert
-- ----------------------------
DROP TABLE IF EXISTS `t_interface_assert`;
CREATE TABLE `t_interface_assert` (
  `assert_id` int NOT NULL AUTO_INCREMENT COMMENT '断言编号',
  `assert_name` varchar(100) CHARACTER SET utf8 COLLATE utf8_general_ci DEFAULT NULL COMMENT '断言名称',
  `case_id` int DEFAULT NULL COMMENT '用例编号',
  `type` tinyint DEFAULT NULL COMMENT '提取数据类型   0json/1html/2header/3responsecode',
  `expression` varchar(50) DEFAULT NULL COMMENT '提取表达式',
  `operator` tinyint DEFAULT NULL COMMENT '操作符0/=、1/< 、2/>、3/<=、4/>=、5/in、6/!=、7/re',
  `excepted_result` varchar(1000) DEFAULT NULL COMMENT '预期结果',
  `order` int DEFAULT NULL COMMENT '排序 执行断言时按照该字段排序',
  `created_time` datetime DEFAULT NULL,
  `update_time` datetime DEFAULT NULL,
  PRIMARY KEY (`assert_id`)
) ENGINE=InnoDB AUTO_INCREMENT=96 DEFAULT CHARSET=utf8;

-- ----------------------------
-- Records of t_interface_assert
-- ----------------------------
INSERT INTO `t_interface_assert` VALUES ('54', '状态码=200', '69', '3', '', '0', '200', '0', null, '2020-10-26 17:23:07');
INSERT INTO `t_interface_assert` VALUES ('55', 'username=123', '69', '0', '$..data.list[0].username', '0', '123', '1', null, '2020-10-26 17:23:07');
INSERT INTO `t_interface_assert` VALUES ('56', '状态码=200', '70', '3', '', '0', '200', '0', null, '2020-10-25 12:48:23');
INSERT INTO `t_interface_assert` VALUES ('57', 'code=200', '70', '0', '$..code', '0', '[200]', '1', null, '2020-10-25 12:48:23');
INSERT INTO `t_interface_assert` VALUES ('58', '状态码=200', '71', '3', '', '0', '200', '0', null, '2020-10-13 21:37:36');
INSERT INTO `t_interface_assert` VALUES ('59', 'code=200', '71', '0', '$..code', '0', '[200]', '1', null, '2020-10-13 21:37:36');
INSERT INTO `t_interface_assert` VALUES ('60', '项目总数和数据库总数一致', '71', '0', '$..data.total', '0', '[${projectCount}]', '2', null, '2020-10-13 21:37:36');
INSERT INTO `t_interface_assert` VALUES ('65', '断言id=4', '73', '0', '$..data.projectId', '0', '[${selectProjectIdByName(\"#{$..data.name}\", \"#{$..data.desc}\")}]', '0', null, null);
INSERT INTO `t_interface_assert` VALUES ('67', 'http code == 200', '75', '3', '', '0', '200', '0', null, '2020-10-09 18:21:20');
INSERT INTO `t_interface_assert` VALUES ('68', 'sub code == 200', '75', '0', '$..code', '0', '[200]', '1', null, '2020-10-09 18:21:20');
INSERT INTO `t_interface_assert` VALUES ('69', 'code', '75', '3', '', '0', '200', '2', '2020-10-17 18:14:58', '2020-10-09 18:21:20');
INSERT INTO `t_interface_assert` VALUES ('84', '检查用户名一致性', '82', '0', '$..data.username', '0', '${selectUserNameById(\"1\")}', '0', '2020-10-19 11:52:21', '2020-10-19 14:48:07');
INSERT INTO `t_interface_assert` VALUES ('85', '检查Content-Type', '82', '2', 'Content-Type', '0', 'Content-Type', '1', '2020-10-19 14:01:59', '2020-10-19 14:48:07');
INSERT INTO `t_interface_assert` VALUES ('86', 'sub code == 200', '83', '0', '$..code', '0', '200', '0', '2020-10-19 14:56:00', '2020-10-19 15:01:42');
INSERT INTO `t_interface_assert` VALUES ('87', '模块名称列表', '83', '0', '$..data.list[*].moduleName', '0', '[\"用户管理\",\"项目管理\"]', '1', '2020-10-19 14:56:00', '2020-10-19 15:01:42');

-- ----------------------------
-- Table structure for t_interface_assert_log
-- ----------------------------
DROP TABLE IF EXISTS `t_interface_assert_log`;
CREATE TABLE `t_interface_assert_log` (
  `assert_log_id` int NOT NULL AUTO_INCREMENT COMMENT '断言日志id',
  `execute_log_id` int DEFAULT NULL COMMENT '执行日志id',
  `assert_id` int DEFAULT NULL COMMENT '断言id',
  `assert_name` varchar(100) DEFAULT NULL COMMENT '断言名称',
  `case_id` int DEFAULT NULL COMMENT '测试用例编号id',
  `type` tinyint DEFAULT NULL COMMENT '提取数据类型   0json/1html/2header/3responsecode',
  `expression` varchar(50) DEFAULT NULL COMMENT '提取表达式',
  `operator` tinyint DEFAULT NULL COMMENT '操作符0/=、1/< 、2/>、3/<=、4/>=、5/in、6/!=、7/re',
  `excepted_result` text CHARACTER SET utf8 COLLATE utf8_general_ci COMMENT '预期结果',
  `order` int DEFAULT NULL COMMENT '排序 执行断言时按照该字段排序',
  `actual_result` mediumtext COMMENT '实际运行结果',
  `status` tinyint DEFAULT NULL COMMENT '是否通过 0通过 1失败 2错误',
  `error_message` mediumtext COMMENT '断言出错异常信息',
  `created_time` datetime DEFAULT NULL,
  PRIMARY KEY (`assert_log_id`)
) ENGINE=InnoDB AUTO_INCREMENT=7683 DEFAULT CHARSET=utf8;

-- ----------------------------
-- Records of t_interface_assert_log
-- ----------------------------
INSERT INTO `t_interface_assert_log` VALUES ('7537', '3591', '67', 'http code == 200', '75', '3', '', '0', '200', '0', '200', '0', null, '2020-10-26 19:00:59');
INSERT INTO `t_interface_assert_log` VALUES ('7538', '3593', '67', 'http code == 200', '75', '3', '', '0', '200', '0', '200', '0', null, '2020-10-26 19:00:59');
INSERT INTO `t_interface_assert_log` VALUES ('7539', '3594', '67', 'http code == 200', '75', '3', '', '0', '200', '0', '200', '0', null, '2020-10-26 19:00:59');
INSERT INTO `t_interface_assert_log` VALUES ('7540', '3592', '67', 'http code == 200', '75', '3', '', '0', '200', '0', '200', '0', null, '2020-10-26 19:00:59');
INSERT INTO `t_interface_assert_log` VALUES ('7541', '3594', '68', 'sub code == 200', '75', '0', '$..code', '0', '[200]', '1', '[200]', '0', null, '2020-10-26 19:00:59');
INSERT INTO `t_interface_assert_log` VALUES ('7542', '3592', '68', 'sub code == 200', '75', '0', '$..code', '0', '[200]', '1', '[200]', '0', null, '2020-10-26 19:00:59');
INSERT INTO `t_interface_assert_log` VALUES ('7543', '3591', '68', 'sub code == 200', '75', '0', '$..code', '0', '[200]', '1', '[200]', '0', null, '2020-10-26 19:00:59');
INSERT INTO `t_interface_assert_log` VALUES ('7544', '3593', '68', 'sub code == 200', '75', '0', '$..code', '0', '[200]', '1', '[200]', '0', null, '2020-10-26 19:00:59');
INSERT INTO `t_interface_assert_log` VALUES ('7545', '3594', '69', 'code', '75', '3', '', '0', '200', '2', '200', '0', null, '2020-10-26 19:00:59');
INSERT INTO `t_interface_assert_log` VALUES ('7546', '3591', '69', 'code', '75', '3', '', '0', '200', '2', '200', '0', null, '2020-10-26 19:00:59');
INSERT INTO `t_interface_assert_log` VALUES ('7547', '3593', '69', 'code', '75', '3', '', '0', '200', '2', '200', '0', null, '2020-10-26 19:00:59');
INSERT INTO `t_interface_assert_log` VALUES ('7548', '3592', '69', 'code', '75', '3', '', '0', '200', '2', '200', '0', null, '2020-10-26 19:00:59');
INSERT INTO `t_interface_assert_log` VALUES ('7549', '3596', '67', 'http code == 200', '75', '3', '', '0', '200', '0', '200', '0', null, '2020-10-26 19:01:00');
INSERT INTO `t_interface_assert_log` VALUES ('7550', '3595', '67', 'http code == 200', '75', '3', '', '0', '200', '0', '200', '0', null, '2020-10-26 19:01:00');
INSERT INTO `t_interface_assert_log` VALUES ('7551', '3596', '68', 'sub code == 200', '75', '0', '$..code', '0', '[200]', '1', '[200]', '0', null, '2020-10-26 19:01:00');
INSERT INTO `t_interface_assert_log` VALUES ('7552', '3595', '68', 'sub code == 200', '75', '0', '$..code', '0', '[200]', '1', '[200]', '0', null, '2020-10-26 19:01:00');
INSERT INTO `t_interface_assert_log` VALUES ('7553', '3596', '69', 'code', '75', '3', '', '0', '200', '2', '200', '0', null, '2020-10-26 19:01:00');
INSERT INTO `t_interface_assert_log` VALUES ('7554', '3598', '54', '状态码=200', '69', '3', '', '0', '200', '0', '200', '0', null, '2020-10-26 19:01:00');
INSERT INTO `t_interface_assert_log` VALUES ('7555', '3598', '55', 'username=123', '69', '0', '$..data.list[0].username', '0', '123', '1', '[\"123\"]', '0', null, '2020-10-26 19:01:00');
INSERT INTO `t_interface_assert_log` VALUES ('7556', '3595', '69', 'code', '75', '3', '', '0', '200', '2', '200', '0', null, '2020-10-26 19:01:00');
INSERT INTO `t_interface_assert_log` VALUES ('7557', '3600', '67', 'http code == 200', '75', '3', '', '0', '200', '0', '200', '0', null, '2020-10-26 19:01:00');
INSERT INTO `t_interface_assert_log` VALUES ('7558', '3601', '56', '状态码=200', '70', '3', '', '0', '200', '0', '200', '0', null, '2020-10-26 19:01:00');
INSERT INTO `t_interface_assert_log` VALUES ('7559', '3600', '68', 'sub code == 200', '75', '0', '$..code', '0', '[200]', '1', '[200]', '0', null, '2020-10-26 19:01:00');
INSERT INTO `t_interface_assert_log` VALUES ('7560', '3601', '57', 'code=200', '70', '0', '$..code', '0', '[200]', '1', '[501]', '1', null, '2020-10-26 19:01:00');
INSERT INTO `t_interface_assert_log` VALUES ('7561', '3600', '69', 'code', '75', '3', '', '0', '200', '2', '200', '0', null, '2020-10-26 19:01:00');
INSERT INTO `t_interface_assert_log` VALUES ('7562', '3597', '65', '断言id=4', '73', '0', '$..data.projectId', '0', '[4]', '0', '[4]', '0', null, '2020-10-26 19:01:00');
INSERT INTO `t_interface_assert_log` VALUES ('7563', '3599', '84', '检查用户名一致性', '82', '0', '$..data.username', '0', '123', '0', '[\"123\"]', '0', null, '2020-10-26 19:01:00');
INSERT INTO `t_interface_assert_log` VALUES ('7564', '3599', '85', '检查Content-Type', '82', '2', 'Content-Type', '0', 'Content-Type', '1', '[\"application/json\"]', '1', null, '2020-10-26 19:01:00');
INSERT INTO `t_interface_assert_log` VALUES ('7565', '3602', '67', 'http code == 200', '75', '3', '', '0', '200', '0', '200', '0', null, '2020-10-26 19:01:00');
INSERT INTO `t_interface_assert_log` VALUES ('7566', '3603', '54', '状态码=200', '69', '3', '', '0', '200', '0', '200', '0', null, '2020-10-26 19:01:00');
INSERT INTO `t_interface_assert_log` VALUES ('7567', '3602', '68', 'sub code == 200', '75', '0', '$..code', '0', '[200]', '1', '[200]', '0', null, '2020-10-26 19:01:00');
INSERT INTO `t_interface_assert_log` VALUES ('7568', '3603', '55', 'username=123', '69', '0', '$..data.list[0].username', '0', '123', '1', '[\"123\"]', '0', null, '2020-10-26 19:01:00');
INSERT INTO `t_interface_assert_log` VALUES ('7569', '3602', '69', 'code', '75', '3', '', '0', '200', '2', '200', '0', null, '2020-10-26 19:01:00');
INSERT INTO `t_interface_assert_log` VALUES ('7570', '3604', '58', '状态码=200', '71', '3', '', '0', '200', '0', '200', '0', null, '2020-10-26 19:01:00');
INSERT INTO `t_interface_assert_log` VALUES ('7571', '3604', '59', 'code=200', '71', '0', '$..code', '0', '[200]', '1', '[200]', '0', null, '2020-10-26 19:01:00');
INSERT INTO `t_interface_assert_log` VALUES ('7572', '3605', '86', 'sub code == 200', '83', '0', '$..code', '0', '200', '0', '[200]', '0', null, '2020-10-26 19:01:00');
INSERT INTO `t_interface_assert_log` VALUES ('7573', '3605', '87', '模块名称列表', '83', '0', '$..data.list[*].moduleName', '0', '[\"用户管理\",\"项目管理\"]', '1', '[\"用户管理\",\"项目管理\",\"首页\"]', '1', null, '2020-10-26 19:01:00');
INSERT INTO `t_interface_assert_log` VALUES ('7574', '3604', '60', '项目总数和数据库总数一致', '71', '0', '$..data.total', '0', '[2]', '2', '[0]', '1', null, '2020-10-26 19:01:00');
INSERT INTO `t_interface_assert_log` VALUES ('7575', '3607', '67', 'http code == 200', '75', '3', '', '0', '200', '0', '200', '0', null, '2020-10-26 19:42:24');
INSERT INTO `t_interface_assert_log` VALUES ('7576', '3608', '67', 'http code == 200', '75', '3', '', '0', '200', '0', '200', '0', null, '2020-10-26 19:42:24');
INSERT INTO `t_interface_assert_log` VALUES ('7577', '3607', '68', 'sub code == 200', '75', '0', '$..code', '0', '[200]', '1', '[200]', '0', null, '2020-10-26 19:42:24');
INSERT INTO `t_interface_assert_log` VALUES ('7578', '3608', '68', 'sub code == 200', '75', '0', '$..code', '0', '[200]', '1', '[200]', '0', null, '2020-10-26 19:42:24');
INSERT INTO `t_interface_assert_log` VALUES ('7579', '3607', '69', 'code', '75', '3', '', '0', '200', '2', '200', '0', null, '2020-10-26 19:42:24');
INSERT INTO `t_interface_assert_log` VALUES ('7580', '3609', '67', 'http code == 200', '75', '3', '', '0', '200', '0', '200', '0', null, '2020-10-26 19:42:24');
INSERT INTO `t_interface_assert_log` VALUES ('7581', '3608', '69', 'code', '75', '3', '', '0', '200', '2', '200', '0', null, '2020-10-26 19:42:24');
INSERT INTO `t_interface_assert_log` VALUES ('7582', '3609', '68', 'sub code == 200', '75', '0', '$..code', '0', '[200]', '1', '[200]', '0', null, '2020-10-26 19:42:24');
INSERT INTO `t_interface_assert_log` VALUES ('7583', '3609', '69', 'code', '75', '3', '', '0', '200', '2', '200', '0', null, '2020-10-26 19:42:24');
INSERT INTO `t_interface_assert_log` VALUES ('7584', '3610', '54', '状态码=200', '69', '3', '', '0', '200', '0', '200', '0', null, '2020-10-26 19:42:24');
INSERT INTO `t_interface_assert_log` VALUES ('7585', '3611', '67', 'http code == 200', '75', '3', '', '0', '200', '0', '200', '0', null, '2020-10-26 19:42:24');
INSERT INTO `t_interface_assert_log` VALUES ('7586', '3612', '67', 'http code == 200', '75', '3', '', '0', '200', '0', '200', '0', null, '2020-10-26 19:42:24');
INSERT INTO `t_interface_assert_log` VALUES ('7587', '3611', '68', 'sub code == 200', '75', '0', '$..code', '0', '[200]', '1', '[200]', '0', null, '2020-10-26 19:42:24');
INSERT INTO `t_interface_assert_log` VALUES ('7588', '3613', '67', 'http code == 200', '75', '3', '', '0', '200', '0', '200', '0', null, '2020-10-26 19:42:24');
INSERT INTO `t_interface_assert_log` VALUES ('7589', '3610', '55', 'username=123', '69', '0', '$..data.list[0].username', '0', '123', '1', '[\"123\"]', '0', null, '2020-10-26 19:42:24');
INSERT INTO `t_interface_assert_log` VALUES ('7590', '3614', '67', 'http code == 200', '75', '3', '', '0', '200', '0', '200', '0', null, '2020-10-26 19:42:24');
INSERT INTO `t_interface_assert_log` VALUES ('7591', '3612', '68', 'sub code == 200', '75', '0', '$..code', '0', '[200]', '1', '[200]', '0', null, '2020-10-26 19:42:24');
INSERT INTO `t_interface_assert_log` VALUES ('7592', '3611', '69', 'code', '75', '3', '', '0', '200', '2', '200', '0', null, '2020-10-26 19:42:24');
INSERT INTO `t_interface_assert_log` VALUES ('7593', '3613', '68', 'sub code == 200', '75', '0', '$..code', '0', '[200]', '1', '[200]', '0', null, '2020-10-26 19:42:24');
INSERT INTO `t_interface_assert_log` VALUES ('7594', '3614', '68', 'sub code == 200', '75', '0', '$..code', '0', '[200]', '1', '[200]', '0', null, '2020-10-26 19:42:24');
INSERT INTO `t_interface_assert_log` VALUES ('7595', '3612', '69', 'code', '75', '3', '', '0', '200', '2', '200', '0', null, '2020-10-26 19:42:24');
INSERT INTO `t_interface_assert_log` VALUES ('7596', '3613', '69', 'code', '75', '3', '', '0', '200', '2', '200', '0', null, '2020-10-26 19:42:24');
INSERT INTO `t_interface_assert_log` VALUES ('7597', '3614', '69', 'code', '75', '3', '', '0', '200', '2', '200', '0', null, '2020-10-26 19:42:24');
INSERT INTO `t_interface_assert_log` VALUES ('7598', '3615', '65', '断言id=4', '73', '0', '$..data.projectId', '0', '[4]', '0', '[4]', '0', null, '2020-10-26 19:42:24');
INSERT INTO `t_interface_assert_log` VALUES ('7599', '3618', '67', 'http code == 200', '75', '3', '', '0', '200', '0', '200', '0', null, '2020-10-26 19:42:24');
INSERT INTO `t_interface_assert_log` VALUES ('7600', '3617', '84', '检查用户名一致性', '82', '0', '$..data.username', '0', '123', '0', '[\"123\"]', '0', null, '2020-10-26 19:42:24');
INSERT INTO `t_interface_assert_log` VALUES ('7601', '3618', '68', 'sub code == 200', '75', '0', '$..code', '0', '[200]', '1', '[200]', '0', null, '2020-10-26 19:42:24');
INSERT INTO `t_interface_assert_log` VALUES ('7602', '3617', '85', '检查Content-Type', '82', '2', 'Content-Type', '0', 'Content-Type', '1', '[\"application/json\"]', '1', null, '2020-10-26 19:42:24');
INSERT INTO `t_interface_assert_log` VALUES ('7603', '3619', '86', 'sub code == 200', '83', '0', '$..code', '0', '200', '0', '[200]', '0', null, '2020-10-26 19:42:24');
INSERT INTO `t_interface_assert_log` VALUES ('7604', '3618', '69', 'code', '75', '3', '', '0', '200', '2', '200', '0', null, '2020-10-26 19:42:24');
INSERT INTO `t_interface_assert_log` VALUES ('7605', '3619', '87', '模块名称列表', '83', '0', '$..data.list[*].moduleName', '0', '[\"用户管理\",\"项目管理\"]', '1', '[\"用户管理\",\"项目管理\",\"首页\"]', '1', null, '2020-10-26 19:42:24');
INSERT INTO `t_interface_assert_log` VALUES ('7606', '3620', '56', '状态码=200', '70', '3', '', '0', '200', '0', '200', '0', null, '2020-10-26 19:42:24');
INSERT INTO `t_interface_assert_log` VALUES ('7607', '3620', '57', 'code=200', '70', '0', '$..code', '0', '[200]', '1', '[501]', '1', null, '2020-10-26 19:42:24');
INSERT INTO `t_interface_assert_log` VALUES ('7608', '3622', '67', 'http code == 200', '75', '3', '', '0', '200', '0', '200', '0', null, '2020-10-26 19:42:24');
INSERT INTO `t_interface_assert_log` VALUES ('7609', '3621', '67', 'http code == 200', '75', '3', '', '0', '200', '0', '200', '0', null, '2020-10-26 19:42:24');
INSERT INTO `t_interface_assert_log` VALUES ('7610', '3621', '68', 'sub code == 200', '75', '0', '$..code', '0', '[200]', '1', '[200]', '0', null, '2020-10-26 19:42:24');
INSERT INTO `t_interface_assert_log` VALUES ('7611', '3622', '68', 'sub code == 200', '75', '0', '$..code', '0', '[200]', '1', '[200]', '0', null, '2020-10-26 19:42:24');
INSERT INTO `t_interface_assert_log` VALUES ('7612', '3623', '54', '状态码=200', '69', '3', '', '0', '200', '0', '200', '0', null, '2020-10-26 19:42:24');
INSERT INTO `t_interface_assert_log` VALUES ('7613', '3624', '67', 'http code == 200', '75', '3', '', '0', '200', '0', '200', '0', null, '2020-10-26 19:42:24');
INSERT INTO `t_interface_assert_log` VALUES ('7614', '3621', '69', 'code', '75', '3', '', '0', '200', '2', '200', '0', null, '2020-10-26 19:42:25');
INSERT INTO `t_interface_assert_log` VALUES ('7615', '3622', '69', 'code', '75', '3', '', '0', '200', '2', '200', '0', null, '2020-10-26 19:42:25');
INSERT INTO `t_interface_assert_log` VALUES ('7616', '3624', '68', 'sub code == 200', '75', '0', '$..code', '0', '[200]', '1', '[200]', '0', null, '2020-10-26 19:42:25');
INSERT INTO `t_interface_assert_log` VALUES ('7617', '3623', '55', 'username=123', '69', '0', '$..data.list[0].username', '0', '123', '1', '[\"123\"]', '0', null, '2020-10-26 19:42:25');
INSERT INTO `t_interface_assert_log` VALUES ('7618', '3624', '69', 'code', '75', '3', '', '0', '200', '2', '200', '0', null, '2020-10-26 19:42:25');
INSERT INTO `t_interface_assert_log` VALUES ('7619', '3625', '58', '状态码=200', '71', '3', '', '0', '200', '0', '200', '0', null, '2020-10-26 19:42:25');
INSERT INTO `t_interface_assert_log` VALUES ('7620', '3626', '86', 'sub code == 200', '83', '0', '$..code', '0', '200', '0', '[200]', '0', null, '2020-10-26 19:42:25');
INSERT INTO `t_interface_assert_log` VALUES ('7621', '3625', '59', 'code=200', '71', '0', '$..code', '0', '[200]', '1', '[200]', '0', null, '2020-10-26 19:42:25');
INSERT INTO `t_interface_assert_log` VALUES ('7622', '3626', '87', '模块名称列表', '83', '0', '$..data.list[*].moduleName', '0', '[\"用户管理\",\"项目管理\"]', '1', '[\"用户管理\",\"项目管理\",\"首页\"]', '1', null, '2020-10-26 19:42:25');
INSERT INTO `t_interface_assert_log` VALUES ('7623', '3628', '56', '状态码=200', '70', '3', '', '0', '200', '0', '200', '0', null, '2020-10-26 19:42:25');
INSERT INTO `t_interface_assert_log` VALUES ('7624', '3628', '57', 'code=200', '70', '0', '$..code', '0', '[200]', '1', '[501]', '1', null, '2020-10-26 19:42:25');
INSERT INTO `t_interface_assert_log` VALUES ('7625', '3627', '84', '检查用户名一致性', '82', '0', '$..data.username', '0', '123', '0', '[\"123\"]', '0', null, '2020-10-26 19:42:25');
INSERT INTO `t_interface_assert_log` VALUES ('7626', '3627', '85', '检查Content-Type', '82', '2', 'Content-Type', '0', 'Content-Type', '1', '[\"application/json\"]', '1', null, '2020-10-26 19:42:25');
INSERT INTO `t_interface_assert_log` VALUES ('7627', '3625', '60', '项目总数和数据库总数一致', '71', '0', '$..data.total', '0', '[2]', '2', '[0]', '1', null, '2020-10-26 19:42:25');
INSERT INTO `t_interface_assert_log` VALUES ('7628', '3629', '67', 'http code == 200', '75', '3', '', '0', '200', '0', '200', '0', null, '2020-10-26 19:42:25');
INSERT INTO `t_interface_assert_log` VALUES ('7629', '3629', '68', 'sub code == 200', '75', '0', '$..code', '0', '[200]', '1', '[200]', '0', null, '2020-10-26 19:42:25');
INSERT INTO `t_interface_assert_log` VALUES ('7630', '3629', '69', 'code', '75', '3', '', '0', '200', '2', '200', '0', null, '2020-10-26 19:42:25');
INSERT INTO `t_interface_assert_log` VALUES ('7631', '3630', '67', 'http code == 200', '75', '3', '', '0', '200', '0', '200', '0', null, '2020-10-26 19:42:25');
INSERT INTO `t_interface_assert_log` VALUES ('7632', '3630', '68', 'sub code == 200', '75', '0', '$..code', '0', '[200]', '1', '[200]', '0', null, '2020-10-26 19:42:25');
INSERT INTO `t_interface_assert_log` VALUES ('7633', '3630', '69', 'code', '75', '3', '', '0', '200', '2', '200', '0', null, '2020-10-26 19:42:25');
INSERT INTO `t_interface_assert_log` VALUES ('7634', '3631', '54', '状态码=200', '69', '3', '', '0', '200', '0', '200', '0', null, '2020-10-26 19:42:25');
INSERT INTO `t_interface_assert_log` VALUES ('7635', '3631', '55', 'username=123', '69', '0', '$..data.list[0].username', '0', '123', '1', '[\"123\"]', '0', null, '2020-10-26 19:42:25');
INSERT INTO `t_interface_assert_log` VALUES ('7636', '3632', '58', '状态码=200', '71', '3', '', '0', '200', '0', '200', '0', null, '2020-10-26 19:42:25');
INSERT INTO `t_interface_assert_log` VALUES ('7637', '3632', '59', 'code=200', '71', '0', '$..code', '0', '[200]', '1', '[200]', '0', null, '2020-10-26 19:42:25');
INSERT INTO `t_interface_assert_log` VALUES ('7638', '3632', '60', '项目总数和数据库总数一致', '71', '0', '$..data.total', '0', '[2]', '2', '[0]', '1', null, '2020-10-26 19:42:25');
INSERT INTO `t_interface_assert_log` VALUES ('7639', '3633', '67', 'http code == 200', '75', '3', '', '0', '200', '0', '200', '0', null, '2020-10-26 19:48:25');
INSERT INTO `t_interface_assert_log` VALUES ('7640', '3633', '68', 'sub code == 200', '75', '0', '$..code', '0', '[200]', '1', '[200]', '0', null, '2020-10-26 19:48:25');
INSERT INTO `t_interface_assert_log` VALUES ('7641', '3633', '69', 'code', '75', '3', '', '0', '200', '2', '200', '0', null, '2020-10-26 19:48:25');
INSERT INTO `t_interface_assert_log` VALUES ('7642', '3634', '67', 'http code == 200', '75', '3', '', '0', '200', '0', '200', '0', null, '2020-10-26 19:48:26');
INSERT INTO `t_interface_assert_log` VALUES ('7643', '3634', '68', 'sub code == 200', '75', '0', '$..code', '0', '[200]', '1', '[200]', '0', null, '2020-10-26 19:48:26');
INSERT INTO `t_interface_assert_log` VALUES ('7644', '3634', '69', 'code', '75', '3', '', '0', '200', '2', '200', '0', null, '2020-10-26 19:48:26');
INSERT INTO `t_interface_assert_log` VALUES ('7645', '3635', '54', '状态码=200', '69', '3', '', '0', '200', '0', '200', '0', null, '2020-10-26 19:48:26');
INSERT INTO `t_interface_assert_log` VALUES ('7646', '3635', '55', 'username=123', '69', '0', '$..data.list[0].username', '0', '123', '1', '[\"123\"]', '0', null, '2020-10-26 19:48:26');
INSERT INTO `t_interface_assert_log` VALUES ('7647', '3636', '58', '状态码=200', '71', '3', '', '0', '200', '0', '200', '0', null, '2020-10-26 19:48:26');
INSERT INTO `t_interface_assert_log` VALUES ('7648', '3636', '59', 'code=200', '71', '0', '$..code', '0', '[200]', '1', '[200]', '0', null, '2020-10-26 19:48:26');
INSERT INTO `t_interface_assert_log` VALUES ('7649', '3636', '60', '项目总数和数据库总数一致', '71', '0', '$..data.total', '0', '[2]', '2', '[0]', '1', null, '2020-10-26 19:48:26');
INSERT INTO `t_interface_assert_log` VALUES ('7650', '3637', '67', 'http code == 200', '75', '3', '', '0', '200', '0', '200', '0', null, '2020-10-26 19:48:26');
INSERT INTO `t_interface_assert_log` VALUES ('7651', '3637', '68', 'sub code == 200', '75', '0', '$..code', '0', '[200]', '1', '[200]', '0', null, '2020-10-26 19:48:26');
INSERT INTO `t_interface_assert_log` VALUES ('7652', '3637', '69', 'code', '75', '3', '', '0', '200', '2', '200', '0', null, '2020-10-26 19:48:26');
INSERT INTO `t_interface_assert_log` VALUES ('7653', '3638', '67', 'http code == 200', '75', '3', '', '0', '200', '0', '200', '0', null, '2020-10-26 19:48:26');
INSERT INTO `t_interface_assert_log` VALUES ('7654', '3638', '68', 'sub code == 200', '75', '0', '$..code', '0', '[200]', '1', '[200]', '0', null, '2020-10-26 19:48:26');
INSERT INTO `t_interface_assert_log` VALUES ('7655', '3638', '69', 'code', '75', '3', '', '0', '200', '2', '200', '0', null, '2020-10-26 19:48:26');
INSERT INTO `t_interface_assert_log` VALUES ('7656', '3639', '54', '状态码=200', '69', '3', '', '0', '200', '0', '200', '0', null, '2020-10-26 19:48:26');
INSERT INTO `t_interface_assert_log` VALUES ('7657', '3639', '55', 'username=123', '69', '0', '$..data.list[0].username', '0', '123', '1', '[\"123\"]', '0', null, '2020-10-26 19:48:26');
INSERT INTO `t_interface_assert_log` VALUES ('7658', '3640', '58', '状态码=200', '71', '3', '', '0', '200', '0', '200', '0', null, '2020-10-26 19:48:26');
INSERT INTO `t_interface_assert_log` VALUES ('7659', '3640', '59', 'code=200', '71', '0', '$..code', '0', '[200]', '1', '[200]', '0', null, '2020-10-26 19:48:26');
INSERT INTO `t_interface_assert_log` VALUES ('7660', '3640', '60', '项目总数和数据库总数一致', '71', '0', '$..data.total', '0', '[2]', '2', '[0]', '1', null, '2020-10-26 19:48:26');
INSERT INTO `t_interface_assert_log` VALUES ('7661', '3641', '67', 'http code == 200', '75', '3', '', '0', '200', '0', '200', '0', null, '2020-10-26 19:48:41');
INSERT INTO `t_interface_assert_log` VALUES ('7662', '3641', '68', 'sub code == 200', '75', '0', '$..code', '0', '[200]', '1', '[200]', '0', null, '2020-10-26 19:48:41');
INSERT INTO `t_interface_assert_log` VALUES ('7663', '3641', '69', 'code', '75', '3', '', '0', '200', '2', '200', '0', null, '2020-10-26 19:48:41');
INSERT INTO `t_interface_assert_log` VALUES ('7664', '3642', '67', 'http code == 200', '75', '3', '', '0', '200', '0', '200', '0', null, '2020-10-26 19:48:41');
INSERT INTO `t_interface_assert_log` VALUES ('7665', '3642', '68', 'sub code == 200', '75', '0', '$..code', '0', '[200]', '1', '[200]', '0', null, '2020-10-26 19:48:41');
INSERT INTO `t_interface_assert_log` VALUES ('7666', '3642', '69', 'code', '75', '3', '', '0', '200', '2', '200', '0', null, '2020-10-26 19:48:41');
INSERT INTO `t_interface_assert_log` VALUES ('7667', '3643', '54', '状态码=200', '69', '3', '', '0', '200', '0', '200', '0', null, '2020-10-26 19:48:41');
INSERT INTO `t_interface_assert_log` VALUES ('7668', '3643', '55', 'username=123', '69', '0', '$..data.list[0].username', '0', '123', '1', '[\"123\"]', '0', null, '2020-10-26 19:48:41');
INSERT INTO `t_interface_assert_log` VALUES ('7669', '3644', '58', '状态码=200', '71', '3', '', '0', '200', '0', '200', '0', null, '2020-10-26 19:48:41');
INSERT INTO `t_interface_assert_log` VALUES ('7670', '3644', '59', 'code=200', '71', '0', '$..code', '0', '[200]', '1', '[200]', '0', null, '2020-10-26 19:48:41');
INSERT INTO `t_interface_assert_log` VALUES ('7671', '3644', '60', '项目总数和数据库总数一致', '71', '0', '$..data.total', '0', '[2]', '2', '[0]', '1', null, '2020-10-26 19:48:41');
INSERT INTO `t_interface_assert_log` VALUES ('7672', '3645', '67', 'http code == 200', '75', '3', '', '0', '200', '0', '200', '0', null, '2020-10-26 19:48:41');
INSERT INTO `t_interface_assert_log` VALUES ('7673', '3645', '68', 'sub code == 200', '75', '0', '$..code', '0', '[200]', '1', '[200]', '0', null, '2020-10-26 19:48:41');
INSERT INTO `t_interface_assert_log` VALUES ('7674', '3645', '69', 'code', '75', '3', '', '0', '200', '2', '200', '0', null, '2020-10-26 19:48:41');
INSERT INTO `t_interface_assert_log` VALUES ('7675', '3646', '67', 'http code == 200', '75', '3', '', '0', '200', '0', '200', '0', null, '2020-10-26 19:48:41');
INSERT INTO `t_interface_assert_log` VALUES ('7676', '3646', '68', 'sub code == 200', '75', '0', '$..code', '0', '[200]', '1', '[200]', '0', null, '2020-10-26 19:48:41');
INSERT INTO `t_interface_assert_log` VALUES ('7677', '3646', '69', 'code', '75', '3', '', '0', '200', '2', '200', '0', null, '2020-10-26 19:48:41');
INSERT INTO `t_interface_assert_log` VALUES ('7678', '3647', '54', '状态码=200', '69', '3', '', '0', '200', '0', '200', '0', null, '2020-10-26 19:48:41');
INSERT INTO `t_interface_assert_log` VALUES ('7679', '3647', '55', 'username=123', '69', '0', '$..data.list[0].username', '0', '123', '1', '[\"123\"]', '0', null, '2020-10-26 19:48:41');
INSERT INTO `t_interface_assert_log` VALUES ('7680', '3648', '58', '状态码=200', '71', '3', '', '0', '200', '0', '200', '0', null, '2020-10-26 19:48:41');
INSERT INTO `t_interface_assert_log` VALUES ('7681', '3648', '59', 'code=200', '71', '0', '$..code', '0', '[200]', '1', '[200]', '0', null, '2020-10-26 19:48:41');
INSERT INTO `t_interface_assert_log` VALUES ('7682', '3648', '60', '项目总数和数据库总数一致', '71', '0', '$..data.total', '0', '[2]', '2', '[0]', '1', null, '2020-10-26 19:48:41');

-- ----------------------------
-- Table structure for t_interface_case
-- ----------------------------
DROP TABLE IF EXISTS `t_interface_case`;
CREATE TABLE `t_interface_case` (
  `project_id` int DEFAULT NULL COMMENT '项目名称',
  `module_id` int DEFAULT NULL COMMENT '模块编号',
  `case_id` int NOT NULL AUTO_INCREMENT COMMENT '用例编号',
  `url` varchar(200) DEFAULT NULL COMMENT '请求地址',
  `method` tinyint(1) DEFAULT NULL COMMENT '请求方式  0get,1post,2update,3put,4delete',
  `desc` varchar(100) DEFAULT NULL COMMENT '用例描述',
  `level` tinyint DEFAULT NULL COMMENT '用例级别0高，1中，2低',
  `doc` varchar(200) DEFAULT NULL COMMENT '接口文档地址',
  `headers` varchar(1000) DEFAULT NULL COMMENT '请求头',
  `params` varchar(1000) DEFAULT NULL COMMENT '请求参数',
  `data` varchar(1000) DEFAULT NULL COMMENT '请求formdata',
  `json` varchar(1000) DEFAULT NULL COMMENT '请求json',
  `creater` varchar(20) DEFAULT NULL COMMENT '用例创建人',
  `created_time` datetime DEFAULT NULL COMMENT '创建日期',
  `update_time` datetime DEFAULT NULL COMMENT '修改日期',
  PRIMARY KEY (`case_id`)
) ENGINE=InnoDB AUTO_INCREMENT=89 DEFAULT CHARSET=utf8;

-- ----------------------------
-- Records of t_interface_case
-- ----------------------------
INSERT INTO `t_interface_case` VALUES ('4', '6', '69', 'user/list', '0', '查看所有的用户列表', '1', null, '{\"Token\":\"${Token}\"}', '', null, null, '1', '2020-09-26 21:14:31', '2020-10-26 17:23:07');
INSERT INTO `t_interface_case` VALUES ('4', '6', '70', 'user/save', '1', '添加用户', '0', null, '{\"Token\":\"${Token}\"}', '', '{\"username\":\"${timestamp()}\",\"password\":\"123\",\"sex\":0}', null, '1', '2020-09-26 21:19:49', '2020-10-25 12:48:23');
INSERT INTO `t_interface_case` VALUES ('4', '7', '71', 'project/list', '0', '查看项目列表', '0', null, '{\"Token\":\"${Token}\"}', '{\"name\":\"${contentType[0]}\"}', null, null, '1', '2020-09-26 21:29:42', '2020-10-13 21:37:36');
INSERT INTO `t_interface_case` VALUES ('4', '7', '73', 'project/info', '0', '查看项目详情', '1', null, '{\"Token\":\"${Token}\"}', '{\"projectId\":\"4\"}', null, null, '1', '2020-10-01 21:56:05', '2020-10-06 20:13:06');
INSERT INTO `t_interface_case` VALUES ('4', '6', '75', '/user/login', '1', '用户登录', '0', null, '', '{\"username\":\"123\",\"password\":\"123\"}', '', null, '1', '2020-10-06 20:11:18', '2020-10-09 18:21:20');
INSERT INTO `t_interface_case` VALUES ('4', '6', '82', 'user/info/{userId}', '0', '获取用户详情', '0', null, '{\"Token\":\"${Token}\"}', '{\"userId\":\"1\"}', '', null, '超级管理员', '2020-10-19 11:27:37', '2020-10-19 14:48:07');
INSERT INTO `t_interface_case` VALUES ('4', '7', '83', '/module/list', '0', '获取模块列表', '0', null, '{\"Token\":\"${Token}\"}', '', null, null, '超级管理员', '2020-10-19 14:54:24', '2020-10-19 15:01:42');
INSERT INTO `t_interface_case` VALUES ('19', '8', '88', '/', '0', '查看首页', '1', null, '', '', null, null, '超级管理员', '2020-10-22 19:08:48', '2020-10-22 19:08:48');

-- ----------------------------
-- Table structure for t_interface_case_execute_log
-- ----------------------------
DROP TABLE IF EXISTS `t_interface_case_execute_log`;
CREATE TABLE `t_interface_case_execute_log` (
  `id` int NOT NULL AUTO_INCREMENT COMMENT '用例执行日志id',
  `case_id` int DEFAULT NULL COMMENT '用例id',
  `case_desc` varchar(100) DEFAULT NULL COMMENT '用例描述',
  `case_url` varchar(300) DEFAULT NULL COMMENT '请求地址',
  `request_headers` varchar(1000) DEFAULT NULL COMMENT '请求头',
  `request_params` varchar(1000) DEFAULT NULL COMMENT '请求参数',
  `request_data` varchar(1000) DEFAULT NULL COMMENT '请求formdata',
  `request_json` varchar(1000) DEFAULT NULL,
  `response_code` int DEFAULT NULL COMMENT '响应状态码',
  `response_headers` mediumtext CHARACTER SET utf8 COLLATE utf8_general_ci COMMENT '响应头',
  `response_body` mediumtext COMMENT '响应正文',
  `run_time` int DEFAULT NULL COMMENT '运行时长ms',
  `executer` varchar(10) CHARACTER SET utf8 COLLATE utf8_general_ci DEFAULT NULL COMMENT '执行人',
  `status` tinyint DEFAULT NULL COMMENT '运行结果 0成功 1失败 2错误',
  `created_time` datetime DEFAULT NULL COMMENT '执行时间',
  `error_message` mediumtext CHARACTER SET utf8 COLLATE utf8_general_ci COMMENT '执行失败异常错误信息',
  `suite_log_no` varchar(50) CHARACTER SET utf8 COLLATE utf8_general_ci DEFAULT NULL COMMENT '测试套件执行日志编号',
  `suite_log_detail_no` varchar(51) CHARACTER SET utf8 COLLATE utf8_general_ci DEFAULT NULL COMMENT '测试套件执行日志编号(可记录接口依赖的case)',
  `chain` varchar(200) DEFAULT NULL COMMENT '日志执行调用链list',
  `is_failed_retry` tinyint DEFAULT NULL COMMENT '是否为失败重跑用例0是1否',
  PRIMARY KEY (`id`)
) ENGINE=InnoDB AUTO_INCREMENT=3649 DEFAULT CHARSET=utf8;

-- ----------------------------
-- Records of t_interface_case_execute_log
-- ----------------------------
INSERT INTO `t_interface_case_execute_log` VALUES ('3591', '75', '用户登录', 'http://localhost:7777//user/login', '', '{\"username\":\"123\",\"password\":\"123\"}', '', null, '200', '{\"Vary\":[\"Origin\",\"Access-Control-Request-Method\",\"Access-Control-Request-Headers\"],\"Content-Type\":[\"application/json\"],\"Transfer-Encoding\":[\"chunked\"],\"Date\":[\"Mon, 26 Oct 2020 11:00:58 GMT\"],\"Keep-Alive\":[\"timeout=60\"],\"Connection\":[\"keep-alive\"]}', '{\"code\":200,\"msg\":\"登录成功\",\"data\":{\"realName\":\"超级管理员\",\"userId\":1,\"token\":\"f61980c4-107b-4e33-885b-319eaeeddfb8\",\"username\":\"123\",\"isEnable\":1}}', '72', '系统调度', '0', '2020-10-26 19:00:59', null, null, 'SND20201026190058XTCTD45315', '[]', '1');
INSERT INTO `t_interface_case_execute_log` VALUES ('3592', '75', '用户登录', 'http://localhost:7777//user/login', '', '{\"username\":\"123\",\"password\":\"123\"}', '', null, '200', '{\"Vary\":[\"Origin\",\"Access-Control-Request-Method\",\"Access-Control-Request-Headers\"],\"Content-Type\":[\"application/json\"],\"Transfer-Encoding\":[\"chunked\"],\"Date\":[\"Mon, 26 Oct 2020 11:00:58 GMT\"],\"Keep-Alive\":[\"timeout=60\"],\"Connection\":[\"keep-alive\"]}', '{\"code\":200,\"msg\":\"登录成功\",\"data\":{\"realName\":\"超级管理员\",\"userId\":1,\"token\":\"783d604f-d0cd-42da-9c28-a215f23d2f0e\",\"username\":\"123\",\"isEnable\":1}}', '74', '超级管理员', '0', '2020-10-26 19:00:59', null, 'SN20201026190058XTCTD45315', 'SND20201026190058XTCTD45315', '[]', '1');
INSERT INTO `t_interface_case_execute_log` VALUES ('3593', '75', '用户登录', 'http://localhost:7777//user/login', '', '{\"username\":\"123\",\"password\":\"123\"}', '', null, '200', '{\"Vary\":[\"Origin\",\"Access-Control-Request-Method\",\"Access-Control-Request-Headers\"],\"Content-Type\":[\"application/json\"],\"Transfer-Encoding\":[\"chunked\"],\"Date\":[\"Mon, 26 Oct 2020 11:00:58 GMT\"],\"Keep-Alive\":[\"timeout=60\"],\"Connection\":[\"keep-alive\"]}', '{\"code\":200,\"msg\":\"登录成功\",\"data\":{\"realName\":\"超级管理员\",\"userId\":1,\"token\":\"dccba391-d2fa-4772-9807-b48b14cb740f\",\"username\":\"123\",\"isEnable\":1}}', '73', '系统调度', '0', '2020-10-26 19:00:59', null, null, 'SND20201026190058XTCTD45315', '[]', '1');
INSERT INTO `t_interface_case_execute_log` VALUES ('3594', '75', '用户登录', 'http://localhost:7777//user/login', '', '{\"username\":\"123\",\"password\":\"123\"}', '', null, '200', '{\"Vary\":[\"Origin\",\"Access-Control-Request-Method\",\"Access-Control-Request-Headers\"],\"Content-Type\":[\"application/json\"],\"Transfer-Encoding\":[\"chunked\"],\"Date\":[\"Mon, 26 Oct 2020 11:00:58 GMT\"],\"Keep-Alive\":[\"timeout=60\"],\"Connection\":[\"keep-alive\"]}', '{\"code\":200,\"msg\":\"登录成功\",\"data\":{\"realName\":\"超级管理员\",\"userId\":1,\"token\":\"361cc31d-81b8-4f87-943f-f0de08dd24e3\",\"username\":\"123\",\"isEnable\":1}}', '74', '系统调度', '0', '2020-10-26 19:00:59', null, null, 'SND20201026190058XTCTD45315', '[]', '1');
INSERT INTO `t_interface_case_execute_log` VALUES ('3595', '75', '用户登录', 'http://localhost:7777//user/login', '', '{\"username\":\"123\",\"password\":\"123\"}', '', null, '200', '{\"Vary\":[\"Origin\",\"Access-Control-Request-Method\",\"Access-Control-Request-Headers\"],\"Content-Type\":[\"application/json\"],\"Transfer-Encoding\":[\"chunked\"],\"Date\":[\"Mon, 26 Oct 2020 11:00:58 GMT\"],\"Keep-Alive\":[\"timeout=60\"],\"Connection\":[\"keep-alive\"]}', '{\"code\":200,\"msg\":\"登录成功\",\"data\":{\"realName\":\"超级管理员\",\"userId\":1,\"token\":\"936e3317-a9f8-4abc-8910-26c4516415a0\",\"username\":\"123\",\"isEnable\":1}}', '29', '系统调度', '0', '2020-10-26 19:01:00', null, null, 'SND20201026190058XTCTD45315', '[]', '1');
INSERT INTO `t_interface_case_execute_log` VALUES ('3596', '75', '用户登录', 'http://localhost:7777//user/login', '', '{\"username\":\"123\",\"password\":\"123\"}', '', null, '200', '{\"Vary\":[\"Origin\",\"Access-Control-Request-Method\",\"Access-Control-Request-Headers\"],\"Content-Type\":[\"application/json\"],\"Transfer-Encoding\":[\"chunked\"],\"Date\":[\"Mon, 26 Oct 2020 11:00:58 GMT\"],\"Keep-Alive\":[\"timeout=60\"],\"Connection\":[\"keep-alive\"]}', '{\"code\":200,\"msg\":\"登录成功\",\"data\":{\"realName\":\"超级管理员\",\"userId\":1,\"token\":\"e268257f-778d-4f40-9cd0-fbc0c866a2bc\",\"username\":\"123\",\"isEnable\":1}}', '24', '系统调度', '0', '2020-10-26 19:01:00', null, null, 'SND20201026190058XTCTD45315', '[]', '1');
INSERT INTO `t_interface_case_execute_log` VALUES ('3597', '73', '查看项目详情', 'http://localhost:7777/project/info', '{\"Token\":\"dccba391-d2fa-4772-9807-b48b14cb740f\"}', '{\"projectId\":\"4\"}', null, null, '200', '{\"Vary\":[\"Origin\",\"Access-Control-Request-Method\",\"Access-Control-Request-Headers\"],\"Content-Type\":[\"application/json\"],\"Transfer-Encoding\":[\"chunked\"],\"Date\":[\"Mon, 26 Oct 2020 11:00:58 GMT\"],\"Keep-Alive\":[\"timeout=60\"],\"Connection\":[\"keep-alive\"]}', '{\"code\":200,\"msg\":\"操作成功\",\"data\":{\"projectId\":4,\"name\":\"自动化平台接口\",\"desc\":\"描述\",\"domain\":\"http://localhost:7777/\",\"devDomain\":\"http://localhost:7777/\",\"testDomain\":\"http://localhost:7777/\",\"stgDomain\":\"http://localhost:7777/\",\"prodDomain\":\"http://localhost:7777/\",\"createdTime\":\"2020-07-29 16:26:54\",\"updateTime\":\"2020-07-29 16:26:58\"}}', '45', '超级管理员', '0', '2020-10-26 19:01:00', null, 'SN20201026190058XTCTD45315', 'SND20201026190058XTCTD45315', '[3593]', '1');
INSERT INTO `t_interface_case_execute_log` VALUES ('3598', '69', '查看所有的用户列表', 'http://localhost:7777/user/list', '{\"Token\":\"361cc31d-81b8-4f87-943f-f0de08dd24e3\"}', '', null, null, '200', '{\"Vary\":[\"Origin\",\"Access-Control-Request-Method\",\"Access-Control-Request-Headers\"],\"Content-Type\":[\"application/json\"],\"Transfer-Encoding\":[\"chunked\"],\"Date\":[\"Mon, 26 Oct 2020 11:00:58 GMT\"],\"Keep-Alive\":[\"timeout=60\"],\"Connection\":[\"keep-alive\"]}', '{\"code\":200,\"msg\":\"操作成功\",\"data\":{\"pageNum\":1,\"pageSize\":10,\"size\":10,\"startRow\":1,\"endRow\":10,\"total\":145,\"pages\":15,\"list\":[{\"userId\":1,\"username\":\"123\",\"password\":null,\"jobNumber\":\"1\",\"sex\":1,\"isEnable\":1,\"createdTime\":\"2020-10-06 22:43:09\",\"updateTime\":null,\"realName\":\"超级管理员\",\"roleId\":null},{\"userId\":85,\"username\":\"1602325168471\",\"password\":null,\"jobNumber\":\"\",\"sex\":0,\"isEnable\":0,\"createdTime\":\"2020-10-10 18:19:29\",\"updateTime\":null,\"realName\":\"\",\"roleId\":null},{\"userId\":87,\"username\":\"1602325191328\",\"password\":null,\"jobNumber\":null,\"sex\":0,\"isEnable\":1,\"createdTime\":\"2020-10-10 18:19:51\",\"updateTime\":null,\"realName\":null,\"roleId\":null},{\"userId\":88,\"username\":\"1602325191516\",\"password\":null,\"jobNumber\":null,\"sex\":0,\"isEnable\":1,\"createdTime\":\"2020-10-10 18:19:52\",\"updateTime\":null,\"realName\":null,\"roleId\":null},{\"userId\":89,\"username\":\"1602325191701\",\"password\":null,\"jobNumber\":null,\"sex\":0,\"isEnable\":1,\"createdTime\":\"2020-10-10 18:19:52\",\"updateTime\":null,\"realName\":null,\"roleId\":null},{\"userId\":90,\"username\":\"1602325191893\",\"password\":null,\"jobNumber\":null,\"sex\":0,\"isEnable\":1,\"createdTime\":\"2020-10-10 18:19:52\",\"updateTime\":null,\"realName\":null,\"roleId\":null},{\"userId\":91,\"username\":\"1602325192243\",\"password\":null,\"jobNumber\":null,\"sex\":0,\"isEnable\":1,\"createdTime\":\"2020-10-10 18:19:52\",\"updateTime\":null,\"realName\":null,\"roleId\":null},{\"userId\":92,\"username\":\"1602325192428\",\"password\":null,\"jobNumber\":null,\"sex\":0,\"isEnable\":1,\"createdTime\":\"2020-10-10 18:19:52\",\"updateTime\":null,\"realName\":null,\"roleId\":null},{\"userId\":93,\"username\":\"1602325192600\",\"password\":null,\"jobNumber\":null,\"sex\":0,\"isEnable\":1,\"createdTime\":\"2020-10-10 18:19:53\",\"updateTime\":null,\"realName\":null,\"roleId\":null},{\"userId\":94,\"username\":\"1602497208464\",\"password\":null,\"jobNumber\":null,\"sex\":0,\"isEnable\":1,\"createdTime\":\"2020-10-12 18:06:49\",\"updateTime\":null,\"realName\":null,\"roleId\":null}],\"prePage\":0,\"nextPage\":2,\"isFirstPage\":true,\"isLastPage\":false,\"hasPreviousPage\":false,\"hasNextPage\":true,\"navigatePages\":8,\"navigatepageNums\":[1,2,3,4,5,6,7,8],\"navigateFirstPage\":1,\"navigateLastPage\":8,\"firstPage\":1,\"lastPage\":8}}', '66', '超级管理员', '0', '2020-10-26 19:01:00', null, 'SN20201026190058XTCTD45315', 'SND20201026190058XTCTD45315', '[3594]', '1');
INSERT INTO `t_interface_case_execute_log` VALUES ('3599', '82', '获取用户详情', 'http://localhost:7777/user/info/{userId}', '{\"Token\":\"e268257f-778d-4f40-9cd0-fbc0c866a2bc\"}', '{\"userId\":\"1\"}', '', null, '200', '{\"Vary\":[\"Origin\",\"Access-Control-Request-Method\",\"Access-Control-Request-Headers\"],\"Content-Type\":[\"application/json\"],\"Transfer-Encoding\":[\"chunked\"],\"Date\":[\"Mon, 26 Oct 2020 11:00:58 GMT\"],\"Keep-Alive\":[\"timeout=60\"],\"Connection\":[\"keep-alive\"]}', '{\"code\":200,\"msg\":\"操作成功\",\"data\":{\"userId\":1,\"username\":\"123\",\"password\":\"123\",\"jobNumber\":\"1\",\"sex\":1,\"isEnable\":1,\"createdTime\":null,\"updateTime\":null,\"realName\":\"超级管理员\",\"roleId\":0}}', '11', '超级管理员', '1', '2020-10-26 19:01:00', null, 'SN20201026190058XTCTD45315', 'SND20201026190058XTCTD45315', '[3596]', '1');
INSERT INTO `t_interface_case_execute_log` VALUES ('3600', '75', '用户登录', 'http://localhost:7777//user/login', '', '{\"username\":\"123\",\"password\":\"123\"}', '', null, '200', '{\"Vary\":[\"Origin\",\"Access-Control-Request-Method\",\"Access-Control-Request-Headers\"],\"Content-Type\":[\"application/json\"],\"Transfer-Encoding\":[\"chunked\"],\"Date\":[\"Mon, 26 Oct 2020 11:00:58 GMT\"],\"Keep-Alive\":[\"timeout=60\"],\"Connection\":[\"keep-alive\"]}', '{\"code\":200,\"msg\":\"登录成功\",\"data\":{\"realName\":\"超级管理员\",\"userId\":1,\"token\":\"1514e4e8-ddd7-470c-9e87-90c6e4300f5a\",\"username\":\"123\",\"isEnable\":1}}', '9', '系统调度', '0', '2020-10-26 19:01:00', null, null, 'SND20201026190058XTCTD45315', '[3595]', '1');
INSERT INTO `t_interface_case_execute_log` VALUES ('3601', '70', '添加用户', 'http://localhost:7777/user/save', '{\"Token\":\"f61980c4-107b-4e33-885b-319eaeeddfb8\"}', '', '{\"username\":\"1603710059550\",\"password\":\"123\",\"sex\":0}', null, '200', '{\"Vary\":[\"Origin\",\"Access-Control-Request-Method\",\"Access-Control-Request-Headers\"],\"Content-Type\":[\"application/json\"],\"Transfer-Encoding\":[\"chunked\"],\"Date\":[\"Mon, 26 Oct 2020 11:00:58 GMT\"],\"Keep-Alive\":[\"timeout=60\"],\"Connection\":[\"keep-alive\"]}', '{\"code\":501,\"msg\":\"真实姓名不能为空\",\"data\":{}}', '197', '超级管理员', '1', '2020-10-26 19:01:00', null, 'SN20201026190058XTCTD45315', 'SND20201026190058XTCTD45315', '[3591]', '1');
INSERT INTO `t_interface_case_execute_log` VALUES ('3602', '75', '用户登录', 'http://localhost:7777//user/login', '', '{\"username\":\"123\",\"password\":\"123\"}', '', null, '200', '{\"Vary\":[\"Origin\",\"Access-Control-Request-Method\",\"Access-Control-Request-Headers\"],\"Content-Type\":[\"application/json\"],\"Transfer-Encoding\":[\"chunked\"],\"Date\":[\"Mon, 26 Oct 2020 11:00:58 GMT\"],\"Keep-Alive\":[\"timeout=60\"],\"Connection\":[\"keep-alive\"]}', '{\"code\":200,\"msg\":\"登录成功\",\"data\":{\"realName\":\"超级管理员\",\"userId\":1,\"token\":\"b853a6f7-22b9-42db-b261-9b60f429c85f\",\"username\":\"123\",\"isEnable\":1}}', '9', '系统调度', '0', '2020-10-26 19:01:00', null, null, 'SND20201026190058XTCTD45315', '[]', '1');
INSERT INTO `t_interface_case_execute_log` VALUES ('3603', '69', '查看所有的用户列表', 'http://localhost:7777/user/list', '{\"Token\":\"1514e4e8-ddd7-470c-9e87-90c6e4300f5a\"}', '', null, null, '200', '{\"Vary\":[\"Origin\",\"Access-Control-Request-Method\",\"Access-Control-Request-Headers\"],\"Content-Type\":[\"application/json\"],\"Transfer-Encoding\":[\"chunked\"],\"Date\":[\"Mon, 26 Oct 2020 11:00:58 GMT\"],\"Keep-Alive\":[\"timeout=60\"],\"Connection\":[\"keep-alive\"]}', '{\"code\":200,\"msg\":\"操作成功\",\"data\":{\"pageNum\":1,\"pageSize\":10,\"size\":10,\"startRow\":1,\"endRow\":10,\"total\":145,\"pages\":15,\"list\":[{\"userId\":1,\"username\":\"123\",\"password\":null,\"jobNumber\":\"1\",\"sex\":1,\"isEnable\":1,\"createdTime\":\"2020-10-06 22:43:09\",\"updateTime\":null,\"realName\":\"超级管理员\",\"roleId\":null},{\"userId\":85,\"username\":\"1602325168471\",\"password\":null,\"jobNumber\":\"\",\"sex\":0,\"isEnable\":0,\"createdTime\":\"2020-10-10 18:19:29\",\"updateTime\":null,\"realName\":\"\",\"roleId\":null},{\"userId\":87,\"username\":\"1602325191328\",\"password\":null,\"jobNumber\":null,\"sex\":0,\"isEnable\":1,\"createdTime\":\"2020-10-10 18:19:51\",\"updateTime\":null,\"realName\":null,\"roleId\":null},{\"userId\":88,\"username\":\"1602325191516\",\"password\":null,\"jobNumber\":null,\"sex\":0,\"isEnable\":1,\"createdTime\":\"2020-10-10 18:19:52\",\"updateTime\":null,\"realName\":null,\"roleId\":null},{\"userId\":89,\"username\":\"1602325191701\",\"password\":null,\"jobNumber\":null,\"sex\":0,\"isEnable\":1,\"createdTime\":\"2020-10-10 18:19:52\",\"updateTime\":null,\"realName\":null,\"roleId\":null},{\"userId\":90,\"username\":\"1602325191893\",\"password\":null,\"jobNumber\":null,\"sex\":0,\"isEnable\":1,\"createdTime\":\"2020-10-10 18:19:52\",\"updateTime\":null,\"realName\":null,\"roleId\":null},{\"userId\":91,\"username\":\"1602325192243\",\"password\":null,\"jobNumber\":null,\"sex\":0,\"isEnable\":1,\"createdTime\":\"2020-10-10 18:19:52\",\"updateTime\":null,\"realName\":null,\"roleId\":null},{\"userId\":92,\"username\":\"1602325192428\",\"password\":null,\"jobNumber\":null,\"sex\":0,\"isEnable\":1,\"createdTime\":\"2020-10-10 18:19:52\",\"updateTime\":null,\"realName\":null,\"roleId\":null},{\"userId\":93,\"username\":\"1602325192600\",\"password\":null,\"jobNumber\":null,\"sex\":0,\"isEnable\":1,\"createdTime\":\"2020-10-10 18:19:53\",\"updateTime\":null,\"realName\":null,\"roleId\":null},{\"userId\":94,\"username\":\"1602497208464\",\"password\":null,\"jobNumber\":null,\"sex\":0,\"isEnable\":1,\"createdTime\":\"2020-10-12 18:06:49\",\"updateTime\":null,\"realName\":null,\"roleId\":null}],\"prePage\":0,\"nextPage\":2,\"isFirstPage\":true,\"isLastPage\":false,\"hasPreviousPage\":false,\"hasNextPage\":true,\"navigatePages\":8,\"navigatepageNums\":[1,2,3,4,5,6,7,8],\"navigateFirstPage\":1,\"navigateLastPage\":8,\"firstPage\":1,\"lastPage\":8}}', '25', '系统调度', '0', '2020-10-26 19:01:00', null, null, 'SND20201026190058XTCTD45315', '[3595, 3600]', '1');
INSERT INTO `t_interface_case_execute_log` VALUES ('3604', '71', '查看项目列表', 'http://localhost:7777/project/list', '{\"Token\":\"936e3317-a9f8-4abc-8910-26c4516415a0\"}', '{\"name\":\"application/json\"}', null, null, '200', '{\"Vary\":[\"Origin\",\"Access-Control-Request-Method\",\"Access-Control-Request-Headers\"],\"Content-Type\":[\"application/json\"],\"Transfer-Encoding\":[\"chunked\"],\"Date\":[\"Mon, 26 Oct 2020 11:00:58 GMT\"],\"Keep-Alive\":[\"timeout=60\"],\"Connection\":[\"keep-alive\"]}', '{\"code\":200,\"msg\":\"操作成功\",\"data\":{\"pageNum\":0,\"pageSize\":10,\"size\":0,\"startRow\":0,\"endRow\":0,\"total\":0,\"pages\":0,\"list\":[],\"prePage\":0,\"nextPage\":0,\"isFirstPage\":false,\"isLastPage\":true,\"hasPreviousPage\":false,\"hasNextPage\":false,\"navigatePages\":8,\"navigatepageNums\":[],\"navigateFirstPage\":0,\"navigateLastPage\":0,\"firstPage\":0,\"lastPage\":0}}', '8', '超级管理员', '1', '2020-10-26 19:01:00', null, 'SN20201026190058XTCTD45315', 'SND20201026190058XTCTD45315', '[3595, 3600, 3603]', '1');
INSERT INTO `t_interface_case_execute_log` VALUES ('3605', '83', '获取模块列表', 'http://localhost:7777//module/list', '{\"Token\":\"b853a6f7-22b9-42db-b261-9b60f429c85f\"}', '', null, null, '200', '{\"Vary\":[\"Origin\",\"Access-Control-Request-Method\",\"Access-Control-Request-Headers\"],\"Content-Type\":[\"application/json\"],\"Transfer-Encoding\":[\"chunked\"],\"Date\":[\"Mon, 26 Oct 2020 11:00:58 GMT\"],\"Keep-Alive\":[\"timeout=60\"],\"Connection\":[\"keep-alive\"]}', '{\"code\":200,\"msg\":\"操作成功\",\"data\":{\"pageNum\":1,\"pageSize\":10,\"size\":3,\"startRow\":1,\"endRow\":3,\"total\":3,\"pages\":1,\"list\":[{\"projectId\":4,\"projectName\":\"自动化平台接口\",\"moduleId\":6,\"moduleName\":\"用户管理\",\"desc\":null,\"createdTime\":\"2020-09-26 21:13:27\",\"updateTime\":\"2020-09-26 21:13:27\"},{\"projectId\":4,\"projectName\":\"自动化平台接口\",\"moduleId\":7,\"moduleName\":\"项目管理\",\"desc\":null,\"createdTime\":\"2020-09-26 21:23:36\",\"updateTime\":\"2020-09-26 21:23:36\"},{\"projectId\":19,\"projectName\":\"美德网\",\"moduleId\":8,\"moduleName\":\"首页\",\"desc\":null,\"createdTime\":\"2020-10-22 19:08:11\",\"updateTime\":\"2020-10-22 19:08:11\"}],\"prePage\":0,\"nextPage\":0,\"isFirstPage\":true,\"isLastPage\":true,\"hasPreviousPage\":false,\"hasNextPage\":false,\"navigatePages\":8,\"navigatepageNums\":[1],\"navigateFirstPage\":1,\"navigateLastPage\":1,\"firstPage\":1,\"lastPage\":1}}', '16', '超级管理员', '1', '2020-10-26 19:01:00', null, 'SN20201026190058XTCTD45315', 'SND20201026190058XTCTD45315', '[3602]', '1');
INSERT INTO `t_interface_case_execute_log` VALUES ('3606', '88', '查看首页', 'http://www.meidekan.com//', '', '', null, null, '200', '{\"Server\":[\"nginx/1.15.12\"],\"Content-Type\":[\"text/plain; charset=UTF-8\"],\"Transfer-Encoding\":[\"chunked\"],\"Connection\":[\"keep-alive\"],\"X-Powered-By\":[\"PHP/7.3.9\"],\"Cache-Control\":[\"no-cache, private\"],\"Date\":[\"Mon, 26 Oct 2020 11:00:59 GMT\"],\"Set-Cookie\":[\"XSRF-TOKEN=eyJpdiI6Im1LQ3lTb1ZlWVFmUCtRY0cxZmxURXc9PSIsInZhbHVlIjoiVGtPR2doWXIrY2FENkRtRHBUTW9Oazdpb0JkQkIwM1lYODY4T01rRjF6TUZZMGtsRENvdEtFZXlSZWVJZWZ3VCIsIm1hYyI6IjQ4NGViYjVlOTEzMTFjN2QzNzNlNDAxNGQ0OTkzODVlYmI1ZWViZTU1MWJhNjk5NjNiMGQ1MjUxYjYyZTAxZmUifQ%3D%3D; expires=Mon, 26-Oct-2020 13:00:59 GMT; Max-Age=7200; path=/\",\"_session=eyJpdiI6IkJGaG5hNkJUMkdpSE5Sc21iZWdcL0t3PT0iLCJ2YWx1ZSI6IkRJVzVhZUs3VHVsUXB0XC9kQkhBUTNjdUNaMXV0bWluWlU2bkhxeUxyckVkbmx2M1NwU21rMjNTaVlcL1diaVF3KyIsIm1hYyI6IjFjYjdlNTlhN2ZiMjcxMTY3MTczZjY2YWIzNGJkMTI5MTFkYzVjZGE4MzQxYWU2MDY1ZWNhODc1YzRlODg5MjAifQ%3D%3D; expires=Mon, 26-Oct-2020 13:00:59 GMT; Max-Age=7200; path=/; httponly\"]}', '<!DOCTYPE html>\n<html>\n<head>\n    <meta http-equiv=\"Content-Type\" content=\"text/html; charset=utf-8\" />\n    <title>美德网-语文教学素材网</title>\n    <meta name=\"keywords\" content=\"语文,作文,周记,教案,试题,中考,高考,教学视频,课文朗读,阅读素材\">\n    <meta name=\"description\" content=\"美德网为学生和教师提供中小学初高中语文课件教案,教学论文,作文,范文,周记,中考试题,高考试题,高考作文,中考作文指导,作文素材,课堂教学实录,课本课文朗读,唐诗,宋词,诗歌朗诵,美文,散文,古诗文等各种语文素材阅读教学资源。\">\n    <link rel=\"canonical\" href=\"http://www.meidekan.com/\"/>\n    <meta name=\"mobile-agent\" content=\"format=html5;url=http://m.meidekan.com/\">\n    <meta name=\"mobile-agent\" content=\"format=wml;url=http://m.meidekan.com/\">\n    <meta name=\"mobile-agent\" content=\"format=xhtml;url=http://m.meidekan.com/\">\n    <link href=\"http://static.meidekan.com/css/index.css?version=20190514\" rel=\"stylesheet\" type=\"text/css\" />\n    <script type=\"text/javascript\">\n        var location_url = \"http://m.meidekan.com/\";\n        if((navigator.userAgent.match(/(phone|pad|pod|mobile|ios|android|BlackBerry|MQQBrowser|JUC|Fennec|wOSBrowser|BrowserNG|WebOS|symbian|transcoder)/i))){window.location.href=location_url;};\n        document.write(\'<script type=\"text/javascript\" src=\"http://static.meidekan.com/js/pc.js?version=20190514\"><\\/script>\');\n    </script>\n</head>\n<body>\n<div class=\"header\">\n    <div class=\"main\">\n        <p>欢迎来到美德网！</p>\n    </div>\n</div>\n<div class=\"index_mid\">\n    <div class=\"logo_box\">\n        <div class=\"logo\"><img src=\"http://static.meidekan.com/images/logo.png?version=20190514\" alt=\"美德网\"/></div>\n        <div class=\"search\">\n            <form action=\"#\" onsubmit=\"window.open(\'http\'+\'://so.meidekan.com/cse/search?s=\'+this.elements.s.value+\'&q=\'+this.elements.q.value);return false;\" method=\"get\" target=\"_blank\">\n                <input type=\"hidden\" name=\"s\" value=\"17870499895628785359\">\n                <input type=\"text\" name=\"q\" placeholder=\"请输入关键词搜索\" class=\"searchbar\">\n                <input type=\"submit\" value=\"搜索\" class=\"search_results\">\n            </form>\n        </div>\n        <div class=\"rougao\">\n            <a target=\"_self\" href=\"javascript:void(0)\">我要投稿</a>\n            <a target=\"_self\" href=\"javascript:void(0)\" class=\"jianyi\">投诉建议</a>\n        </div>\n    </div>\n</div>\n<div class=\"nav\">\n    <ul>\n        <li><a target=\"_blank\" href=\"/\">首 页</a></li>\n        <li><a target=\"_blank\" href=\"/yuwen/\" title=\"语文\">语文</a></li>\n        <li><a target=\"_blank\" href=\"/meiwen/\" title=\"美文\">美文</a></li>\n        <li><a target=\"_blank\" href=\"/zuowen/\" title=\"作文\">作文</a></li>\n        <li><a target=\"_blank\" href=\"/wenxue/\" title=\"文学\">文学</a></li>\n        <li><a target=\"_blank\" href=\"/gushiwen/\" title=\"古诗文\">古诗文</a></li>\n        <li><a target=\"_blank\" href=\"/shiyongwen/\" title=\"实用文\">实用文</a></li>\n        <li><a target=\"_blank\" href=\"/shiti/\" title=\"试题\">试题</a></li>\n        <li><a target=\"_blank\" href=\"/jiaoan/\" title=\"教案\">教案</a></li>\n        <li><a target=\"_blank\" href=\"/kejian/\" title=\"课件\">课件</a></li>\n        <li><a target=\"_blank\" href=\"/sucai/\" title=\"素材\">素材</a></li>\n    </ul>\n</div>\n<div class=\"main\">\n    <div class=\"new_box\">\n        <div class=\"l-main-l fl\">\n            <div class=\"l-main-bg4\">\n                <h2>热门标签</h2>\n                <ul>\n                    <li><a target=\"_blank\" title=\"素质拓展500字\" href=\"/zuowen/suzhituozhan500zi/\">素质拓展500字</a></li>\n                    <li><a target=\"_blank\" title=\"六级作文不会写\" href=\"/zuowen/liujizuowenbuhuixie/\">六级作文不会写</a></li>\n                    <li><a target=\"_blank\" title=\"羞愧极了\" href=\"/zuowen/xiukuijile/\">羞愧极了</a></li>\n                    <li><a target=\"_blank\" title=\"一家亲 什么意思\" href=\"/meiwen/yijiaqinshimeyisi/\">一家亲 什么意思</a></li>\n                    <li><a target=\"_blank\" title=\"张果老桥\" href=\"/meiwen/zhangguolaoqiao/\">张果老桥</a></li>\n                    <li><a target=\"_blank\" title=\"委托协议范本\" href=\"/zuowen/weituoxieyifanben/\">委托协议范本</a></li>\n                    <li><a target=\"_blank\" title=\"日记写春游\" href=\"/zuowen/rijixiechunyou/\">日记写春游</a></li>\n                    <li><a target=\"_blank\" title=\"开奖啦成龙\" href=\"/meiwen/kaijianglachenglong/\">开奖啦成龙</a></li>\n                    <li><a target=\"_blank\" title=\"雪花晶尊\" href=\"/zuowen/xuehuajingzun/\">雪花晶尊</a></li>\n                    <li><a target=\"_blank\" title=\"劝学的翻译及注释\" href=\"/gushiwen/quanxuedefanyijizhushi/\">劝学的翻译及注释</a></li>\n                    <li><a target=\"_blank\" title=\"家和学校作文初中\" href=\"/zuowen/jiahexuexiaozuowenchuzhong/\">家和学校作文初中</a></li>\n                    <li><a target=\"_blank\" title=\"蝴蝶泉景色作文\" href=\"/zuowen/hudiequanjingsezuowen/\">蝴蝶泉景色作文</a></li>\n                    <li><a target=\"_blank\" title=\"中国梦金融情诗歌\" href=\"/zuowen/zhongguomengjinrongqingshige/\">中国梦金融情诗歌</a></li>\n                    <li><a target=\"_blank\" title=\"涂磊名言\" href=\"/meiwen/tuleimingyan/\">涂磊名言</a></li>\n                    <li><a target=\"_blank\" title=\"孝道与感恩文化\" href=\"/shiyongwen/xiaodaoyuganenwenhua/\">孝道与感恩文化</a></li>\n                    <li><a target=\"_blank\" title=\"神奇的笔500字\" href=\"/zuowen/shenqidebi500zi/\">神奇的笔500字</a></li>\n                    <li><a target=\"_blank\" title=\"做人励志语录经典\" href=\"/meiwen/zuorenlizhiyulujingdian/\">做人励志语录经典</a></li>\n                    <li><a target=\"_blank\" title=\"世间百态人情冷暖\" href=\"/meiwen/shijianbaitairenqinglengnuan/\">世间百态人情冷暖</a></li>\n                    <li><a target=\"_blank\" title=\"富人穷人\" href=\"/meiwen/furenqiongren/\">富人穷人</a></li>\n                    <li><a target=\"_blank\" title=\"雪松控股集团\" href=\"/zuowen/xuesongkonggujituan/\">雪松控股集团</a></li>\n                    <li><a target=\"_blank\" title=\"世界音乐天王排名\" href=\"/zuowen/shijieyinletianwangpaiming/\">世界音乐天王排名</a></li>\n                    <li><a target=\"_blank\" title=\"描写外貌的句子\" href=\"/meiwen/miaoxiewaimaodejuzi/\">描写外貌的句子</a></li>\n                    <li><a target=\"_blank\" title=\"服装系列主题\" href=\"/meiwen/fuzhuangxiliezhuti/\">服装系列主题</a></li>\n                    <li><a target=\"_blank\" title=\"做馒头日记\" href=\"/zuowen/zuomantouriji/\">做馒头日记</a></li>\n                </ul>\n            </div>\n            <div class=\"l-main-bg4\">\n                <h2>推荐搜索</h2>\n                <ul>\n                    <li><a target=\"_blank\" title=\"关于浮萍的文字\" href=\"/zuowen/guanyufupingdewenzi/\">关于浮萍的文字</a></li>\n                    <li><a target=\"_blank\" title=\"3件成功的事\" href=\"/meiwen/3jianchenggongdeshi/\">3件成功的事</a></li>\n                    <li><a target=\"_blank\" title=\"骗局的句子\" href=\"/zuowen/pianjudejuzi/\">骗局的句子</a></li>\n                    <li><a target=\"_blank\" title=\"养小动物的日记\" href=\"/meiwen/yangxiaodongwuderiji/\">养小动物的日记</a></li>\n                    <li><a target=\"_blank\" title=\"孩子第一次护旗手\" href=\"/zuowen/haizidiyicihuqishou/\">孩子第一次护旗手</a></li>\n                    <li><a target=\"_blank\" title=\"对饮小酌\" href=\"/meiwen/duiyinxiaozhuo/\">对饮小酌</a></li>\n                    <li><a target=\"_blank\" title=\"侯沧海\" href=\"/wenxue/houcanghai/\">侯沧海</a></li>\n                    <li><a target=\"_blank\" title=\"犹太人上海视频\" href=\"/meiwen/youtairenshanghaishipin/\">犹太人上海视频</a></li>\n                    <li><a target=\"_blank\" title=\"我喜欢的专业作文\" href=\"/zuowen/woxihuandezhuanyezuowen/\">我喜欢的专业作文</a></li>\n                    <li><a target=\"_blank\" title=\"2015常州中考\" href=\"/zuowen/2015changzhouzhongkao/\">2015常州中考</a></li>\n                    <li><a target=\"_blank\" title=\"琵琶行原文朗诵\" href=\"/zuowen/pipahangyuanwenlangsong/\">琵琶行原文朗诵</a></li>\n                    <li><a target=\"_blank\" title=\"日记踏青\" href=\"/zuowen/rijitaqing/\">日记踏青</a></li>\n                    <li><a target=\"_blank\" title=\"蚕卵的作文怎么写\" href=\"/zuowen/canluandezuowenzenmexie/\">蚕卵的作文怎么写</a></li>\n                    <li><a target=\"_blank\" title=\"给孩子留白演讲\" href=\"/zuowen/geihaiziliubaiyanjiang/\">给孩子留白演讲</a></li>\n                    <li><a target=\"_blank\" title=\"成功是一种享受\" href=\"/wenxue/chenggongshiyizhongxiangshou/\">成功是一种享受</a></li>\n                    <li><a target=\"_blank\" title=\"党史我知晓手抄报\" href=\"/sucai/dangshiwozhixiaoshouchaobao/\">党史我知晓手抄报</a></li>\n                    <li><a target=\"_blank\" title=\"雾都孤儿原著\" href=\"/zuowen/wudougueryuanzhe/\">雾都孤儿原著</a></li>\n                </ul>\n            </div>\n        </div>\n        <div class=\"n_mid\">\n            <div class=\"banner\">\n                <ul class=\"bannerBg\">\n                    <li><a target=\"_blank\" title=\"\" href=\"#\"><img src=\"http://static.meidekan.com/images/tu3.jpg?version=20190514\"><span></span></a></li>\n                </ul>\n                <div class=\"bannerCont\">\n                    <a href=\"javascript:void(0);\" value=\"0\"></a>\n                    <em style=\"left: 0px;\"></em>\n                </div>\n            </div>\n            <div class=\"n_mid_news\">\n                <div class=\"new_title\"><span>头条推荐</span></div>\n                <ul>\n                    <li><em>M</em><a target=\"_blank\" title=\"心情烦闷的句子\" href=\"/meiwen/3177628.html\">心情烦闷的句子</a></li>\n                    <li><em>M</em><a target=\"_blank\" title=\"搞笑的心情说说\" href=\"/meiwen/3167201.html\">搞笑的心情说说</a></li>\n                    <li><em>M</em><a target=\"_blank\" title=\"空间精美留言祝福语\" href=\"/meiwen/3131340.html\">空间精美留言祝福语</a></li>\n                    <li><em>M</em><a target=\"_blank\" title=\"当了姐姐以后短信\" href=\"/zuowen/2996059.html\">当了姐姐以后短信</a></li>\n                    <li><em>M</em><a target=\"_blank\" title=\"这儿真美丽短信\" href=\"/zuowen/2937970.html\">这儿真美丽短信</a></li>\n                    <li><em>M</em><a target=\"_blank\" title=\"暑假见闻短信\" href=\"/zuowen/2873108.html\">暑假见闻短信</a></li>\n                    <li><em>M</em><a target=\"_blank\" title=\"妈妈中计了短信\" href=\"/zuowen/2812495.html\">妈妈中计了短信</a></li>\n                    <li><em>M</em><a target=\"_blank\" title=\"点亮每一个美丽的梦想——高三毕业典礼上发言稿短信\" href=\"/zuowen/2809054.html\">点亮每一个美丽的梦想——高三毕业典礼</a></li>\n                    <li><em>M</em><a target=\"_blank\" title=\"等待爱的习惯\" href=\"/meiwen/2692511.html\">等待爱的习惯</a></li>\n                    <li><em>M</em><a target=\"_blank\" title=\"仲夏夜\" href=\"/meiwen/2619990.html\">仲夏夜</a></li>\n                    <li><em>M</em><a target=\"_blank\" title=\"欢乐\" href=\"/zuowen/2573090.html\">欢乐</a></li>\n                    <li><em>M</em><a target=\"_blank\" title=\"关于乐观坚强话题的初中作文_做一名画师\" href=\"/zuowen/2562259.html\">关于乐观坚强话题的初中作文_做一名画</a></li>\n                </ul>\n            </div>\n        </div>\n        <div class=\"n_right\">\n            <div class=\"n_box\">\n                <h2>本站推荐</h2>\n                <ul>\n                    <li><font>01</font><a target=\"_blank\" title=\"四年级数学平行线教案\" href=\"/zuowen/sinianjishuxuepinghangxianjiaoan/\">四年级数学平行线教案</a></li>\n                    <li><font>02</font><a target=\"_blank\" title=\"尼尔期骑鹅历险记课文\" href=\"/zuowen/nierqiqielixianjikewen/\">尼尔期骑鹅历险记课文</a></li>\n                    <li><font>03</font><a target=\"_blank\" title=\"作文我用我的眼睛干什么\" href=\"/zuowen/zuowenwoyongwodeyanjingganshime/\">作文我用我的眼睛干什么</a></li>\n                    <li><font>04</font><a target=\"_blank\" title=\"中式婚礼证婚人的台词\" href=\"/shiyongwen/zhongshihunlizhenghunrendetaici/\">中式婚礼证婚人的台词</a></li>\n                    <li><font>05</font><a target=\"_blank\" title=\"山那边是美丽的风景作文\" href=\"/zuowen/shannabianshimeilidefengjingzuowen/\">山那边是美丽的风景作文</a></li>\n                    <li><font>06</font><a target=\"_blank\" title=\"节能减排工作·低碳环保生活\" href=\"/zuowen/jienengjianpaigongzuoditanhuanbaoshenghuo/\">节能减排工作·低碳环保生活</a></li>\n                    <li><font>07</font><a target=\"_blank\" title=\"观雨陈与义尾联的手法\" href=\"/gushiwen/guanyuchenyuyiweiliandeshoufa/\">观雨陈与义尾联的手法</a></li>\n                    <li><font>08</font><a target=\"_blank\" title=\"关于苗族的民风民俗的作文\" href=\"/zuowen/guanyumiaozudeminfengminsudezuowen/\">关于苗族的民风民俗的作文</a></li>\n                    <li><font>09</font><a target=\"_blank\" title=\"我幸福你快乐的电影\" href=\"/meiwen/woxingfunikuailededianying/\">我幸福你快乐的电影</a></li>\n                    <li><font>10</font><a target=\"_blank\" title=\"华兹华斯生命的诗句\" href=\"/meiwen/huazihuasishengmingdeshiju/\">华兹华斯生命的诗句</a></li>\n                    <li><font>11</font><a target=\"_blank\" title=\"想象100年后作文\" href=\"/zuowen/xiangxiang100nianhouzuowen/\">想象100年后作文</a></li>\n                    <li><font>12</font><a target=\"_blank\" title=\"妈妈做的饭作文600\" href=\"/zuowen/mamazuodefanzuowen600/\">妈妈做的饭作文600</a></li>\n                    <li><font>13</font><a target=\"_blank\" title=\"读冰心作品有感1000字\" href=\"/zuowen/dubingxinzuopinyougan1000zi/\">读冰心作品有感1000字</a></li>\n                    <li><font>14</font><a target=\"_blank\" title=\"爸爸的外公外婆怎么称呼\" href=\"/meiwen/babadewaigongwaipozenmechenghu/\">爸爸的外公外婆怎么称呼</a></li>\n                    <li><font>15</font><a target=\"_blank\" title=\"小学教师工作述职报告\" href=\"/zuowen/xiaoxuejiaoshigongzuoshuzhibaogao/\">小学教师工作述职报告</a></li>\n                </ul>\n            </div>\n        </div>\n    </div>\n\n    <div class=\"index_list\">\n        <div class=\"list_l\">\n            <a class=\"l_title\" target=\"_blank\" title=\"语文\" href=\"/yuwen/\">语文</a>\n            <ul class=\"l_lmu\">\n                <li><a class=\"l_more\" target=\"_blank\" title=\"语文\" href=\"/yuwen/\">更多</a></li>\n            </ul>\n        </div>\n        <div class=\"list_m\">\n            <div class=\"new_image\">\n                <div class=\"hot-image\">\n                    <a target=\"_blank\" title=\"洛阳纸贵的成语故事400字\" href=\"/yuwen/2645481.html\"><img src=\"http://static.meidekan.com/images/default.jpg\" alt=\"洛阳纸贵的成语故事400字\"><span>洛阳纸贵的成语故事400字</span></a>\n                    <a target=\"_blank\" title=\"作文素材之成语故事：得过且过_500字\" href=\"/yuwen/2228117.html\"><img src=\"http://static.meidekan.com/images/default.jpg\" alt=\"作文素材之成语故事：得过且过_500字\"><span>作文素材之成语故事：得过且过_500字</span></a>\n                </div>\n                <ul class=\"hot-list\">\n                    <li><i></i><a target=\"_blank\" title=\"关于诵读经典诗文对学生美德的培养\" href=\"/yuwen/3117288.html\">关于诵读经典诗文对学生美德的培养</a></li>\n                    <li><i></i><a target=\"_blank\" title=\"做一名会享受的懒教师\" href=\"/yuwen/3117185.html\">做一名会享受的懒教师</a></li>\n                    <li><i></i><a target=\"_blank\" title=\"一个橘子的感动\" href=\"/yuwen/3117121.html\">一个橘子的感动</a></li>\n                    <li><i></i><a target=\"_blank\" title=\"备“战”元旦\" href=\"/yuwen/3116958.html\">备“战”元旦</a></li>\n                    <li><i></i><a target=\"_blank\" title=\"元旦随笔\" href=\"/yuwen/3116956.html\">元旦随笔</a></li>\n                    <li><i></i><a target=\"_blank\" title=\"写在教师节\" href=\"/yuwen/3116542.html\">写在教师节</a></li>\n                    <li><i></i><a target=\"_blank\" title=\"携手青春，一路同行\" href=\"/yuwen/3115601.html\">携手青春，一路同行</a></li>\n                    <li><i></i><a target=\"_blank\" title=\"听取徐老师报告的反思\" href=\"/yuwen/3115382.html\">听取徐老师报告的反思</a></li>\n                </ul>\n                <div class=\"hot-image\">\n                    <a target=\"_blank\" title=\"老牛破车成语故事意思典故出处拼音造句\" href=\"/yuwen/2198270.html\"><img src=\"http://static.meidekan.com/images/default.jpg\" alt=\"老牛破车成语故事意思典故出处拼音造句\"><span>老牛破车成语故事意思典故出处拼音造句</span></a>\n                    <a target=\"_blank\" title=\"有恃无恐成语故事意思典故出处拼音造句\" href=\"/yuwen/2144675.html\"><img src=\"http://static.meidekan.com/images/default.jpg\" alt=\"有恃无恐成语故事意思典故出处拼音造句\"><span>有恃无恐成语故事意思典故出处拼音造句</span></a>\n                </div>\n                <ul class=\"hot-list\">\n                    <li><i></i><a target=\"_blank\" title=\"课堂教学的价值\" href=\"/yuwen/3114865.html\">课堂教学的价值</a></li>\n                    <li><i></i><a target=\"_blank\" title=\"《成就每一个孩子》读后感2000字\" href=\"/yuwen/3114853.html\">《成就每一个孩子》读后感2000字</a></li>\n                    <li><i></i><a target=\"_blank\" title=\"打点智慧行囊，快乐行进在路上\" href=\"/yuwen/3114805.html\">打点智慧行囊，快乐行进在路上</a></li>\n                    <li><i></i><a target=\"_blank\" title=\"温柔一鞭，策马奔腾\" href=\"/yuwen/3114803.html\">温柔一鞭，策马奔腾</a></li>\n                    <li><i></i><a target=\"_blank\" title=\"人生大舞台\" href=\"/yuwen/3114792.html\">人生大舞台</a></li>\n                    <li><i></i><a target=\"_blank\" title=\"这孩子，真的长大了！\" href=\"/yuwen/3114402.html\">这孩子，真的长大了！</a></li>\n                    <li><i></i><a target=\"_blank\" title=\"十字路口的一节道德课\" href=\"/yuwen/3114400.html\">十字路口的一节道德课</a></li>\n                    <li><i></i><a target=\"_blank\" title=\"我家的成长故事\" href=\"/yuwen/3114399.html\">我家的成长故事</a></li>\n                </ul>\n            </div>\n            <div class=\"hot_top\">\n                <div class=\"new_title\"><i></i><span>频道热点</span></div>\n                <ul>\n                    <li><a target=\"_blank\" title=\"描写情谊的成语\" href=\"/yuwen/3114212.html\">描写情谊的成语</a><span>2019-08-13</span></li>\n                    <li><a target=\"_blank\" title=\"描写动作的成語\" href=\"/yuwen/3114210.html\">描写动作的成語</a><span>2019-08-13</span></li>\n                    <li><a target=\"_blank\" title=\"《我的丑娘》观后感800字\" href=\"/yuwen/3114140.html\">《我的丑娘》观后感800字</a><span>2019-08-13</span></li>\n                    <li><a target=\"_blank\" title=\"这样的一堂课——上《致女儿的信》有感\" href=\"/yuwen/3114139.html\">这样的一堂课——上《致女儿的信》有感</a><span>2019-08-13</span></li>\n                    <li><a target=\"_blank\" title=\"每一棵草都会开花\" href=\"/yuwen/3114138.html\">每一棵草都会开花</a><span>2019-08-13</span></li>\n                    <li><a target=\"_blank\" title=\"尘世里的初相见\" href=\"/yuwen/3114135.html\">尘世里的初相见</a><span>2019-08-13</span></li>\n                </ul>\n            </div>\n            <div class=\"hot_top\">\n                <div class=\"new_title\"><i></i><span>经典推荐</span></div>\n                <ul>\n                    <li><a target=\"_blank\" title=\"对女儿的教养反思：放中还要紧\" href=\"/yuwen/3114398.html\">对女儿的教养反思：放中还要紧</a><span>2019-08-13</span></li>\n                    <li><a target=\"_blank\" title=\"陪你一起长大\" href=\"/yuwen/3114395.html\">陪你一起长大</a><span>2019-08-13</span></li>\n                    <li><a target=\"_blank\" title=\"亦师亦友，相伴成长\" href=\"/yuwen/3114390.html\">亦师亦友，相伴成长</a><span>2019-08-13</span></li>\n                    <li><a target=\"_blank\" title=\"一起读书，一起成长\" href=\"/yuwen/3114389.html\">一起读书，一起成长</a><span>2019-08-13</span></li>\n                    <li><a target=\"_blank\" title=\"吾家有儿初长成\" href=\"/yuwen/3114384.html\">吾家有儿初长成</a><span>2019-08-13</span></li>\n                    <li><a target=\"_blank\" title=\"“小仙女”的成长脚印\" href=\"/yuwen/3114383.html\">“小仙女”的成长脚印</a><span>2019-08-13</span></li>\n                </ul>\n            </div>\n        </div>\n        <div class=\"list_r\">\n            <div class=\"list_r_title\"><span>热门文章</span></div>\n            <div class=\"cont\">\n                <a target=\"_blank\" title=\"真爱无语\" href=\"/yuwen/3114080.html\">真爱无语</a>\n                <p>　　本文真爱无语主要从祈望电视剧片尾曲、忠爱无言评价、忠爱无言、等方面阐述，美德网全方位解读...</p>\n            </div>\n            <ul>\n                <li><i>1</i><a target=\"_blank\" title=\"亲子共读《西游记》\" href=\"/yuwen/3113973.html\">亲子共读《西游记》</a></li>\n                <li><i>2</i><a target=\"_blank\" title=\"《魔法师的帽子》读后感700字\" href=\"/yuwen/3113972.html\">《魔法师的帽子》读后感700字</a></li>\n                <li><i>3</i><a target=\"_blank\" title=\"在通往高效课堂的道路上努力前行——对课改交流课的反思\" href=\"/yuwen/3113833.html\">在通往高效课堂的道路上努力前行——对课改交流课的反思</a></li>\n                <li><i>4</i><a target=\"_blank\" title=\"一路走来有你相伴\" href=\"/yuwen/3113831.html\">一路走来有你相伴</a></li>\n                <li><i>5</i><a target=\"_blank\" title=\"中秋的月\" href=\"/yuwen/3113830.html\">中秋的月</a></li>\n                <li><i>6</i><a target=\"_blank\" title=\"语文教学，另一种美丽地行走\" href=\"/yuwen/3113829.html\">语文教学，另一种美丽地行走</a></li>\n                <li><i>7</i><a target=\"_blank\" title=\"为学生搭建成功的台阶\" href=\"/yuwen/3113827.html\">为学生搭建成功的台阶</a></li>\n                <li><i>8</i><a target=\"_blank\" title=\"那个让我感恩的人\" href=\"/yuwen/3113728.html\">那个让我感恩的人</a></li>\n                <li><i>9</i><a target=\"_blank\" title=\"取长补短，彰显个性——听课感想\" href=\"/yuwen/3113727.html\">取长补短，彰显个性——听课感想</a></li>\n                <li><i>10</i><a target=\"_blank\" title=\"如果这种爱需要回报\" href=\"/yuwen/3113552.html\">如果这种爱需要回报</a></li>\n            </ul>\n        </div>\n    </div>\n    <div class=\"index_list\">\n        <div class=\"list_l\">\n            <a class=\"l_title\" target=\"_blank\" title=\"美文\" href=\"/meiwen/\">美文</a>\n            <ul class=\"l_lmu\">\n                <li><a class=\"l_more\" target=\"_blank\" title=\"美文\" href=\"/meiwen/\">更多</a></li>\n            </ul>\n        </div>\n        <div class=\"list_m\">\n            <div class=\"new_image\">\n                <div class=\"hot-image\">\n                    <a target=\"_blank\" title=\"2018座右铭\" href=\"/meiwen/3153234.html\"><img src=\"http://static.meidekan.com/images/default.jpg\" alt=\"2018座右铭\"><span>2018座右铭</span></a>\n                    <a target=\"_blank\" title=\"帮助别人的格言警句\" href=\"/meiwen/3151731.html\"><img src=\"http://static.meidekan.com/images/default.jpg\" alt=\"帮助别人的格言警句\"><span>帮助别人的格言警句</span></a>\n                </div>\n                <ul class=\"hot-list\">\n                    <li><i></i><a target=\"_blank\" title=\"恋爱优美的句子\" href=\"/meiwen/3179349.html\">恋爱优美的句子</a></li>\n                    <li><i></i><a target=\"_blank\" title=\"麒麟经典语录\" href=\"/meiwen/3179348.html\">麒麟经典语录</a></li>\n                    <li><i></i><a target=\"_blank\" title=\"恋爱励志的句子\" href=\"/meiwen/3179347.html\">恋爱励志的句子</a></li>\n                    <li><i></i><a target=\"_blank\" title=\"企业管理励志格言\" href=\"/meiwen/3179346.html\">企业管理励志格言</a></li>\n                    <li><i></i><a target=\"_blank\" title=\"企业发展格言\" href=\"/meiwen/3179345.html\">企业发展格言</a></li>\n                    <li><i></i><a target=\"_blank\" title=\"恋爱中的唯美古风句子\" href=\"/meiwen/3179344.html\">恋爱中的唯美古风句子</a></li>\n                    <li><i></i><a target=\"_blank\" title=\"企业经营格言\" href=\"/meiwen/3179343.html\">企业经营格言</a></li>\n                    <li><i></i><a target=\"_blank\" title=\"恋空经典句子\" href=\"/meiwen/3179342.html\">恋空经典句子</a></li>\n                </ul>\n                <div class=\"hot-image\">\n                    <a target=\"_blank\" title=\"安慰失去亲人的话英语\" href=\"/meiwen/3151471.html\"><img src=\"http://static.meidekan.com/images/default.jpg\" alt=\"安慰失去亲人的话英语\"><span>安慰失去亲人的话英语</span></a>\n                    <a target=\"_blank\" title=\"国庆节祝福语2018\" href=\"/meiwen/3149665.html\"><img src=\"http://static.meidekan.com/images/default.jpg\" alt=\"国庆节祝福语2018\"><span>国庆节祝福语2018</span></a>\n                </div>\n                <ul class=\"hot-list\">\n                    <li><i></i><a target=\"_blank\" title=\"企业精神格言\" href=\"/meiwen/3179341.html\">企业精神格言</a></li>\n                    <li><i></i><a target=\"_blank\" title=\"企业格言大全\" href=\"/meiwen/3179340.html\">企业格言大全</a></li>\n                    <li><i></i><a target=\"_blank\" title=\"恋人絮语经典句子\" href=\"/meiwen/3179339.html\">恋人絮语经典句子</a></li>\n                    <li><i></i><a target=\"_blank\" title=\"企业励志格言\" href=\"/meiwen/3179338.html\">企业励志格言</a></li>\n                    <li><i></i><a target=\"_blank\" title=\"林微因经典句子\" href=\"/meiwen/3179337.html\">林微因经典句子</a></li>\n                    <li><i></i><a target=\"_blank\" title=\"两个人相爱幸福的句子\" href=\"/meiwen/3179336.html\">两个人相爱幸福的句子</a></li>\n                    <li><i></i><a target=\"_blank\" title=\"企业励志格言大全\" href=\"/meiwen/3179335.html\">企业励志格言大全</a></li>\n                    <li><i></i><a target=\"_blank\" title=\"企业名言励志\" href=\"/meiwen/3179334.html\">企业名言励志</a></li>\n                </ul>\n            </div>\n            <div class=\"hot_top\">\n                <div class=\"new_title\"><i></i><span>频道热点</span></div>\n                <ul>\n                    <li><a target=\"_blank\" title=\"契诃夫爱情名言\" href=\"/meiwen/3179327.html\">契诃夫爱情名言</a><span>2020-10-06</span></li>\n                    <li><a target=\"_blank\" title=\"契诃夫经典语录\" href=\"/meiwen/3179326.html\">契诃夫经典语录</a><span>2020-10-06</span></li>\n                    <li><a target=\"_blank\" title=\"伤感爱情好句子\" href=\"/meiwen/3179325.html\">伤感爱情好句子</a><span>2020-10-06</span></li>\n                    <li><a target=\"_blank\" title=\"千秋经典语录\" href=\"/meiwen/3179324.html\">千秋经典语录</a><span>2020-10-06</span></li>\n                    <li><a target=\"_blank\" title=\"伤感爱情句子表达心情\" href=\"/meiwen/3179323.html\">伤感爱情句子表达心情</a><span>2020-10-06</span></li>\n                    <li><a target=\"_blank\" title=\"伤感的爰情句子\" href=\"/meiwen/3179322.html\">伤感的爰情句子</a><span>2020-10-06</span></li>\n                </ul>\n            </div>\n            <div class=\"hot_top\">\n                <div class=\"new_title\"><i></i><span>经典推荐</span></div>\n                <ul>\n                    <li><a target=\"_blank\" title=\"留恋伤感的句子\" href=\"/meiwen/3179333.html\">留恋伤感的句子</a><span>2020-10-06</span></li>\n                    <li><a target=\"_blank\" title=\"刘逸舟经典句子\" href=\"/meiwen/3179332.html\">刘逸舟经典句子</a><span>2020-10-06</span></li>\n                    <li><a target=\"_blank\" title=\"留念的唯美句子\" href=\"/meiwen/3179331.html\">留念的唯美句子</a><span>2020-10-06</span></li>\n                    <li><a target=\"_blank\" title=\"企业员工励志格言\" href=\"/meiwen/3179330.html\">企业员工励志格言</a><span>2020-10-06</span></li>\n                    <li><a target=\"_blank\" title=\"留言表白句子\" href=\"/meiwen/3179329.html\">留言表白句子</a><span>2020-10-06</span></li>\n                    <li><a target=\"_blank\" title=\"伤感8字句子\" href=\"/meiwen/3179328.html\">伤感8字句子</a><span>2020-10-06</span></li>\n                </ul>\n            </div>\n        </div>\n        <div class=\"list_r\">\n            <div class=\"list_r_title\"><span>热门文章</span></div>\n            <div class=\"cont\">\n                <a target=\"_blank\" title=\"谦虚的名言英语\" href=\"/meiwen/3179321.html\">谦虚的名言英语</a>\n                <p>　　谦虚的名言英语，美德网小编主要从英语格言1000句、形容谦虚的英文句子、有关奋斗的名言英...</p>\n            </div>\n            <ul>\n                <li><i>1</i><a target=\"_blank\" title=\"伤感的爱情英文句子\" href=\"/meiwen/3179320.html\">伤感的爱情英文句子</a></li>\n                <li><i>2</i><a target=\"_blank\" title=\"伤感的爱情失去句子\" href=\"/meiwen/3179319.html\">伤感的爱情失去句子</a></li>\n                <li><i>3</i><a target=\"_blank\" title=\"谦虚的英语名言\" href=\"/meiwen/3179318.html\">谦虚的英语名言</a></li>\n                <li><i>4</i><a target=\"_blank\" title=\"伤感到想哭的句子\" href=\"/meiwen/3179317.html\">伤感到想哭的句子</a></li>\n                <li><i>5</i><a target=\"_blank\" title=\"恋爱后的经典句子\" href=\"/meiwen/3179316.html\">恋爱后的经典句子</a></li>\n                <li><i>6</i><a target=\"_blank\" title=\"钱伟长名言励志\" href=\"/meiwen/3179315.html\">钱伟长名言励志</a></li>\n                <li><i>7</i><a target=\"_blank\" title=\"热爱生活的英语名言\" href=\"/meiwen/3179314.html\">热爱生活的英语名言</a></li>\n                <li><i>8</i><a target=\"_blank\" title=\"热恋爱情格言\" href=\"/meiwen/3179313.html\">热恋爱情格言</a></li>\n                <li><i>9</i><a target=\"_blank\" title=\"热血沸腾励志名言\" href=\"/meiwen/3179312.html\">热血沸腾励志名言</a></li>\n                <li><i>10</i><a target=\"_blank\" title=\"人际关系格言\" href=\"/meiwen/3179311.html\">人际关系格言</a></li>\n            </ul>\n        </div>\n    </div>\n    <div class=\"index_list\">\n        <div class=\"list_l\">\n            <a class=\"l_title\" target=\"_blank\" title=\"作文\" href=\"/zuowen/\">作文</a>\n            <ul class=\"l_lmu\">\n                <li><a class=\"l_more\" target=\"_blank\" title=\"作文\" href=\"/zuowen/\">更多</a></li>\n            </ul>\n        </div>\n        <div class=\"list_m\">\n            <div class=\"new_image\">\n                <div class=\"hot-image\">\n                    <a target=\"_blank\" title=\"说不完的感谢作文\" href=\"/zuowen/3117875.html\"><img src=\"http://static.meidekan.com/images/default.jpg\" alt=\"说不完的感谢作文\"><span>说不完的感谢作文</span></a>\n                    <a target=\"_blank\" title=\"我印象最深刻的人短信\" href=\"/zuowen/3052387.html\"><img src=\"http://static.meidekan.com/images/default.jpg\" alt=\"我印象最深刻的人短信\"><span>我印象最深刻的人短信</span></a>\n                </div>\n                <ul class=\"hot-list\">\n                    <li><i></i><a target=\"_blank\" title=\"爱国从身边的小事做起\" href=\"/zuowen/3174250.html\">爱国从身边的小事做起</a></li>\n                    <li><i></i><a target=\"_blank\" title=\"平凡成就伟大\" href=\"/zuowen/3174249.html\">平凡成就伟大</a></li>\n                    <li><i></i><a target=\"_blank\" title=\"量的积累质的飞跃\" href=\"/zuowen/3174248.html\">量的积累质的飞跃</a></li>\n                    <li><i></i><a target=\"_blank\" title=\"我想有个家一只小鸟的心声\" href=\"/zuowen/3174247.html\">我想有个家一只小鸟的心声</a></li>\n                    <li><i></i><a target=\"_blank\" title=\"冬我的世界因你而美丽\" href=\"/zuowen/3174246.html\">冬我的世界因你而美丽</a></li>\n                    <li><i></i><a target=\"_blank\" title=\"品味金陵\" href=\"/zuowen/3174208.html\">品味金陵</a></li>\n                    <li><i></i><a target=\"_blank\" title=\"落叶季节\" href=\"/zuowen/3174207.html\">落叶季节</a></li>\n                    <li><i></i><a target=\"_blank\" title=\"搁浅的梦\" href=\"/zuowen/3174206.html\">搁浅的梦</a></li>\n                </ul>\n                <div class=\"hot-image\">\n                    <a target=\"_blank\" title=\"只是，不期而遇作文200字\" href=\"/zuowen/3047173.html\"><img src=\"http://static.meidekan.com/images/default.jpg\" alt=\"只是，不期而遇作文200字\"><span>只是，不期而遇作文200字</span></a>\n                    <a target=\"_blank\" title=\"《傅雷家书》读后感（1）400字\" href=\"/zuowen/3034156.html\"><img src=\"http://static.meidekan.com/images/default.jpg\" alt=\"《傅雷家书》读后感（1）400字\"><span>《傅雷家书》读后感（1）400字</span></a>\n                </div>\n                <ul class=\"hot-list\">\n                    <li><i></i><a target=\"_blank\" title=\"苦涩味道\" href=\"/zuowen/3174205.html\">苦涩味道</a></li>\n                    <li><i></i><a target=\"_blank\" title=\"我家门前的芦苇\" href=\"/zuowen/3174203.html\">我家门前的芦苇</a></li>\n                    <li><i></i><a target=\"_blank\" title=\"走在时间的年轮里\" href=\"/zuowen/3174202.html\">走在时间的年轮里</a></li>\n                    <li><i></i><a target=\"_blank\" title=\"碎碎光阴\" href=\"/zuowen/3174201.html\">碎碎光阴</a></li>\n                    <li><i></i><a target=\"_blank\" title=\"品味历史\" href=\"/zuowen/3174200.html\">品味历史</a></li>\n                    <li><i></i><a target=\"_blank\" title=\"青春探访记\" href=\"/zuowen/3172503.html\">青春探访记</a></li>\n                    <li><i></i><a target=\"_blank\" title=\"清风荷影\" href=\"/zuowen/3172502.html\">清风荷影</a></li>\n                    <li><i></i><a target=\"_blank\" title=\"再冷的寒冬也有暖意\" href=\"/zuowen/3172299.html\">再冷的寒冬也有暖意</a></li>\n                </ul>\n            </div>\n            <div class=\"hot_top\">\n                <div class=\"new_title\"><i></i><span>频道热点</span></div>\n                <ul>\n                    <li><a target=\"_blank\" title=\"感谢那琴声\" href=\"/zuowen/3169151.html\">感谢那琴声</a><span>2020-08-30</span></li>\n                    <li><a target=\"_blank\" title=\"一个手势\" href=\"/zuowen/3169133.html\">一个手势</a><span>2020-08-30</span></li>\n                    <li><a target=\"_blank\" title=\"菩萨鱼\" href=\"/zuowen/3169132.html\">菩萨鱼</a><span>2020-08-30</span></li>\n                    <li><a target=\"_blank\" title=\"我们班里趣事多\" href=\"/zuowen/3169112.html\">我们班里趣事多</a><span>2020-08-30</span></li>\n                    <li><a target=\"_blank\" title=\"尴尬的一瞬间\" href=\"/zuowen/3169110.html\">尴尬的一瞬间</a><span>2020-08-30</span></li>\n                    <li><a target=\"_blank\" title=\"那支笔让我羞愧\" href=\"/zuowen/3169108.html\">那支笔让我羞愧</a><span>2020-08-30</span></li>\n                </ul>\n            </div>\n            <div class=\"hot_top\">\n                <div class=\"new_title\"><i></i><span>经典推荐</span></div>\n                <ul>\n                    <li><a target=\"_blank\" title=\"青春的背影\" href=\"/zuowen/3172298.html\">青春的背影</a><span>2020-09-08</span></li>\n                    <li><a target=\"_blank\" title=\"面对飘扬的梨花我流泪了\" href=\"/zuowen/3172297.html\">面对飘扬的梨花我流泪了</a><span>2020-09-08</span></li>\n                    <li><a target=\"_blank\" title=\"生死价值\" href=\"/zuowen/3172295.html\">生死价值</a><span>2020-09-08</span></li>\n                    <li><a target=\"_blank\" title=\"与栀之花相伴\" href=\"/zuowen/3171356.html\">与栀之花相伴</a><span>2020-09-05</span></li>\n                    <li><a target=\"_blank\" title=\"大咖秀正式开始\" href=\"/zuowen/3169253.html\">大咖秀正式开始</a><span>2020-08-30</span></li>\n                    <li><a target=\"_blank\" title=\"“特殊男生”集中营\" href=\"/zuowen/3169252.html\">“特殊男生”集中营</a><span>2020-08-30</span></li>\n                </ul>\n            </div>\n        </div>\n        <div class=\"list_r\">\n            <div class=\"list_r_title\"><span>热门文章</span></div>\n            <div class=\"cont\">\n                <a target=\"_blank\" title=\"第一次滑真冰\" href=\"/zuowen/3169105.html\">第一次滑真冰</a>\n                <p>　　下面美德网小编整理了一篇第一次滑真冰的文章，旨在帮助五年级作文的人群。...</p>\n            </div>\n            <ul>\n                <li><i>1</i><a target=\"_blank\" title=\"流失的机会\" href=\"/zuowen/3169093.html\">流失的机会</a></li>\n                <li><i>2</i><a target=\"_blank\" title=\"最好玩的老师\" href=\"/zuowen/3169091.html\">最好玩的老师</a></li>\n                <li><i>3</i><a target=\"_blank\" title=\"做年菜\" href=\"/zuowen/3169086.html\">做年菜</a></li>\n                <li><i>4</i><a target=\"_blank\" title=\"坐邮轮之旅\" href=\"/zuowen/3169085.html\">坐邮轮之旅</a></li>\n                <li><i>5</i><a target=\"_blank\" title=\"最珍贵的友情\" href=\"/zuowen/3169083.html\">最珍贵的友情</a></li>\n                <li><i>6</i><a target=\"_blank\" title=\"写给十五岁的我\" href=\"/zuowen/3168213.html\">写给十五岁的我</a></li>\n                <li><i>7</i><a target=\"_blank\" title=\"深受教育的一件事\" href=\"/zuowen/3168195.html\">深受教育的一件事</a></li>\n                <li><i>8</i><a target=\"_blank\" title=\"我爱吃鸡蛋\" href=\"/zuowen/3167539.html\">我爱吃鸡蛋</a></li>\n                <li><i>9</i><a target=\"_blank\" title=\"独自一个人在家\" href=\"/zuowen/3167527.html\">独自一个人在家</a></li>\n                <li><i>10</i><a target=\"_blank\" title=\"生命的一瞬\" href=\"/zuowen/3167517.html\">生命的一瞬</a></li>\n            </ul>\n        </div>\n    </div>\n    <div class=\"index_list\">\n        <div class=\"list_l\">\n            <a class=\"l_title\" target=\"_blank\" title=\"文学\" href=\"/wenxue/\">文学</a>\n            <ul class=\"l_lmu\">\n                <li><a class=\"l_more\" target=\"_blank\" title=\"文学\" href=\"/wenxue/\">更多</a></li>\n            </ul>\n        </div>\n        <div class=\"list_m\">\n            <div class=\"new_image\">\n                <div class=\"hot-image\">\n                    <a target=\"_blank\" title=\"梦想是诅咒的经典励志故事\" href=\"/wenxue/1821028.html\"><img src=\"http://static.meidekan.com/images/default.jpg\" alt=\"梦想是诅咒的经典励志故事\"><span>梦想是诅咒的经典励志故事</span></a>\n                    <a target=\"_blank\" title=\"我城市的咏叹诗歌\" href=\"/wenxue/1748054.html\"><img src=\"http://static.meidekan.com/images/default.jpg\" alt=\"我城市的咏叹诗歌\"><span>我城市的咏叹诗歌</span></a>\n                </div>\n                <ul class=\"hot-list\">\n                    <li><i></i><a target=\"_blank\" title=\"《小爱的暗恋》小说\" href=\"/wenxue/3117907.html\">《小爱的暗恋》小说</a></li>\n                    <li><i></i><a target=\"_blank\" title=\"烟雨红尘小说（一）\" href=\"/wenxue/3117348.html\">烟雨红尘小说（一）</a></li>\n                    <li><i></i><a target=\"_blank\" title=\"烟雨红尘小说（二）\" href=\"/wenxue/3117346.html\">烟雨红尘小说（二）</a></li>\n                    <li><i></i><a target=\"_blank\" title=\"学长的相机小说\" href=\"/wenxue/3116855.html\">学长的相机小说</a></li>\n                    <li><i></i><a target=\"_blank\" title=\"忽而半夏小说（四十五）\" href=\"/wenxue/3116675.html\">忽而半夏小说（四十五）</a></li>\n                    <li><i></i><a target=\"_blank\" title=\"忽而半夏小说（四十六）\" href=\"/wenxue/3116673.html\">忽而半夏小说（四十六）</a></li>\n                    <li><i></i><a target=\"_blank\" title=\"忽而半夏小说（四十七）\" href=\"/wenxue/3116671.html\">忽而半夏小说（四十七）</a></li>\n                    <li><i></i><a target=\"_blank\" title=\"《都市超能屌丝》小说132\" href=\"/wenxue/3116069.html\">《都市超能屌丝》小说132</a></li>\n                </ul>\n                <div class=\"hot-image\">\n                    <a target=\"_blank\" title=\"红雨伞的诗歌\" href=\"/wenxue/1745564.html\"><img src=\"http://static.meidekan.com/images/default.jpg\" alt=\"红雨伞的诗歌\"><span>红雨伞的诗歌</span></a>\n                    <a target=\"_blank\" title=\"微不足道的人生目标励志故事\" href=\"/wenxue/1725401.html\"><img src=\"http://static.meidekan.com/images/default.jpg\" alt=\"微不足道的人生目标励志故事\"><span>微不足道的人生目标励志故事</span></a>\n                </div>\n                <ul class=\"hot-list\">\n                    <li><i></i><a target=\"_blank\" title=\"《都市超能屌丝》小说160\" href=\"/wenxue/3115708.html\">《都市超能屌丝》小说160</a></li>\n                    <li><i></i><a target=\"_blank\" title=\"《都市超能屌丝》小说159\" href=\"/wenxue/3115707.html\">《都市超能屌丝》小说159</a></li>\n                    <li><i></i><a target=\"_blank\" title=\"《都市超能屌丝》小说141\" href=\"/wenxue/3114650.html\">《都市超能屌丝》小说141</a></li>\n                    <li><i></i><a target=\"_blank\" title=\"《都市超能屌丝》小说142\" href=\"/wenxue/3114649.html\">《都市超能屌丝》小说142</a></li>\n                    <li><i></i><a target=\"_blank\" title=\"《都市超能屌丝》小说143\" href=\"/wenxue/3114648.html\">《都市超能屌丝》小说143</a></li>\n                    <li><i></i><a target=\"_blank\" title=\"《都市超能屌丝》小说144\" href=\"/wenxue/3114645.html\">《都市超能屌丝》小说144</a></li>\n                    <li><i></i><a target=\"_blank\" title=\"《都市超能屌丝》小说145\" href=\"/wenxue/3114633.html\">《都市超能屌丝》小说145</a></li>\n                    <li><i></i><a target=\"_blank\" title=\"《都市超能屌丝》小说148\" href=\"/wenxue/3114624.html\">《都市超能屌丝》小说148</a></li>\n                </ul>\n            </div>\n            <div class=\"hot_top\">\n                <div class=\"new_title\"><i></i><span>频道热点</span></div>\n                <ul>\n                    <li><a target=\"_blank\" title=\"《都市超能屌丝》小说154\" href=\"/wenxue/3114600.html\">《都市超能屌丝》小说154</a><span>2019-08-13</span></li>\n                    <li><a target=\"_blank\" title=\"《都市超能屌丝》小说156\" href=\"/wenxue/3114588.html\">《都市超能屌丝》小说156</a><span>2019-08-13</span></li>\n                    <li><a target=\"_blank\" title=\"烟羽纱小说（一）\" href=\"/wenxue/3114556.html\">烟羽纱小说（一）</a><span>2019-08-13</span></li>\n                    <li><a target=\"_blank\" title=\"烟羽纱小说（二）\" href=\"/wenxue/3114552.html\">烟羽纱小说（二）</a><span>2019-08-13</span></li>\n                    <li><a target=\"_blank\" title=\"烟羽纱小说（三）\" href=\"/wenxue/3114550.html\">烟羽纱小说（三）</a><span>2019-08-13</span></li>\n                    <li><a target=\"_blank\" title=\"烟羽纱小说（四）\" href=\"/wenxue/3114549.html\">烟羽纱小说（四）</a><span>2019-08-13</span></li>\n                </ul>\n            </div>\n            <div class=\"hot_top\">\n                <div class=\"new_title\"><i></i><span>经典推荐</span></div>\n                <ul>\n                    <li><a target=\"_blank\" title=\"《都市超能屌丝》小说149\" href=\"/wenxue/3114621.html\">《都市超能屌丝》小说149</a><span>2019-08-13</span></li>\n                    <li><a target=\"_blank\" title=\"《都市超能屌丝》小说152\" href=\"/wenxue/3114618.html\">《都市超能屌丝》小说152</a><span>2019-08-13</span></li>\n                    <li><a target=\"_blank\" title=\"《都市超能屌丝》小说153\" href=\"/wenxue/3114616.html\">《都市超能屌丝》小说153</a><span>2019-08-13</span></li>\n                    <li><a target=\"_blank\" title=\"《都市超能屌丝》小说155\" href=\"/wenxue/3114611.html\">《都市超能屌丝》小说155</a><span>2019-08-13</span></li>\n                    <li><a target=\"_blank\" title=\"《都市超能屌丝》小说151\" href=\"/wenxue/3114607.html\">《都市超能屌丝》小说151</a><span>2019-08-13</span></li>\n                    <li><a target=\"_blank\" title=\"《都市超能屌丝》小说150\" href=\"/wenxue/3114605.html\">《都市超能屌丝》小说150</a><span>2019-08-13</span></li>\n                </ul>\n            </div>\n        </div>\n        <div class=\"list_r\">\n            <div class=\"list_r_title\"><span>热门文章</span></div>\n            <div class=\"cont\">\n                <a target=\"_blank\" title=\"烟羽纱小说（五）\" href=\"/wenxue/3114547.html\">烟羽纱小说（五）</a>\n                <p>　　下面美德网小编整理了一篇烟羽纱小说（五）的文章，旨在帮助小说的人群。...</p>\n            </div>\n            <ul>\n                <li><i>1</i><a target=\"_blank\" title=\"《都市超能屌丝》小说158\" href=\"/wenxue/3114538.html\">《都市超能屌丝》小说158</a></li>\n                <li><i>2</i><a target=\"_blank\" title=\"烟羽纱小说（七）\" href=\"/wenxue/3114525.html\">烟羽纱小说（七）</a></li>\n                <li><i>3</i><a target=\"_blank\" title=\"烟羽纱小说（六）\" href=\"/wenxue/3114524.html\">烟羽纱小说（六）</a></li>\n                <li><i>4</i><a target=\"_blank\" title=\"《都市超能屌丝》小说161\" href=\"/wenxue/3114522.html\">《都市超能屌丝》小说161</a></li>\n                <li><i>5</i><a target=\"_blank\" title=\"《都市超能屌丝》小说162\" href=\"/wenxue/3114473.html\">《都市超能屌丝》小说162</a></li>\n                <li><i>6</i><a target=\"_blank\" title=\"《都市超能屌丝》小说163\" href=\"/wenxue/3114470.html\">《都市超能屌丝》小说163</a></li>\n                <li><i>7</i><a target=\"_blank\" title=\"《都市超能屌丝》小说164\" href=\"/wenxue/3114460.html\">《都市超能屌丝》小说164</a></li>\n                <li><i>8</i><a target=\"_blank\" title=\"《都市超能屌丝》小说166\" href=\"/wenxue/3114443.html\">《都市超能屌丝》小说166</a></li>\n                <li><i>9</i><a target=\"_blank\" title=\"《都市超能屌丝》小说167\" href=\"/wenxue/3114441.html\">《都市超能屌丝》小说167</a></li>\n                <li><i>10</i><a target=\"_blank\" title=\"《都市超能屌丝》小说169\" href=\"/wenxue/3114440.html\">《都市超能屌丝》小说169</a></li>\n            </ul>\n        </div>\n    </div>\n    <div class=\"index_list\">\n        <div class=\"list_l\">\n            <a class=\"l_title\" target=\"_blank\" title=\"古诗文\" href=\"/gushiwen/\">古诗文</a>\n            <ul class=\"l_lmu\">\n                <li><a class=\"l_more\" target=\"_blank\" title=\"古诗文\" href=\"/gushiwen/\">更多</a></li>\n            </ul>\n        </div>\n        <div class=\"list_m\">\n            <div class=\"new_image\">\n                <div class=\"hot-image\">\n                    <a target=\"_blank\" title=\"《吕氏春秋·仲春纪》原文\" href=\"/gushiwen/1878183.html\"><img src=\"http://img.meidekan.com/20190219/5cb8ca61a3dbf4876.png\" alt=\"《吕氏春秋·仲春纪》原文\"><span>《吕氏春秋·仲春纪》原文</span></a>\n                    <a target=\"_blank\" title=\"《鲁郡东石门送杜二甫》原文及鉴赏\" href=\"/gushiwen/1844890.html\"><img src=\"http://img.meidekan.com/20180108/5cb7c5cf21f519532.jpg\" alt=\"《鲁郡东石门送杜二甫》原文及鉴赏\"><span>《鲁郡东石门送杜二甫》原文及鉴赏</span></a>\n                </div>\n                <ul class=\"hot-list\">\n                    <li><i></i><a target=\"_blank\" title=\"中国古籍有哪些\" href=\"/gushiwen/1878690.html\">中国古籍有哪些</a></li>\n                    <li><i></i><a target=\"_blank\" title=\"中国古籍经典语录\" href=\"/gushiwen/1878666.html\">中国古籍经典语录</a></li>\n                    <li><i></i><a target=\"_blank\" title=\"中国经典古籍\" href=\"/gushiwen/1878660.html\">中国经典古籍</a></li>\n                    <li><i></i><a target=\"_blank\" title=\"古籍善本是什么\" href=\"/gushiwen/1878634.html\">古籍善本是什么</a></li>\n                    <li><i></i><a target=\"_blank\" title=\"中国经典古籍《山海经》\" href=\"/gushiwen/1878633.html\">中国经典古籍《山海经》</a></li>\n                    <li><i></i><a target=\"_blank\" title=\"经典古籍吕氏春秋\" href=\"/gushiwen/1878604.html\">经典古籍吕氏春秋</a></li>\n                    <li><i></i><a target=\"_blank\" title=\"中国古代著作易经\" href=\"/gushiwen/1878597.html\">中国古代著作易经</a></li>\n                    <li><i></i><a target=\"_blank\" title=\"中国古代史学名著战国策\" href=\"/gushiwen/1878580.html\">中国古代史学名著战国策</a></li>\n                </ul>\n                <div class=\"hot-image\">\n                    <a target=\"_blank\" title=\"师说原文和翻译\" href=\"/gushiwen/1833602.html\"><img src=\"http://img.meidekan.com/20190210/5cb8c644896f54677.png\" alt=\"师说原文和翻译\"><span>师说原文和翻译</span></a>\n                    <a target=\"_blank\" title=\"秋水原文及其翻译\" href=\"/gushiwen/1805366.html\"><img src=\"http://img.meidekan.com/20180101/5cb6f900dff045425.jpg\" alt=\"秋水原文及其翻译\"><span>秋水原文及其翻译</span></a>\n                </div>\n                <ul class=\"hot-list\">\n                    <li><i></i><a target=\"_blank\" title=\"古籍收藏家的生涯\" href=\"/gushiwen/1878568.html\">古籍收藏家的生涯</a></li>\n                    <li><i></i><a target=\"_blank\" title=\"图书馆古籍介绍信\" href=\"/gushiwen/1878552.html\">图书馆古籍介绍信</a></li>\n                    <li><i></i><a target=\"_blank\" title=\"浅谈图书馆古籍的数字化管理\" href=\"/gushiwen/1878541.html\">浅谈图书馆古籍的数字化管理</a></li>\n                    <li><i></i><a target=\"_blank\" title=\"中国古籍和名著文学大集合\" href=\"/gushiwen/1878524.html\">中国古籍和名著文学大集合</a></li>\n                    <li><i></i><a target=\"_blank\" title=\"善本古籍常识\" href=\"/gushiwen/1878513.html\">善本古籍常识</a></li>\n                    <li><i></i><a target=\"_blank\" title=\"关于古籍刻工的小常识\" href=\"/gushiwen/1878494.html\">关于古籍刻工的小常识</a></li>\n                    <li><i></i><a target=\"_blank\" title=\"古籍的用纸用料\" href=\"/gushiwen/1878484.html\">古籍的用纸用料</a></li>\n                    <li><i></i><a target=\"_blank\" title=\"《古籍小常识》古籍的流传精选推荐\" href=\"/gushiwen/1878463.html\">《古籍小常识》古籍的流传精选推荐</a></li>\n                </ul>\n            </div>\n            <div class=\"hot_top\">\n                <div class=\"new_title\"><i></i><span>频道热点</span></div>\n                <ul>\n                    <li><a target=\"_blank\" title=\"古籍的装帧知识\" href=\"/gushiwen/1878369.html\">古籍的装帧知识</a><span>2019-02-19</span></li>\n                    <li><a target=\"_blank\" title=\"古籍的版式有哪些\" href=\"/gushiwen/1878342.html\">古籍的版式有哪些</a><span>2019-02-19</span></li>\n                    <li><a target=\"_blank\" title=\"古籍的结构是什么\" href=\"/gushiwen/1878341.html\">古籍的结构是什么</a><span>2019-02-19</span></li>\n                    <li><a target=\"_blank\" title=\"《史记·袁盎者传》原文及翻译\" href=\"/gushiwen/1878306.html\">《史记·袁盎者传》原文及翻译</a><span>2019-02-19</span></li>\n                    <li><a target=\"_blank\" title=\"古籍的印刷工艺版本\" href=\"/gushiwen/1878302.html\">古籍的印刷工艺版本</a><span>2019-02-19</span></li>\n                    <li><a target=\"_blank\" title=\"经典古籍《史记》\" href=\"/gushiwen/1878274.html\">经典古籍《史记》</a><span>2019-02-19</span></li>\n                </ul>\n            </div>\n            <div class=\"hot_top\">\n                <div class=\"new_title\"><i></i><span>经典推荐</span></div>\n                <ul>\n                    <li><a target=\"_blank\" title=\"小常识古籍的印章\" href=\"/gushiwen/1878459.html\">小常识古籍的印章</a><span>2019-02-19</span></li>\n                    <li><a target=\"_blank\" title=\"《古籍小常识》古籍的序跋怎么写\" href=\"/gushiwen/1878433.html\">《古籍小常识》古籍的序跋怎么写</a><span>2019-02-19</span></li>\n                    <li><a target=\"_blank\" title=\"古籍常识：古籍之最\" href=\"/gushiwen/1878431.html\">古籍常识：古籍之最</a><span>2019-02-19</span></li>\n                    <li><a target=\"_blank\" title=\"古籍基本知识\" href=\"/gushiwen/1878402.html\">古籍基本知识</a><span>2019-02-19</span></li>\n                    <li><a target=\"_blank\" title=\"古籍整理的方法工序\" href=\"/gushiwen/1878399.html\">古籍整理的方法工序</a><span>2019-02-19</span></li>\n                    <li><a target=\"_blank\" title=\"古籍的书页版式\" href=\"/gushiwen/1878372.html\">古籍的书页版式</a><span>2019-02-19</span></li>\n                </ul>\n            </div>\n        </div>\n        <div class=\"list_r\">\n            <div class=\"list_r_title\"><span>热门文章</span></div>\n            <div class=\"cont\">\n                <a target=\"_blank\" title=\"经典古籍《山海经》介绍\" href=\"/gushiwen/1878252.html\">经典古籍《山海经》介绍</a>\n                <p>　　《山海经》是一部有名的志怪古籍，以下是小编整理的经典古籍《山海经》介绍，欢迎参考阅读！ ...</p>\n            </div>\n            <ul>\n                <li><i>1</i><a target=\"_blank\" title=\"古籍之《孙子兵法》介绍\" href=\"/gushiwen/1878244.html\">古籍之《孙子兵法》介绍</a></li>\n                <li><i>2</i><a target=\"_blank\" title=\"古籍《周易》介绍\" href=\"/gushiwen/1878231.html\">古籍《周易》介绍</a></li>\n                <li><i>3</i><a target=\"_blank\" title=\"《吕氏春秋》孟春纪原文\" href=\"/gushiwen/1878215.html\">《吕氏春秋》孟春纪原文</a></li>\n                <li><i>4</i><a target=\"_blank\" title=\"经典古籍《道德经》介绍\" href=\"/gushiwen/1878202.html\">经典古籍《道德经》介绍</a></li>\n                <li><i>5</i><a target=\"_blank\" title=\"《吕氏春秋·仲春纪》原文\" href=\"/gushiwen/1878183.html\">《吕氏春秋·仲春纪》原文</a></li>\n                <li><i>6</i><a target=\"_blank\" title=\"经典古籍《鬼谷子》\" href=\"/gushiwen/1878170.html\">经典古籍《鬼谷子》</a></li>\n                <li><i>7</i><a target=\"_blank\" title=\"《吕氏春秋》季春纪原文\" href=\"/gushiwen/1878152.html\">《吕氏春秋》季春纪原文</a></li>\n                <li><i>8</i><a target=\"_blank\" title=\"中国经典古籍《黄帝内经》\" href=\"/gushiwen/1878143.html\">中国经典古籍《黄帝内经》</a></li>\n                <li><i>9</i><a target=\"_blank\" title=\"《吕氏春秋》孟夏纪原文\" href=\"/gushiwen/1878122.html\">《吕氏春秋》孟夏纪原文</a></li>\n                <li><i>10</i><a target=\"_blank\" title=\"经典医学著作《本草纲目》\" href=\"/gushiwen/1878117.html\">经典医学著作《本草纲目》</a></li>\n            </ul>\n        </div>\n    </div>\n    <div class=\"index_list\">\n        <div class=\"list_l\">\n            <a class=\"l_title\" target=\"_blank\" title=\"实用文\" href=\"/shiyongwen/\">实用文</a>\n            <ul class=\"l_lmu\">\n                <li><a class=\"l_more\" target=\"_blank\" title=\"实用文\" href=\"/shiyongwen/\">更多</a></li>\n            </ul>\n        </div>\n        <div class=\"list_m\">\n            <div class=\"new_image\">\n                <div class=\"hot-image\">\n                    <a target=\"_blank\" title=\"车贴标语\" href=\"/shiyongwen/2773776.html\"><img src=\"http://static.meidekan.com/images/default.jpg\" alt=\"车贴标语\"><span>车贴标语</span></a>\n                    <a target=\"_blank\" title=\"最新工会上半年工作总结\" href=\"/shiyongwen/1995508.html\"><img src=\"http://img.meidekan.com/20180101/5cb6f9d28af9c3003.jpg\" alt=\"最新工会上半年工作总结\"><span>最新工会上半年工作总结</span></a>\n                </div>\n                <ul class=\"hot-list\">\n                    <li><i></i><a target=\"_blank\" title=\"我是雾霾_应用文200字\" href=\"/shiyongwen/3138784.html\">我是雾霾_应用文200字</a></li>\n                    <li><i></i><a target=\"_blank\" title=\"不忘国耻，振兴中华_演讲稿作文350字\" href=\"/shiyongwen/3136962.html\">不忘国耻，振兴中华_演讲稿作文350字</a></li>\n                    <li><i></i><a target=\"_blank\" title=\"一幕难忘的短剧_应用文700字\" href=\"/shiyongwen/3127510.html\">一幕难忘的短剧_应用文700字</a></li>\n                    <li><i></i><a target=\"_blank\" title=\"中队委竞选演讲_演讲稿300字\" href=\"/shiyongwen/3118959.html\">中队委竞选演讲_演讲稿300字</a></li>\n                    <li><i></i><a target=\"_blank\" title=\"《他们最幸福》读后感\" href=\"/shiyongwen/3118844.html\">《他们最幸福》读后感</a></li>\n                    <li><i></i><a target=\"_blank\" title=\"伸出援助之手和贫困学生一起成长_倡议书800字\" href=\"/shiyongwen/3118834.html\">伸出援助之手和贫困学生一起成长_倡议书800字</a></li>\n                    <li><i></i><a target=\"_blank\" title=\"感动中国2014颁奖词 感动中国2014十大人物颁奖词\" href=\"/shiyongwen/3118655.html\">感动中国2014颁奖词 感动中国2014十大人物颁奖词</a></li>\n                    <li><i></i><a target=\"_blank\" title=\"公司乔迁之喜贺词\" href=\"/shiyongwen/3115498.html\">公司乔迁之喜贺词</a></li>\n                </ul>\n                <div class=\"hot-image\">\n                    <a target=\"_blank\" title=\"店长年度考核个人总结\" href=\"/shiyongwen/1991986.html\"><img src=\"http://img.meidekan.com/20180218/5cb7e642a84663225.jpg\" alt=\"店长年度考核个人总结\"><span>店长年度考核个人总结</span></a>\n                    <a target=\"_blank\" title=\"年终总结大纲思路\" href=\"/shiyongwen/1985172.html\"><img src=\"http://img.meidekan.com/20180101/5cb6f881003a82279.jpg\" alt=\"年终总结大纲思路\"><span>年终总结大纲思路</span></a>\n                </div>\n                <ul class=\"hot-list\">\n                    <li><i></i><a target=\"_blank\" title=\"竞选生活委员_发言稿600字\" href=\"/shiyongwen/3115326.html\">竞选生活委员_发言稿600字</a></li>\n                    <li><i></i><a target=\"_blank\" title=\"毕业典礼_五年级小学生发言稿600字\" href=\"/shiyongwen/3115325.html\">毕业典礼_五年级小学生发言稿600字</a></li>\n                    <li><i></i><a target=\"_blank\" title=\"做一个诚信的人_关于诚信的作文750字\" href=\"/shiyongwen/3115113.html\">做一个诚信的人_关于诚信的作文750字</a></li>\n                    <li><i></i><a target=\"_blank\" title=\"节约用水，从我做起_关于节约用水作文600字\" href=\"/shiyongwen/3115112.html\">节约用水，从我做起_关于节约用水作文600字</a></li>\n                    <li><i></i><a target=\"_blank\" title=\"我家的菜地_应用文200字\" href=\"/shiyongwen/3114992.html\">我家的菜地_应用文200字</a></li>\n                    <li><i></i><a target=\"_blank\" title=\"弘扬诚实守信之风，从我做起_关于诚信作文1000字\" href=\"/shiyongwen/3114848.html\">弘扬诚实守信之风，从我做起_关于诚信作文1000字</a></li>\n                    <li><i></i><a target=\"_blank\" title=\"早_应用文700字\" href=\"/shiyongwen/3112424.html\">早_应用文700字</a></li>\n                    <li><i></i><a target=\"_blank\" title=\"不忘初心，方得始终_关于不忘初心的作文1000字\" href=\"/shiyongwen/3112152.html\">不忘初心，方得始终_关于不忘初心的作文1000字</a></li>\n                </ul>\n            </div>\n            <div class=\"hot_top\">\n                <div class=\"new_title\"><i></i><span>频道热点</span></div>\n                <ul>\n                    <li><a target=\"_blank\" title=\"我的“铁面”爸爸_应用文350字\" href=\"/shiyongwen/3110545.html\">我的“铁面”爸爸_应用文350字</a><span>2019-08-12</span></li>\n                    <li><a target=\"_blank\" title=\"节约自然资源倡议书550字\" href=\"/shiyongwen/3110502.html\">节约自然资源倡议书550字</a><span>2019-08-12</span></li>\n                    <li><a target=\"_blank\" title=\"细节决定成败_国旗下讲话\" href=\"/shiyongwen/3110492.html\">细节决定成败_国旗下讲话</a><span>2019-08-12</span></li>\n                    <li><a target=\"_blank\" title=\"一局牌_应用文100字\" href=\"/shiyongwen/3109912.html\">一局牌_应用文100字</a><span>2019-08-12</span></li>\n                    <li><a target=\"_blank\" title=\"我的语文测试分析_应用文200字\" href=\"/shiyongwen/3109353.html\">我的语文测试分析_应用文200字</a><span>2019-08-12</span></li>\n                    <li><a target=\"_blank\" title=\"竞选宣传委员的发言稿_小学演讲稿300字\" href=\"/shiyongwen/3109230.html\">竞选宣传委员的发言稿_小学演讲稿300字</a><span>2019-08-12</span></li>\n                </ul>\n            </div>\n            <div class=\"hot_top\">\n                <div class=\"new_title\"><i></i><span>经典推荐</span></div>\n                <ul>\n                    <li><a target=\"_blank\" title=\"学习雷锋，从小事做起_关于雷锋作文1000字\" href=\"/shiyongwen/3112151.html\">学习雷锋，从小事做起_关于雷锋作文1000字</a><span>2019-08-12</span></li>\n                    <li><a target=\"_blank\" title=\"走复兴路 圆中国梦 谁的责任_高中演讲稿1200字\" href=\"/shiyongwen/3111689.html\">走复兴路 圆中国梦 谁的责任_高中演讲稿12</a><span>2019-08-12</span></li>\n                    <li><a target=\"_blank\" title=\"考卷发下后_应用文300字\" href=\"/shiyongwen/3111431.html\">考卷发下后_应用文300字</a><span>2019-08-12</span></li>\n                    <li><a target=\"_blank\" title=\"未来之路 有心有爱有梦_国旗下的讲话2000字\" href=\"/shiyongwen/3111282.html\">未来之路 有心有爱有梦_国旗下的讲话2000</a><span>2019-08-12</span></li>\n                    <li><a target=\"_blank\" title=\"珍惜当下，努力变强_国旗下的讲话1000字\" href=\"/shiyongwen/3111279.html\">珍惜当下，努力变强_国旗下的讲话1000字</a><span>2019-08-12</span></li>\n                    <li><a target=\"_blank\" title=\"当我和“我”不一样_国旗下的讲话1400字\" href=\"/shiyongwen/3111278.html\">当我和“我”不一样_国旗下的讲话1400字</a><span>2019-08-12</span></li>\n                </ul>\n            </div>\n        </div>\n        <div class=\"list_r\">\n            <div class=\"list_r_title\"><span>热门文章</span></div>\n            <div class=\"cont\">\n                <a target=\"_blank\" title=\"垃圾分类·小举大善·学习策略·巧思益智_写事作文350字\" href=\"/shiyongwen/3109066.html\">垃圾分类·小举大善·学习策略·巧思益智_写事作文350字</a>\n                <p>　　美德网小编主要从、、、等方面来阐述，希望通过垃圾分类·小举大善·学习策略·巧思益智_写事...</p>\n            </div>\n            <ul>\n                <li><i>1</i><a target=\"_blank\" title=\"不忘初心，共建祖国的美好未来_国旗下讲话稿1200字\" href=\"/shiyongwen/3108605.html\">不忘初心，共建祖国的美好未来_国旗下讲话稿1200字</a></li>\n                <li><i>2</i><a target=\"_blank\" title=\"元旦暖人心_关于元旦作文1400字\" href=\"/shiyongwen/3108566.html\">元旦暖人心_关于元旦作文1400字</a></li>\n                <li><i>3</i><a target=\"_blank\" title=\"深植家国情怀 直面使命担当_国旗下的讲话1200字\" href=\"/shiyongwen/3108200.html\">深植家国情怀 直面使命担当_国旗下的讲话1200字</a></li>\n                <li><i>4</i><a target=\"_blank\" title=\"成功，就在再坚持一下的努力之中_国旗下的讲话1200字\" href=\"/shiyongwen/3108196.html\">成功，就在再坚持一下的努力之中_国旗下的讲话1200字</a></li>\n                <li><i>5</i><a target=\"_blank\" title=\"成功贵在坚持 奋斗成就梦想_国旗下的讲话1600字\" href=\"/shiyongwen/3108195.html\">成功贵在坚持 奋斗成就梦想_国旗下的讲话1600字</a></li>\n                <li><i>6</i><a target=\"_blank\" title=\"让优秀成为一种习惯，遇见最好的自己！_国旗下的讲话1200字\" href=\"/shiyongwen/3108188.html\">让优秀成为一种习惯，遇见最好的自己！_国旗下的讲话1200字</a></li>\n                <li><i>7</i><a target=\"_blank\" title=\"不负春光不负己 坚定信念绽芳华_国旗下的讲话1500字\" href=\"/shiyongwen/3108186.html\">不负春光不负己 坚定信念绽芳华_国旗下的讲话1500字</a></li>\n                <li><i>8</i><a target=\"_blank\" title=\"公共资源的主动共建和积极共享_国旗下的讲话1500字\" href=\"/shiyongwen/3108185.html\">公共资源的主动共建和积极共享_国旗下的讲话1500字</a></li>\n                <li><i>9</i><a target=\"_blank\" title=\"我参与 我行动_国旗下的讲话1200字\" href=\"/shiyongwen/3108184.html\">我参与 我行动_国旗下的讲话1200字</a></li>\n                <li><i>10</i><a target=\"_blank\" title=\"提升文明素养 共建文明城市_国旗下的讲话1900字\" href=\"/shiyongwen/3108183.html\">提升文明素养 共建文明城市_国旗下的讲话1900字</a></li>\n            </ul>\n        </div>\n    </div>\n    <div class=\"index_list\">\n        <div class=\"list_l\">\n            <a class=\"l_title\" target=\"_blank\" title=\"试题\" href=\"/shiti/\">试题</a>\n            <ul class=\"l_lmu\">\n                <li><a class=\"l_more\" target=\"_blank\" title=\"试题\" href=\"/shiti/\">更多</a></li>\n            </ul>\n        </div>\n        <div class=\"list_m\">\n            <div class=\"new_image\">\n                <div class=\"hot-image\">\n                    <a target=\"_blank\" title=\"小学四年级数学下册的期中试卷\" href=\"/shiti/136493.html\"><img src=\"http://img.meidekan.com/20180101/5cb6f8c4834c74999.jpg\" alt=\"小学四年级数学下册的期中试卷\"><span>小学四年级数学下册的期中试卷</span></a>\n                    <a target=\"_blank\" title=\"苏教国标版三年级上册数学期中试卷\" href=\"/shiti/136195.html\"><img src=\"http://img.meidekan.com/20180101/5cb6f8618b31a8658.jpg\" alt=\"苏教国标版三年级上册数学期中试卷\"><span>苏教国标版三年级上册数学期中试卷</span></a>\n                </div>\n                <ul class=\"hot-list\">\n                    <li><i></i><a target=\"_blank\" title=\"五年级下册数学期中试卷\" href=\"/shiti/138078.html\">五年级下册数学期中试卷</a></li>\n                    <li><i></i><a target=\"_blank\" title=\"南长街小学五年级数学期中测试卷\" href=\"/shiti/137817.html\">南长街小学五年级数学期中测试卷</a></li>\n                    <li><i></i><a target=\"_blank\" title=\"学年五年级数学上期中试卷\" href=\"/shiti/137810.html\">学年五年级数学上期中试卷</a></li>\n                    <li><i></i><a target=\"_blank\" title=\"一年级下册数学期中测试卷\" href=\"/shiti/137547.html\">一年级下册数学期中测试卷</a></li>\n                    <li><i></i><a target=\"_blank\" title=\"人教版五年级上册数学期中试卷\" href=\"/shiti/137542.html\">人教版五年级上册数学期中试卷</a></li>\n                    <li><i></i><a target=\"_blank\" title=\"北师大版小学二年级上学期期中测试卷\" href=\"/shiti/137275.html\">北师大版小学二年级上学期期中测试卷</a></li>\n                    <li><i></i><a target=\"_blank\" title=\"小学二年级上册数学期中测试试卷\" href=\"/shiti/137274.html\">小学二年级上册数学期中测试试卷</a></li>\n                    <li><i></i><a target=\"_blank\" title=\"北师大版六年级上册数学期中试卷\" href=\"/shiti/137013.html\">北师大版六年级上册数学期中试卷</a></li>\n                </ul>\n                <div class=\"hot-image\">\n                    <a target=\"_blank\" title=\"小学三年级下学期数学期中测试卷和答案\" href=\"/shiti/132985.html\"><img src=\"http://img.meidekan.com/20180110/5cb7c7ba0fe912798.jpg\" alt=\"小学三年级下学期数学期中测试卷和答案\"><span>小学三年级下学期数学期中测试卷和答案</span></a>\n                    <a target=\"_blank\" title=\"苏教版小学一年级数学期中试卷\" href=\"/shiti/129490.html\"><img src=\"http://img.meidekan.com/20180101/5cb6f940552d05946.jpg\" alt=\"苏教版小学一年级数学期中试卷\"><span>苏教版小学一年级数学期中试卷</span></a>\n                </div>\n                <ul class=\"hot-list\">\n                    <li><i></i><a target=\"_blank\" title=\"北师大版五年级上册数学期中试卷\" href=\"/shiti/137009.html\">北师大版五年级上册数学期中试卷</a></li>\n                    <li><i></i><a target=\"_blank\" title=\"三年级上学期数学期中测试卷\" href=\"/shiti/136744.html\">三年级上学期数学期中测试卷</a></li>\n                    <li><i></i><a target=\"_blank\" title=\"六年级数学上册期中检测试卷\" href=\"/shiti/136740.html\">六年级数学上册期中检测试卷</a></li>\n                    <li><i></i><a target=\"_blank\" title=\"小学四年级数学下册的期中试卷\" href=\"/shiti/136493.html\">小学四年级数学下册的期中试卷</a></li>\n                    <li><i></i><a target=\"_blank\" title=\"新北师大版六年级数学上册期中评估测试试卷\" href=\"/shiti/136472.html\">新北师大版六年级数学上册期中评估测试试卷</a></li>\n                    <li><i></i><a target=\"_blank\" title=\"苏教版三年级数学期中试卷\" href=\"/shiti/136202.html\">苏教版三年级数学期中试卷</a></li>\n                    <li><i></i><a target=\"_blank\" title=\"苏教国标版三年级上册数学期中试卷\" href=\"/shiti/136195.html\">苏教国标版三年级上册数学期中试卷</a></li>\n                    <li><i></i><a target=\"_blank\" title=\"苏教版三年级数学下册期中测试卷\" href=\"/shiti/135938.html\">苏教版三年级数学下册期中测试卷</a></li>\n                </ul>\n            </div>\n            <div class=\"hot_top\">\n                <div class=\"new_title\"><i></i><span>频道热点</span></div>\n                <ul>\n                    <li><a target=\"_blank\" title=\"小学二年级数学下册的期中试卷\" href=\"/shiti/135128.html\">小学二年级数学下册的期中试卷</a><span>2018-02-13</span></li>\n                    <li><a target=\"_blank\" title=\"二年级下册数学期中试卷与答案\" href=\"/shiti/134866.html\">二年级下册数学期中试卷与答案</a><span>2018-02-13</span></li>\n                    <li><a target=\"_blank\" title=\"二年级下册数学期中测试卷及答案\" href=\"/shiti/134864.html\">二年级下册数学期中测试卷及答案</a><span>2018-02-13</span></li>\n                    <li><a target=\"_blank\" title=\"小学六年级的数学上册期中试卷\" href=\"/shiti/134591.html\">小学六年级的数学上册期中试卷</a><span>2018-02-13</span></li>\n                    <li><a target=\"_blank\" title=\"小学六年级下册数学的期中试卷\" href=\"/shiti/134587.html\">小学六年级下册数学的期中试卷</a><span>2018-02-13</span></li>\n                    <li><a target=\"_blank\" title=\"小学四年级数学第八册期中测试卷\" href=\"/shiti/134326.html\">小学四年级数学第八册期中测试卷</a><span>2018-02-13</span></li>\n                </ul>\n            </div>\n            <div class=\"hot_top\">\n                <div class=\"new_title\"><i></i><span>经典推荐</span></div>\n                <ul>\n                    <li><a target=\"_blank\" title=\"北师大版三年级数学下册期中测试卷\" href=\"/shiti/135927.html\">北师大版三年级数学下册期中测试卷</a><span>2018-02-13</span></li>\n                    <li><a target=\"_blank\" title=\"人教版小学六年级数学下册期中试卷\" href=\"/shiti/135663.html\">人教版小学六年级数学下册期中试卷</a><span>2018-02-13</span></li>\n                    <li><a target=\"_blank\" title=\"三年级数学下册的期中测试卷\" href=\"/shiti/135662.html\">三年级数学下册的期中测试卷</a><span>2018-02-13</span></li>\n                    <li><a target=\"_blank\" title=\"北师大版三年级上册数学期中试卷\" href=\"/shiti/135402.html\">北师大版三年级上册数学期中试卷</a><span>2018-02-13</span></li>\n                    <li><a target=\"_blank\" title=\"七年级英语上册期中质量检测试卷\" href=\"/shiti/135396.html\">七年级英语上册期中质量检测试卷</a><span>2018-02-13</span></li>\n                    <li><a target=\"_blank\" title=\"二年级上册期中检测试卷\" href=\"/shiti/135135.html\">二年级上册期中检测试卷</a><span>2018-02-13</span></li>\n                </ul>\n            </div>\n        </div>\n        <div class=\"list_r\">\n            <div class=\"list_r_title\"><span>热门文章</span></div>\n            <div class=\"cont\">\n                <a target=\"_blank\" title=\"小学六年级下册的数学期中试卷\" href=\"/shiti/134324.html\">小学六年级下册的数学期中试卷</a>\n                <p>　　一、填空(每空1分,,共22分) 1.我们把圆的周长与直径的比值叫做( )，用字母( )...</p>\n            </div>\n            <ul>\n                <li><i>1</i><a target=\"_blank\" title=\"小学五年级数学上册期中测试卷及答案\" href=\"/shiti/134061.html\">小学五年级数学上册期中测试卷及答案</a></li>\n                <li><i>2</i><a target=\"_blank\" title=\" 五年级数学上册期中的测试卷练习\" href=\"/shiti/134055.html\"> 五年级数学上册期中的测试卷练习</a></li>\n                <li><i>3</i><a target=\"_blank\" title=\"小学数学四年级下册期中试卷\" href=\"/shiti/133837.html\">小学数学四年级下册期中试卷</a></li>\n                <li><i>4</i><a target=\"_blank\" title=\"人教版小学五年级上册的数学期中测试卷\" href=\"/shiti/133787.html\">人教版小学五年级上册的数学期中测试卷</a></li>\n                <li><i>5</i><a target=\"_blank\" title=\"小学五六年级语数期中试卷\" href=\"/shiti/133548.html\">小学五六年级语数期中试卷</a></li>\n                <li><i>6</i><a target=\"_blank\" title=\"小学一年级的数学下册期中试卷\" href=\"/shiti/133514.html\">小学一年级的数学下册期中试卷</a></li>\n                <li><i>7</i><a target=\"_blank\" title=\"人教版五年级数学下册期中的试卷\" href=\"/shiti/133257.html\">人教版五年级数学下册期中的试卷</a></li>\n                <li><i>8</i><a target=\"_blank\" title=\"新人教版小学三年级的数学下册期中试卷\" href=\"/shiti/133247.html\">新人教版小学三年级的数学下册期中试卷</a></li>\n                <li><i>9</i><a target=\"_blank\" title=\"苏教版小学六年级数学下册期中的试卷\" href=\"/shiti/132989.html\">苏教版小学六年级数学下册期中的试卷</a></li>\n                <li><i>10</i><a target=\"_blank\" title=\"小学三年级下学期数学期中测试卷和答案\" href=\"/shiti/132985.html\">小学三年级下学期数学期中测试卷和答案</a></li>\n            </ul>\n        </div>\n    </div>\n    <div class=\"index_list\">\n        <div class=\"list_l\">\n            <a class=\"l_title\" target=\"_blank\" title=\"教案\" href=\"/jiaoan/\">教案</a>\n            <ul class=\"l_lmu\">\n                <li><a class=\"l_more\" target=\"_blank\" title=\"教案\" href=\"/jiaoan/\">更多</a></li>\n            </ul>\n        </div>\n        <div class=\"list_m\">\n            <div class=\"new_image\">\n                <div class=\"hot-image\">\n                    <a target=\"_blank\" title=\"《一去二三里》的识字教案\" href=\"/jiaoan/249644.html\"><img src=\"http://img.meidekan.com/20180101/5cb6f83ed4ed94932.jpg\" alt=\"《一去二三里》的识字教案\"><span>《一去二三里》的识字教案</span></a>\n                    <a target=\"_blank\" title=\"一年级下册《识字7》的教案\" href=\"/jiaoan/249106.html\"><img src=\"http://img.meidekan.com/20180101/5cb6f83ed4ed94932.jpg\" alt=\"一年级下册《识字7》的教案\"><span>一年级下册《识字7》的教案</span></a>\n                </div>\n                <ul class=\"hot-list\">\n                    <li><i></i><a target=\"_blank\" title=\"一年级下册《识字6》第一课时教案\" href=\"/jiaoan/250176.html\">一年级下册《识字6》第一课时教案</a></li>\n                    <li><i></i><a target=\"_blank\" title=\"《等差数列》第一课时教案\" href=\"/jiaoan/250070.html\">《等差数列》第一课时教案</a></li>\n                    <li><i></i><a target=\"_blank\" title=\"《让我们荡起双桨》第一课时教案\" href=\"/jiaoan/249913.html\">《让我们荡起双桨》第一课时教案</a></li>\n                    <li><i></i><a target=\"_blank\" title=\"大班优秀教案：《海的女儿》\" href=\"/jiaoan/249778.html\">大班优秀教案：《海的女儿》</a></li>\n                    <li><i></i><a target=\"_blank\" title=\"《一去二三里》的识字教案\" href=\"/jiaoan/249644.html\">《一去二三里》的识字教案</a></li>\n                    <li><i></i><a target=\"_blank\" title=\"识字1的教案\" href=\"/jiaoan/249516.html\">识字1的教案</a></li>\n                    <li><i></i><a target=\"_blank\" title=\"人教新课标第三册《识字三》教案范文\" href=\"/jiaoan/249376.html\">人教新课标第三册《识字三》教案范文</a></li>\n                    <li><i></i><a target=\"_blank\" title=\"一年级下册识字4优秀教案设计范文\" href=\"/jiaoan/249252.html\">一年级下册识字4优秀教案设计范文</a></li>\n                </ul>\n                <div class=\"hot-image\">\n                    <a target=\"_blank\" title=\"二年级《识字7》的教案设计\" href=\"/jiaoan/248982.html\"><img src=\"http://img.meidekan.com/20180101/5cb6f92e3dbad7552.jpg\" alt=\"二年级《识字7》的教案设计\"><span>二年级《识字7》的教案设计</span></a>\n                    <a target=\"_blank\" title=\"识字5的教案\" href=\"/jiaoan/247749.html\"><img src=\"http://img.meidekan.com/20180220/5cb7e7c44b4567494.jpg\" alt=\"识字5的教案\"><span>识字5的教案</span></a>\n                </div>\n                <ul class=\"hot-list\">\n                    <li><i></i><a target=\"_blank\" title=\"一年级下册《识字7》的教案\" href=\"/jiaoan/249106.html\">一年级下册《识字7》的教案</a></li>\n                    <li><i></i><a target=\"_blank\" title=\"二年级《识字7》的教案设计\" href=\"/jiaoan/248982.html\">二年级《识字7》的教案设计</a></li>\n                    <li><i></i><a target=\"_blank\" title=\"人教版一年级下册识字教案范文\" href=\"/jiaoan/248826.html\">人教版一年级下册识字教案范文</a></li>\n                    <li><i></i><a target=\"_blank\" title=\"《识字五》教案设计\" href=\"/jiaoan/248724.html\">《识字五》教案设计</a></li>\n                    <li><i></i><a target=\"_blank\" title=\"《识字七》教案设计\" href=\"/jiaoan/248565.html\">《识字七》教案设计</a></li>\n                    <li><i></i><a target=\"_blank\" title=\"大班识字活动《送拖鞋》教案\" href=\"/jiaoan/248458.html\">大班识字活动《送拖鞋》教案</a></li>\n                    <li><i></i><a target=\"_blank\" title=\"人教新课标第三册识字1教案\" href=\"/jiaoan/248282.html\">人教新课标第三册识字1教案</a></li>\n                    <li><i></i><a target=\"_blank\" title=\"语文《识字》教案设计\" href=\"/jiaoan/248190.html\">语文《识字》教案设计</a></li>\n                </ul>\n            </div>\n            <div class=\"hot_top\">\n                <div class=\"new_title\"><i></i><span>频道热点</span></div>\n                <ul>\n                    <li><a target=\"_blank\" title=\"小学二年级上册《识字7》教案\" href=\"/jiaoan/247148.html\">小学二年级上册《识字7》教案</a><span>2018-03-22</span></li>\n                    <li><a target=\"_blank\" title=\"识字3二年级教案\" href=\"/jiaoan/247103.html\">识字3二年级教案</a><span>2018-03-22</span></li>\n                    <li><a target=\"_blank\" title=\"小学一年级识字金木水火土教案\" href=\"/jiaoan/246877.html\">小学一年级识字金木水火土教案</a><span>2018-03-22</span></li>\n                    <li><a target=\"_blank\" title=\"人教版一年级识字7课堂的教案\" href=\"/jiaoan/246839.html\">人教版一年级识字7课堂的教案</a><span>2018-03-21</span></li>\n                    <li><a target=\"_blank\" title=\"人教版一年级下册识字7优秀教案\" href=\"/jiaoan/246612.html\">人教版一年级下册识字7优秀教案</a><span>2018-03-21</span></li>\n                    <li><a target=\"_blank\" title=\"识字游戏的教案\" href=\"/jiaoan/246536.html\">识字游戏的教案</a><span>2018-03-21</span></li>\n                </ul>\n            </div>\n            <div class=\"hot_top\">\n                <div class=\"new_title\"><i></i><span>经典推荐</span></div>\n                <ul>\n                    <li><a target=\"_blank\" title=\"人教版第三册《识字七》的教案\" href=\"/jiaoan/248016.html\">人教版第三册《识字七》的教案</a><span>2018-03-22</span></li>\n                    <li><a target=\"_blank\" title=\"人教版《识字七》教案\" href=\"/jiaoan/247913.html\">人教版《识字七》教案</a><span>2018-03-22</span></li>\n                    <li><a target=\"_blank\" title=\"识字5的教案\" href=\"/jiaoan/247749.html\">识字5的教案</a><span>2018-03-22</span></li>\n                    <li><a target=\"_blank\" title=\"人教版一年级第一册《日月明》识字教案设计\" href=\"/jiaoan/247649.html\">人教版一年级第一册《日月明》识字教案设计</a><span>2018-03-22</span></li>\n                    <li><a target=\"_blank\" title=\"人教版一年级下册识字教案\" href=\"/jiaoan/247481.html\">人教版一年级下册识字教案</a><span>2018-03-22</span></li>\n                    <li><a target=\"_blank\" title=\"一年级下册识字教案设计范文\" href=\"/jiaoan/247364.html\">一年级下册识字教案设计范文</a><span>2018-03-22</span></li>\n                </ul>\n            </div>\n        </div>\n        <div class=\"list_r\">\n            <div class=\"list_r_title\"><span>热门文章</span></div>\n            <div class=\"cont\">\n                <a target=\"_blank\" title=\"语文识字6的教案设计\" href=\"/jiaoan/246359.html\">语文识字6的教案设计</a>\n                <p>　　【教学目标】 １、认识“海、鸥”等１４个生字。会写“沙、海”等６个字。 ２、正确、流利地...</p>\n            </div>\n            <ul>\n                <li><i>1</i><a target=\"_blank\" title=\"一年级识字精品教案设计\" href=\"/jiaoan/246266.html\">一年级识字精品教案设计</a></li>\n                <li><i>2</i><a target=\"_blank\" title=\"人教版语文课堂《识字2》的教案\" href=\"/jiaoan/246094.html\">人教版语文课堂《识字2》的教案</a></li>\n                <li><i>3</i><a target=\"_blank\" title=\"人教版语文第一册《识字4》教案范文\" href=\"/jiaoan/246005.html\">人教版语文第一册《识字4》教案范文</a></li>\n                <li><i>4</i><a target=\"_blank\" title=\"识字教案范文\" href=\"/jiaoan/245828.html\">识字教案范文</a></li>\n                <li><i>5</i><a target=\"_blank\" title=\"《识字1》教案\" href=\"/jiaoan/245743.html\">《识字1》教案</a></li>\n                <li><i>6</i><a target=\"_blank\" title=\"《识字学词学句》的教案\" href=\"/jiaoan/245563.html\">《识字学词学句》的教案</a></li>\n                <li><i>7</i><a target=\"_blank\" title=\"一年级《识字五》的教案\" href=\"/jiaoan/245461.html\">一年级《识字五》的教案</a></li>\n                <li><i>8</i><a target=\"_blank\" title=\"《看图识字》的教案\" href=\"/jiaoan/245295.html\">《看图识字》的教案</a></li>\n                <li><i>9</i><a target=\"_blank\" title=\"《识字１》教案设计\" href=\"/jiaoan/245200.html\">《识字１》教案设计</a></li>\n                <li><i>10</i><a target=\"_blank\" title=\"一年级下册识字4的教案示例\" href=\"/jiaoan/245025.html\">一年级下册识字4的教案示例</a></li>\n            </ul>\n        </div>\n    </div>\n    <div class=\"index_list\">\n        <div class=\"list_l\">\n            <a class=\"l_title\" target=\"_blank\" title=\"课件\" href=\"/kejian/\">课件</a>\n            <ul class=\"l_lmu\">\n                <li><a class=\"l_more\" target=\"_blank\" title=\"课件\" href=\"/kejian/\">更多</a></li>\n            </ul>\n        </div>\n        <div class=\"list_m\">\n            <div class=\"new_image\">\n                <div class=\"hot-image\">\n                    <a target=\"_blank\" title=\"摘星的少年的课件\" href=\"/kejian/1677178.html\"><img src=\"http://img.meidekan.com/20180202/5cb7db26609327846.jpg\" alt=\"摘星的少年的课件\"><span>摘星的少年的课件</span></a>\n                    <a target=\"_blank\" title=\"《茶馆》的课件\" href=\"/kejian/1662755.html\"><img src=\"http://img.meidekan.com/20180104/5cb7c27031bd45801.jpg\" alt=\"《茶馆》的课件\"><span>《茶馆》的课件</span></a>\n                </div>\n                <ul class=\"hot-list\">\n                    <li><i></i><a target=\"_blank\" title=\"有关古诗中的丝绸之路\" href=\"/kejian/1687630.html\">有关古诗中的丝绸之路</a></li>\n                    <li><i></i><a target=\"_blank\" title=\"物理《声现象》复习课件\" href=\"/kejian/1687471.html\">物理《声现象》复习课件</a></li>\n                    <li><i></i><a target=\"_blank\" title=\"高一物理《曲线运动》复习课件\" href=\"/kejian/1687449.html\">高一物理《曲线运动》复习课件</a></li>\n                    <li><i></i><a target=\"_blank\" title=\"《扇形统计图》教案课件\" href=\"/kejian/1687306.html\">《扇形统计图》教案课件</a></li>\n                    <li><i></i><a target=\"_blank\" title=\"五年级数学下册《正方体》课件\" href=\"/kejian/1687285.html\">五年级数学下册《正方体》课件</a></li>\n                    <li><i></i><a target=\"_blank\" title=\"五年级数学下册《长方体》的课件\" href=\"/kejian/1687144.html\">五年级数学下册《长方体》的课件</a></li>\n                    <li><i></i><a target=\"_blank\" title=\"语文课程《狼》的课件\" href=\"/kejian/1686981.html\">语文课程《狼》的课件</a></li>\n                    <li><i></i><a target=\"_blank\" title=\"《安塞腰鼓》的教学课件\" href=\"/kejian/1686959.html\">《安塞腰鼓》的教学课件</a></li>\n                </ul>\n                <div class=\"hot-image\">\n                    <a target=\"_blank\" title=\"高士其《笑》的课件\" href=\"/kejian/1605583.html\"><img src=\"http://img.meidekan.com/20180101/5cb6f8788d77e8237.jpg\" alt=\"高士其《笑》的课件\"><span>高士其《笑》的课件</span></a>\n                    <a target=\"_blank\" title=\"黄河颂的课件\" href=\"/kejian/1604275.html\"><img src=\"http://img.meidekan.com/20181227/5cb8ad0dc57261048.png\" alt=\"黄河颂的课件\"><span>黄河颂的课件</span></a>\n                </div>\n                <ul class=\"hot-list\">\n                    <li><i></i><a target=\"_blank\" title=\"《斑羚飞渡》的语文课件\" href=\"/kejian/1686819.html\">《斑羚飞渡》的语文课件</a></li>\n                    <li><i></i><a target=\"_blank\" title=\"《珍珠鸟》的课件\" href=\"/kejian/1686797.html\">《珍珠鸟》的课件</a></li>\n                    <li><i></i><a target=\"_blank\" title=\"《观舞记》的课件\" href=\"/kejian/1686658.html\">《观舞记》的课件</a></li>\n                    <li><i></i><a target=\"_blank\" title=\"《伟大的悲剧》的课件\" href=\"/kejian/1686646.html\">《伟大的悲剧》的课件</a></li>\n                    <li><i></i><a target=\"_blank\" title=\"《口技》的课件\" href=\"/kejian/1686494.html\">《口技》的课件</a></li>\n                    <li><i></i><a target=\"_blank\" title=\"《竹影》的课件\" href=\"/kejian/1686477.html\">《竹影》的课件</a></li>\n                    <li><i></i><a target=\"_blank\" title=\"《土地的誓言》的课件\" href=\"/kejian/1686327.html\">《土地的誓言》的课件</a></li>\n                    <li><i></i><a target=\"_blank\" title=\"《爸爸的花儿落了》的课件\" href=\"/kejian/1686313.html\">《爸爸的花儿落了》的课件</a></li>\n                </ul>\n            </div>\n            <div class=\"hot_top\">\n                <div class=\"new_title\"><i></i><span>频道热点</span></div>\n                <ul>\n                    <li><a target=\"_blank\" title=\"《盲孩子和他的影子》课件\" href=\"/kejian/1685661.html\">《盲孩子和他的影子》课件</a><span>2019-01-12</span></li>\n                    <li><a target=\"_blank\" title=\"《散步》的课件\" href=\"/kejian/1685652.html\">《散步》的课件</a><span>2019-01-12</span></li>\n                    <li><a target=\"_blank\" title=\"皇帝的新装课件\" href=\"/kejian/1685498.html\">皇帝的新装课件</a><span>2019-01-12</span></li>\n                    <li><a target=\"_blank\" title=\"海上日出课件\" href=\"/kejian/1685489.html\">海上日出课件</a><span>2019-01-12</span></li>\n                    <li><a target=\"_blank\" title=\"小蝌蚪找妈妈课件\" href=\"/kejian/1685334.html\">小蝌蚪找妈妈课件</a><span>2019-01-12</span></li>\n                    <li><a target=\"_blank\" title=\"阿房宫赋课件\" href=\"/kejian/1685327.html\">阿房宫赋课件</a><span>2019-01-12</span></li>\n                </ul>\n            </div>\n            <div class=\"hot_top\">\n                <div class=\"new_title\"><i></i><span>经典推荐</span></div>\n                <ul>\n                    <li><a target=\"_blank\" title=\"《人民解放军百万大军横渡长江》课件\" href=\"/kejian/1686158.html\">《人民解放军百万大军横渡长江》课件</a><span>2019-01-12</span></li>\n                    <li><a target=\"_blank\" title=\"《你一定会听见的》的课件\" href=\"/kejian/1686146.html\">《你一定会听见的》的课件</a><span>2019-01-12</span></li>\n                    <li><a target=\"_blank\" title=\"《就英法联军远征中国致巴特勒上尉的信》课件\" href=\"/kejian/1685992.html\">《就英法联军远征中国致巴特勒上尉的信》课件</a><span>2019-01-12</span></li>\n                    <li><a target=\"_blank\" title=\"《背影》的课件\" href=\"/kejian/1685981.html\">《背影》的课件</a><span>2019-01-12</span></li>\n                    <li><a target=\"_blank\" title=\"《你一定会听见的》课件\" href=\"/kejian/1685827.html\">《你一定会听见的》课件</a><span>2019-01-12</span></li>\n                    <li><a target=\"_blank\" title=\"《济南的冬天》课件\" href=\"/kejian/1685819.html\">《济南的冬天》课件</a><span>2019-01-12</span></li>\n                </ul>\n            </div>\n        </div>\n        <div class=\"list_r\">\n            <div class=\"list_r_title\"><span>热门文章</span></div>\n            <div class=\"cont\">\n                <a target=\"_blank\" title=\"伯牙绝弦课件\" href=\"/kejian/1685169.html\">伯牙绝弦课件</a>\n                <p>　　伯牙绝弦，是讲述知音难求的一个故事，伯牙与钟子期是一对千古传诵的至交典范 一、教材分析 ...</p>\n            </div>\n            <ul>\n                <li><i>1</i><a target=\"_blank\" title=\"从百草园到三味书屋课件\" href=\"/kejian/1685154.html\">从百草园到三味书屋课件</a></li>\n                <li><i>2</i><a target=\"_blank\" title=\"曹刿论战课件\" href=\"/kejian/1684998.html\">曹刿论战课件</a></li>\n                <li><i>3</i><a target=\"_blank\" title=\"济南的冬天课件\" href=\"/kejian/1684986.html\">济南的冬天课件</a></li>\n                <li><i>4</i><a target=\"_blank\" title=\"让我们荡起双桨课件\" href=\"/kejian/1684838.html\">让我们荡起双桨课件</a></li>\n                <li><i>5</i><a target=\"_blank\" title=\"威尼斯的小艇课件\" href=\"/kejian/1684819.html\">威尼斯的小艇课件</a></li>\n                <li><i>6</i><a target=\"_blank\" title=\"迢迢牵牛星课件\" href=\"/kejian/1684664.html\">迢迢牵牛星课件</a></li>\n                <li><i>7</i><a target=\"_blank\" title=\"阿长与山海经课件\" href=\"/kejian/1684648.html\">阿长与山海经课件</a></li>\n                <li><i>8</i><a target=\"_blank\" title=\"泊船瓜洲课件\" href=\"/kejian/1684496.html\">泊船瓜洲课件</a></li>\n                <li><i>9</i><a target=\"_blank\" title=\"在山的那边课件\" href=\"/kejian/1684479.html\">在山的那边课件</a></li>\n                <li><i>10</i><a target=\"_blank\" title=\"假如没有灰尘课件\" href=\"/kejian/1684330.html\">假如没有灰尘课件</a></li>\n            </ul>\n        </div>\n    </div>\n    <div class=\"index_list\">\n        <div class=\"list_l\">\n            <a class=\"l_title\" target=\"_blank\" title=\"素材\" href=\"/sucai/\">素材</a>\n            <ul class=\"l_lmu\">\n                <li><a class=\"l_more\" target=\"_blank\" title=\"素材\" href=\"/sucai/\">更多</a></li>\n            </ul>\n        </div>\n        <div class=\"list_m\">\n            <div class=\"new_image\">\n                <div class=\"hot-image\">\n                    <a target=\"_blank\" title=\"四年级手抄报边框\" href=\"/sucai/3108466.html\"><img src=\"http://img.meidekan.com/20190811/5d4fd38325cc52501.jpg\" alt=\"四年级手抄报边框\"><span>四年级手抄报边框</span></a>\n                    <a target=\"_blank\" title=\"八月十五是中秋_中秋节手抄报\" href=\"/sucai/2342850.html\"><img src=\"http://img.meidekan.com/20190530/5cef8e4b27f1a9988.jpg\" alt=\"八月十五是中秋_中秋节手抄报\"><span>八月十五是中秋_中秋节手抄报</span></a>\n                </div>\n                <ul class=\"hot-list\">\n                    <li><i></i><a target=\"_blank\" title=\"分析营销型网站建设当中做好定位的重要性222\" href=\"/sucai/3174879.html\">分析营销型网站建设当中做好定位的重要性222</a></li>\n                    <li><i></i><a target=\"_blank\" title=\"测试配送员2\" href=\"/sucai/3174874.html\">测试配送员2</a></li>\n                    <li><i></i><a target=\"_blank\" title=\"制作黑板报_三年级周记400字\" href=\"/sucai/3118971.html\">制作黑板报_三年级周记400字</a></li>\n                    <li><i></i><a target=\"_blank\" title=\"画手抄报__记叙文200字\" href=\"/sucai/3118275.html\">画手抄报__记叙文200字</a></li>\n                    <li><i></i><a target=\"_blank\" title=\"四年级手抄报边框\" href=\"/sucai/3108466.html\">四年级手抄报边框</a></li>\n                    <li><i></i><a target=\"_blank\" title=\"我的黑板报_小学生作文200字\" href=\"/sucai/3107830.html\">我的黑板报_小学生作文200字</a></li>\n                    <li><i></i><a target=\"_blank\" title=\"一次特殊的黑板报_小学记叙文700字\" href=\"/sucai/2571265.html\">一次特殊的黑板报_小学记叙文700字</a></li>\n                    <li><i></i><a target=\"_blank\" title=\"春天里_春天主题黑板报\" href=\"/sucai/2370757.html\">春天里_春天主题黑板报</a></li>\n                </ul>\n                <div class=\"hot-image\">\n                    <a target=\"_blank\" title=\"开心过端午_端午节手抄报\" href=\"/sucai/2341045.html\"><img src=\"http://img.meidekan.com/20190530/5cef807a8a2242042.jpg\" alt=\"开心过端午_端午节手抄报\"><span>开心过端午_端午节手抄报</span></a>\n                    <a target=\"_blank\" title=\"过元宵节_关于元宵节的手抄报\" href=\"/sucai/2329087.html\"><img src=\"http://img.meidekan.com/20190529/5cee9389f3ea99127.png\" alt=\"过元宵节_关于元宵节的手抄报\"><span>过元宵节_关于元宵节的手抄报</span></a>\n                </div>\n                <ul class=\"hot-list\">\n                    <li><i></i><a target=\"_blank\" title=\"天下国家_天下国家手抄报内容\" href=\"/sucai/2370756.html\">天下国家_天下国家手抄报内容</a></li>\n                    <li><i></i><a target=\"_blank\" title=\"天下国家图片_天下国家手抄报初一\" href=\"/sucai/2370755.html\">天下国家图片_天下国家手抄报初一</a></li>\n                    <li><i></i><a target=\"_blank\" title=\"天下国家_天下国家手抄报初一\" href=\"/sucai/2370611.html\">天下国家_天下国家手抄报初一</a></li>\n                    <li><i></i><a target=\"_blank\" title=\"我和我的祖国_我和我的祖国手抄报内容\" href=\"/sucai/2370607.html\">我和我的祖国_我和我的祖国手抄报内容</a></li>\n                    <li><i></i><a target=\"_blank\" title=\"交通安全记心中_小学生的黑板报图片\" href=\"/sucai/2370606.html\">交通安全记心中_小学生的黑板报图片</a></li>\n                    <li><i></i><a target=\"_blank\" title=\"诗海拾贝_经典古诗手抄报内容\" href=\"/sucai/2370407.html\">诗海拾贝_经典古诗手抄报内容</a></li>\n                    <li><i></i><a target=\"_blank\" title=\"向雷锋同志学习_以雷峰为主题的手抄报\" href=\"/sucai/2370406.html\">向雷锋同志学习_以雷峰为主题的手抄报</a></li>\n                    <li><i></i><a target=\"_blank\" title=\"寻找雷锋的足迹_雷峰精神伴我行手抄报\" href=\"/sucai/2370405.html\">寻找雷锋的足迹_雷峰精神伴我行手抄报</a></li>\n                </ul>\n            </div>\n            <div class=\"hot_top\">\n                <div class=\"new_title\"><i></i><span>频道热点</span></div>\n                <ul>\n                    <li><a target=\"_blank\" title=\"恭贺新春_小学生春节黑板报图片\" href=\"/sucai/2369923.html\">恭贺新春_小学生春节黑板报图片</a><span>2019-05-31</span></li>\n                    <li><a target=\"_blank\" title=\"贺岁新春_春节的手抄报内容\" href=\"/sucai/2369922.html\">贺岁新春_春节的手抄报内容</a><span>2019-05-31</span></li>\n                    <li><a target=\"_blank\" title=\"新春快乐_新年手抄报简单又好看\" href=\"/sucai/2369921.html\">新春快乐_新年手抄报简单又好看</a><span>2019-05-31</span></li>\n                    <li><a target=\"_blank\" title=\"喜迎新年_关于新年的手抄报内容\" href=\"/sucai/2369920.html\">喜迎新年_关于新年的手抄报内容</a><span>2019-05-31</span></li>\n                    <li><a target=\"_blank\" title=\"心系祖国_我为祖国点赞手抄报内容\" href=\"/sucai/2369837.html\">心系祖国_我为祖国点赞手抄报内容</a><span>2019-05-31</span></li>\n                    <li><a target=\"_blank\" title=\"阳光成长，快乐生活_小学生关于成长的手抄报图片\" href=\"/sucai/2369835.html\">阳光成长，快乐生活_小学生关于成长的手抄报图</a><span>2019-05-31</span></li>\n                </ul>\n            </div>\n            <div class=\"hot_top\">\n                <div class=\"new_title\"><i></i><span>经典推荐</span></div>\n                <ul>\n                    <li><a target=\"_blank\" title=\"静以修身，俭以养德_静雅生序和为正手抄报图片\" href=\"/sucai/2370404.html\">静以修身，俭以养德_静雅生序和为正手抄报图片</a><span>2019-05-31</span></li>\n                    <li><a target=\"_blank\" title=\"学雷锋_学习雷锋的黑板报图片\" href=\"/sucai/2370399.html\">学雷锋_学习雷锋的黑板报图片</a><span>2019-05-31</span></li>\n                    <li><a target=\"_blank\" title=\"我爱少先队_红领巾心向党黑板报\" href=\"/sucai/2370283.html\">我爱少先队_红领巾心向党黑板报</a><span>2019-05-31</span></li>\n                    <li><a target=\"_blank\" title=\"春天的脚步_春天的手抄报\" href=\"/sucai/2370282.html\">春天的脚步_春天的手抄报</a><span>2019-05-31</span></li>\n                    <li><a target=\"_blank\" title=\"青春飞扬，未来不迷茫_跑向未来手抄报\" href=\"/sucai/2370281.html\">青春飞扬，未来不迷茫_跑向未来手抄报</a><span>2019-05-31</span></li>\n                    <li><a target=\"_blank\" title=\"伴着新年钟声_春节手抄报内容简短\" href=\"/sucai/2370280.html\">伴着新年钟声_春节手抄报内容简短</a><span>2019-05-31</span></li>\n                </ul>\n            </div>\n        </div>\n        <div class=\"list_r\">\n            <div class=\"list_r_title\"><span>热门文章</span></div>\n            <div class=\"cont\">\n                <a target=\"_blank\" title=\"我爱读书_红领巾爱学习手抄报内容\" href=\"/sucai/2369799.html\">我爱读书_红领巾爱学习手抄报内容</a>\n                <p>　　下面美德网小编整理了一篇我爱读书_红领巾爱学习手抄报内容的文章，旨在帮助小学生手抄报的人...</p>\n            </div>\n            <ul>\n                <li><i>1</i><a target=\"_blank\" title=\"人类身边的气象_太阳地球和天气的手抄报\" href=\"/sucai/2369750.html\">人类身边的气象_太阳地球和天气的手抄报</a></li>\n                <li><i>2</i><a target=\"_blank\" title=\"新春_春节知识手抄报内容\" href=\"/sucai/2369748.html\">新春_春节知识手抄报内容</a></li>\n                <li><i>3</i><a target=\"_blank\" title=\"祖国发展我成长_庆祝70周年华诞手抄报图片\" href=\"/sucai/2369746.html\">祖国发展我成长_庆祝70周年华诞手抄报图片</a></li>\n                <li><i>4</i><a target=\"_blank\" title=\"学习雷锋好榜样_学规范学榜样手抄报图片\" href=\"/sucai/2369548.html\">学习雷锋好榜样_学规范学榜样手抄报图片</a></li>\n                <li><i>5</i><a target=\"_blank\" title=\"文明考风诚信考试_关于期末考试的黑板报图片\" href=\"/sucai/2369546.html\">文明考风诚信考试_关于期末考试的黑板报图片</a></li>\n                <li><i>6</i><a target=\"_blank\" title=\"新年倒计时_关于元旦手抄报内容\" href=\"/sucai/2369457.html\">新年倒计时_关于元旦手抄报内容</a></li>\n                <li><i>7</i><a target=\"_blank\" title=\"庆元旦_关于元旦手抄报一等奖\" href=\"/sucai/2369456.html\">庆元旦_关于元旦手抄报一等奖</a></li>\n                <li><i>8</i><a target=\"_blank\" title=\"欢庆元旦_三年级元旦手抄报图片\" href=\"/sucai/2369455.html\">欢庆元旦_三年级元旦手抄报图片</a></li>\n                <li><i>9</i><a target=\"_blank\" title=\"宪法——国家根本大法_关于宪法的手抄报图片\" href=\"/sucai/2369376.html\">宪法——国家根本大法_关于宪法的手抄报图片</a></li>\n                <li><i>10</i><a target=\"_blank\" title=\"面向未来_回首过去展望未来黑板报图片\" href=\"/sucai/2369374.html\">面向未来_回首过去展望未来黑板报图片</a></li>\n            </ul>\n        </div>\n    </div>\n    <div class=\"flink\">\n        <ul class=\"frendLink\">\n            <li><b>友情链接</b>:</li>\n            <li><a target=\"_blank\" title=\"美德网\" href=\"/\">美德网</a></li>\n        </ul>\n    </div>\n</div>\n<div class=\"footer\">\n    <div class=\"foot_box\">\n        <p> Copyright&#169;2006-2019 <a target=\"_blank\" title=\"美德网\" href=\"/\">美德网</a> meidekan.com 版权所有 <a target=\"_blank\" href=\"http://www.beian.miit.gov.cn/\" rel=\"nofollow\">湘ICP备17012929号-3</a></p>\n        <p>声明 :本网站尊重并保护知识产权，根据《信息网络传播权保护条例》，如果我们转载的作品侵犯了您的权利,请在一个月内通知我们，我们会及时删除。</p>\n    </div>\n</div>\n<script src=\"http://static.meidekan.com/js/jquery.min.js?version=20190514\"></script>\n<script type=\"text/javascript\" src=\"//cpro.baidustatic.com/cpro/ui/c.js\" async=\"async\" defer=\"defer\" ></script>\n</body>\n</html>', '574', '超级管理员', '0', '2020-10-26 19:01:00', null, 'SN20201026190058XTCTD45315', 'SND20201026190058XTCTD45315', '[]', '1');
INSERT INTO `t_interface_case_execute_log` VALUES ('3607', '75', '用户登录', 'http://localhost:7777//user/login', '', '{\"username\":\"123\",\"password\":\"123\"}', '', null, '200', '{\"Vary\":[\"Origin\",\"Access-Control-Request-Method\",\"Access-Control-Request-Headers\"],\"Content-Type\":[\"application/json\"],\"Transfer-Encoding\":[\"chunked\"],\"Date\":[\"Mon, 26 Oct 2020 11:42:24 GMT\"],\"Keep-Alive\":[\"timeout=60\"],\"Connection\":[\"keep-alive\"]}', '{\"code\":200,\"msg\":\"登录成功\",\"data\":{\"realName\":\"超级管理员\",\"userId\":1,\"token\":\"d47094fd-8da9-4de5-b487-05308c858fc3\",\"username\":\"123\",\"isEnable\":1}}', '11', '超级管理员', '0', '2020-10-26 19:42:24', null, 'SN20201026194224KLEUD63817', 'SND20201026194224KLEUD63817', '[]', '1');
INSERT INTO `t_interface_case_execute_log` VALUES ('3608', '75', '用户登录', 'http://localhost:7777//user/login', '', '{\"username\":\"123\",\"password\":\"123\"}', '', null, '200', '{\"Vary\":[\"Origin\",\"Access-Control-Request-Method\",\"Access-Control-Request-Headers\"],\"Content-Type\":[\"application/json\"],\"Transfer-Encoding\":[\"chunked\"],\"Date\":[\"Mon, 26 Oct 2020 11:42:24 GMT\"],\"Keep-Alive\":[\"timeout=60\"],\"Connection\":[\"keep-alive\"]}', '{\"code\":200,\"msg\":\"登录成功\",\"data\":{\"realName\":\"超级管理员\",\"userId\":1,\"token\":\"854b17e5-7151-4b98-8ddd-154facd1a751\",\"username\":\"123\",\"isEnable\":1}}', '12', '系统调度', '0', '2020-10-26 19:42:24', null, null, 'SND20201026194224KLEUD63817', '[]', '1');
INSERT INTO `t_interface_case_execute_log` VALUES ('3609', '75', '用户登录', 'http://localhost:7777//user/login', '', '{\"username\":\"123\",\"password\":\"123\"}', '', null, '200', '{\"Vary\":[\"Origin\",\"Access-Control-Request-Method\",\"Access-Control-Request-Headers\"],\"Content-Type\":[\"application/json\"],\"Transfer-Encoding\":[\"chunked\"],\"Date\":[\"Mon, 26 Oct 2020 11:42:24 GMT\"],\"Keep-Alive\":[\"timeout=60\"],\"Connection\":[\"keep-alive\"]}', '{\"code\":200,\"msg\":\"登录成功\",\"data\":{\"realName\":\"超级管理员\",\"userId\":1,\"token\":\"5ebbc567-4ca7-4691-b6bb-ae5ea8df550f\",\"username\":\"123\",\"isEnable\":1}}', '8', '系统调度', '0', '2020-10-26 19:42:24', null, null, 'SND20201026194224KLEUD63817', '[]', '1');
INSERT INTO `t_interface_case_execute_log` VALUES ('3610', '69', '查看所有的用户列表', 'http://localhost:7777/user/list', '{\"Token\":\"854b17e5-7151-4b98-8ddd-154facd1a751\"}', '', null, null, '200', '{\"Vary\":[\"Origin\",\"Access-Control-Request-Method\",\"Access-Control-Request-Headers\"],\"Content-Type\":[\"application/json\"],\"Transfer-Encoding\":[\"chunked\"],\"Date\":[\"Mon, 26 Oct 2020 11:42:24 GMT\"],\"Keep-Alive\":[\"timeout=60\"],\"Connection\":[\"keep-alive\"]}', '{\"code\":200,\"msg\":\"操作成功\",\"data\":{\"pageNum\":1,\"pageSize\":10,\"size\":10,\"startRow\":1,\"endRow\":10,\"total\":145,\"pages\":15,\"list\":[{\"userId\":1,\"username\":\"123\",\"password\":null,\"jobNumber\":\"1\",\"sex\":1,\"isEnable\":1,\"createdTime\":\"2020-10-06 22:43:09\",\"updateTime\":null,\"realName\":\"超级管理员\",\"roleId\":null},{\"userId\":85,\"username\":\"1602325168471\",\"password\":null,\"jobNumber\":\"\",\"sex\":0,\"isEnable\":0,\"createdTime\":\"2020-10-10 18:19:29\",\"updateTime\":null,\"realName\":\"\",\"roleId\":null},{\"userId\":87,\"username\":\"1602325191328\",\"password\":null,\"jobNumber\":null,\"sex\":0,\"isEnable\":1,\"createdTime\":\"2020-10-10 18:19:51\",\"updateTime\":null,\"realName\":null,\"roleId\":null},{\"userId\":88,\"username\":\"1602325191516\",\"password\":null,\"jobNumber\":null,\"sex\":0,\"isEnable\":1,\"createdTime\":\"2020-10-10 18:19:52\",\"updateTime\":null,\"realName\":null,\"roleId\":null},{\"userId\":89,\"username\":\"1602325191701\",\"password\":null,\"jobNumber\":null,\"sex\":0,\"isEnable\":1,\"createdTime\":\"2020-10-10 18:19:52\",\"updateTime\":null,\"realName\":null,\"roleId\":null},{\"userId\":90,\"username\":\"1602325191893\",\"password\":null,\"jobNumber\":null,\"sex\":0,\"isEnable\":1,\"createdTime\":\"2020-10-10 18:19:52\",\"updateTime\":null,\"realName\":null,\"roleId\":null},{\"userId\":91,\"username\":\"1602325192243\",\"password\":null,\"jobNumber\":null,\"sex\":0,\"isEnable\":1,\"createdTime\":\"2020-10-10 18:19:52\",\"updateTime\":null,\"realName\":null,\"roleId\":null},{\"userId\":92,\"username\":\"1602325192428\",\"password\":null,\"jobNumber\":null,\"sex\":0,\"isEnable\":1,\"createdTime\":\"2020-10-10 18:19:52\",\"updateTime\":null,\"realName\":null,\"roleId\":null},{\"userId\":93,\"username\":\"1602325192600\",\"password\":null,\"jobNumber\":null,\"sex\":0,\"isEnable\":1,\"createdTime\":\"2020-10-10 18:19:53\",\"updateTime\":null,\"realName\":null,\"roleId\":null},{\"userId\":94,\"username\":\"1602497208464\",\"password\":null,\"jobNumber\":null,\"sex\":0,\"isEnable\":1,\"createdTime\":\"2020-10-12 18:06:49\",\"updateTime\":null,\"realName\":null,\"roleId\":null}],\"prePage\":0,\"nextPage\":2,\"isFirstPage\":true,\"isLastPage\":false,\"hasPreviousPage\":false,\"hasNextPage\":true,\"navigatePages\":8,\"navigatepageNums\":[1,2,3,4,5,6,7,8],\"navigateFirstPage\":1,\"navigateLastPage\":8,\"firstPage\":1,\"lastPage\":8}}', '31', '超级管理员', '0', '2020-10-26 19:42:24', null, 'SN20201026194224KLEUD63817', 'SND20201026194224KLEUD63817', '[3608]', '1');
INSERT INTO `t_interface_case_execute_log` VALUES ('3611', '75', '用户登录', 'http://localhost:7777//user/login', '', '{\"username\":\"123\",\"password\":\"123\"}', '', null, '200', '{\"Vary\":[\"Origin\",\"Access-Control-Request-Method\",\"Access-Control-Request-Headers\"],\"Content-Type\":[\"application/json\"],\"Transfer-Encoding\":[\"chunked\"],\"Date\":[\"Mon, 26 Oct 2020 11:42:24 GMT\"],\"Keep-Alive\":[\"timeout=60\"],\"Connection\":[\"keep-alive\"]}', '{\"code\":200,\"msg\":\"登录成功\",\"data\":{\"realName\":\"超级管理员\",\"userId\":1,\"token\":\"b78915c2-c746-40c9-a2b9-4462ed58010c\",\"username\":\"123\",\"isEnable\":1}}', '52', '系统调度', '0', '2020-10-26 19:42:24', null, null, 'SND20201026194224KLEUD63817', '[]', '1');
INSERT INTO `t_interface_case_execute_log` VALUES ('3612', '75', '用户登录', 'http://localhost:7777//user/login', '', '{\"username\":\"123\",\"password\":\"123\"}', '', null, '200', '{\"Vary\":[\"Origin\",\"Access-Control-Request-Method\",\"Access-Control-Request-Headers\"],\"Content-Type\":[\"application/json\"],\"Transfer-Encoding\":[\"chunked\"],\"Date\":[\"Mon, 26 Oct 2020 11:42:24 GMT\"],\"Keep-Alive\":[\"timeout=60\"],\"Connection\":[\"keep-alive\"]}', '{\"code\":200,\"msg\":\"登录成功\",\"data\":{\"realName\":\"超级管理员\",\"userId\":1,\"token\":\"6a666151-67cd-412b-bad1-7f6537d96c44\",\"username\":\"123\",\"isEnable\":1}}', '10', '系统调度', '0', '2020-10-26 19:42:24', null, null, 'SND20201026194224KLEUD63817', '[]', '1');
INSERT INTO `t_interface_case_execute_log` VALUES ('3613', '75', '用户登录', 'http://localhost:7777//user/login', '', '{\"username\":\"123\",\"password\":\"123\"}', '', null, '200', '{\"Vary\":[\"Origin\",\"Access-Control-Request-Method\",\"Access-Control-Request-Headers\"],\"Content-Type\":[\"application/json\"],\"Transfer-Encoding\":[\"chunked\"],\"Date\":[\"Mon, 26 Oct 2020 11:42:24 GMT\"],\"Keep-Alive\":[\"timeout=60\"],\"Connection\":[\"keep-alive\"]}', '{\"code\":200,\"msg\":\"登录成功\",\"data\":{\"realName\":\"超级管理员\",\"userId\":1,\"token\":\"ab611ef7-7091-4d7e-ad3e-ed28809e483e\",\"username\":\"123\",\"isEnable\":1}}', '17', '系统调度', '0', '2020-10-26 19:42:24', null, null, 'SND20201026194224KLEUD63817', '[]', '1');
INSERT INTO `t_interface_case_execute_log` VALUES ('3614', '75', '用户登录', 'http://localhost:7777//user/login', '', '{\"username\":\"123\",\"password\":\"123\"}', '', null, '200', '{\"Vary\":[\"Origin\",\"Access-Control-Request-Method\",\"Access-Control-Request-Headers\"],\"Content-Type\":[\"application/json\"],\"Transfer-Encoding\":[\"chunked\"],\"Date\":[\"Mon, 26 Oct 2020 11:42:24 GMT\"],\"Keep-Alive\":[\"timeout=60\"],\"Connection\":[\"keep-alive\"]}', '{\"code\":200,\"msg\":\"登录成功\",\"data\":{\"realName\":\"超级管理员\",\"userId\":1,\"token\":\"a7aa817d-ef19-4ddb-9e9b-3ec4083003ab\",\"username\":\"123\",\"isEnable\":1}}', '15', '系统调度', '0', '2020-10-26 19:42:24', null, null, 'SND20201026194224KLEUD63817', '[]', '1');
INSERT INTO `t_interface_case_execute_log` VALUES ('3615', '73', '查看项目详情', 'http://localhost:7777/project/info', '{\"Token\":\"5ebbc567-4ca7-4691-b6bb-ae5ea8df550f\"}', '{\"projectId\":\"4\"}', null, null, '200', '{\"Vary\":[\"Origin\",\"Access-Control-Request-Method\",\"Access-Control-Request-Headers\"],\"Content-Type\":[\"application/json\"],\"Transfer-Encoding\":[\"chunked\"],\"Date\":[\"Mon, 26 Oct 2020 11:42:24 GMT\"],\"Keep-Alive\":[\"timeout=60\"],\"Connection\":[\"keep-alive\"]}', '{\"code\":200,\"msg\":\"操作成功\",\"data\":{\"projectId\":4,\"name\":\"自动化平台接口\",\"desc\":\"描述\",\"domain\":\"http://localhost:7777/\",\"devDomain\":\"http://localhost:7777/\",\"testDomain\":\"http://localhost:7777/\",\"stgDomain\":\"http://localhost:7777/\",\"prodDomain\":\"http://localhost:7777/\",\"createdTime\":\"2020-07-29 16:26:54\",\"updateTime\":\"2020-07-29 16:26:58\"}}', '55', '超级管理员', '0', '2020-10-26 19:42:24', null, 'SN20201026194224KLEUD63817', 'SND20201026194224KLEUD63817', '[3609]', '1');
INSERT INTO `t_interface_case_execute_log` VALUES ('3616', '88', '查看首页', 'http://www.meidekan.com//', '', '', null, null, '200', '{\"Server\":[\"nginx/1.15.12\"],\"Content-Type\":[\"text/plain; charset=UTF-8\"],\"Transfer-Encoding\":[\"chunked\"],\"Connection\":[\"keep-alive\"],\"X-Powered-By\":[\"PHP/7.3.9\"],\"Cache-Control\":[\"no-cache, private\"],\"Date\":[\"Mon, 26 Oct 2020 11:42:23 GMT\"],\"Set-Cookie\":[\"XSRF-TOKEN=eyJpdiI6IkRBbmI5dW4rK0t1NVh4WXV1OWwxWGc9PSIsInZhbHVlIjoiSkQyblkrejZxandMRVB2ajNWZUNqdXpMZVplUmMwQms5a2tVckYrTnNaMmE4Wjl3VUZhRkdlTGN0dWZVQXlRRCIsIm1hYyI6ImRhZWZlY2NiZTg1NjJjMGU5ZjRlNTNiMTk3YjRhYmI5ZTZmMTM2NjcwNjExMzFlZGJlMDE1ZTg0ZTM4OWZiYzMifQ%3D%3D; expires=Mon, 26-Oct-2020 13:42:23 GMT; Max-Age=7200; path=/\",\"_session=eyJpdiI6IlpuSHV3YyttTjZrdDJYdW9zSGExOXc9PSIsInZhbHVlIjoicnN2dXJIU1pVNUtwSk5DN0dadnlQazRHQytXMFFkQkVLcjB2NHdoUE53M1wvUVBnaVwvSjRnZ3pVXC9MVWpmY0pJMiIsIm1hYyI6IjkxYTg2MWRmN2NiYjQ3Y2ZiY2ZmZGYxMDdkZmYzNWJhYTI2MmZkZjY1ODNhZDQyMzZlOWViOGMyMGE4MThlNTcifQ%3D%3D; expires=Mon, 26-Oct-2020 13:42:23 GMT; Max-Age=7200; path=/; httponly\"]}', '<!DOCTYPE html>\n<html>\n<head>\n    <meta http-equiv=\"Content-Type\" content=\"text/html; charset=utf-8\" />\n    <title>美德网-语文教学素材网</title>\n    <meta name=\"keywords\" content=\"语文,作文,周记,教案,试题,中考,高考,教学视频,课文朗读,阅读素材\">\n    <meta name=\"description\" content=\"美德网为学生和教师提供中小学初高中语文课件教案,教学论文,作文,范文,周记,中考试题,高考试题,高考作文,中考作文指导,作文素材,课堂教学实录,课本课文朗读,唐诗,宋词,诗歌朗诵,美文,散文,古诗文等各种语文素材阅读教学资源。\">\n    <link rel=\"canonical\" href=\"http://www.meidekan.com/\"/>\n    <meta name=\"mobile-agent\" content=\"format=html5;url=http://m.meidekan.com/\">\n    <meta name=\"mobile-agent\" content=\"format=wml;url=http://m.meidekan.com/\">\n    <meta name=\"mobile-agent\" content=\"format=xhtml;url=http://m.meidekan.com/\">\n    <link href=\"http://static.meidekan.com/css/index.css?version=20190514\" rel=\"stylesheet\" type=\"text/css\" />\n    <script type=\"text/javascript\">\n        var location_url = \"http://m.meidekan.com/\";\n        if((navigator.userAgent.match(/(phone|pad|pod|mobile|ios|android|BlackBerry|MQQBrowser|JUC|Fennec|wOSBrowser|BrowserNG|WebOS|symbian|transcoder)/i))){window.location.href=location_url;};\n        document.write(\'<script type=\"text/javascript\" src=\"http://static.meidekan.com/js/pc.js?version=20190514\"><\\/script>\');\n    </script>\n</head>\n<body>\n<div class=\"header\">\n    <div class=\"main\">\n        <p>欢迎来到美德网！</p>\n    </div>\n</div>\n<div class=\"index_mid\">\n    <div class=\"logo_box\">\n        <div class=\"logo\"><img src=\"http://static.meidekan.com/images/logo.png?version=20190514\" alt=\"美德网\"/></div>\n        <div class=\"search\">\n            <form action=\"#\" onsubmit=\"window.open(\'http\'+\'://so.meidekan.com/cse/search?s=\'+this.elements.s.value+\'&q=\'+this.elements.q.value);return false;\" method=\"get\" target=\"_blank\">\n                <input type=\"hidden\" name=\"s\" value=\"17870499895628785359\">\n                <input type=\"text\" name=\"q\" placeholder=\"请输入关键词搜索\" class=\"searchbar\">\n                <input type=\"submit\" value=\"搜索\" class=\"search_results\">\n            </form>\n        </div>\n        <div class=\"rougao\">\n            <a target=\"_self\" href=\"javascript:void(0)\">我要投稿</a>\n            <a target=\"_self\" href=\"javascript:void(0)\" class=\"jianyi\">投诉建议</a>\n        </div>\n    </div>\n</div>\n<div class=\"nav\">\n    <ul>\n        <li><a target=\"_blank\" href=\"/\">首 页</a></li>\n        <li><a target=\"_blank\" href=\"/yuwen/\" title=\"语文\">语文</a></li>\n        <li><a target=\"_blank\" href=\"/meiwen/\" title=\"美文\">美文</a></li>\n        <li><a target=\"_blank\" href=\"/zuowen/\" title=\"作文\">作文</a></li>\n        <li><a target=\"_blank\" href=\"/wenxue/\" title=\"文学\">文学</a></li>\n        <li><a target=\"_blank\" href=\"/gushiwen/\" title=\"古诗文\">古诗文</a></li>\n        <li><a target=\"_blank\" href=\"/shiyongwen/\" title=\"实用文\">实用文</a></li>\n        <li><a target=\"_blank\" href=\"/shiti/\" title=\"试题\">试题</a></li>\n        <li><a target=\"_blank\" href=\"/jiaoan/\" title=\"教案\">教案</a></li>\n        <li><a target=\"_blank\" href=\"/kejian/\" title=\"课件\">课件</a></li>\n        <li><a target=\"_blank\" href=\"/sucai/\" title=\"素材\">素材</a></li>\n    </ul>\n</div>\n<div class=\"main\">\n    <div class=\"new_box\">\n        <div class=\"l-main-l fl\">\n            <div class=\"l-main-bg4\">\n                <h2>热门标签</h2>\n                <ul>\n                    <li><a target=\"_blank\" title=\"素质拓展500字\" href=\"/zuowen/suzhituozhan500zi/\">素质拓展500字</a></li>\n                    <li><a target=\"_blank\" title=\"六级作文不会写\" href=\"/zuowen/liujizuowenbuhuixie/\">六级作文不会写</a></li>\n                    <li><a target=\"_blank\" title=\"羞愧极了\" href=\"/zuowen/xiukuijile/\">羞愧极了</a></li>\n                    <li><a target=\"_blank\" title=\"一家亲 什么意思\" href=\"/meiwen/yijiaqinshimeyisi/\">一家亲 什么意思</a></li>\n                    <li><a target=\"_blank\" title=\"张果老桥\" href=\"/meiwen/zhangguolaoqiao/\">张果老桥</a></li>\n                    <li><a target=\"_blank\" title=\"委托协议范本\" href=\"/zuowen/weituoxieyifanben/\">委托协议范本</a></li>\n                    <li><a target=\"_blank\" title=\"日记写春游\" href=\"/zuowen/rijixiechunyou/\">日记写春游</a></li>\n                    <li><a target=\"_blank\" title=\"开奖啦成龙\" href=\"/meiwen/kaijianglachenglong/\">开奖啦成龙</a></li>\n                    <li><a target=\"_blank\" title=\"雪花晶尊\" href=\"/zuowen/xuehuajingzun/\">雪花晶尊</a></li>\n                    <li><a target=\"_blank\" title=\"劝学的翻译及注释\" href=\"/gushiwen/quanxuedefanyijizhushi/\">劝学的翻译及注释</a></li>\n                    <li><a target=\"_blank\" title=\"家和学校作文初中\" href=\"/zuowen/jiahexuexiaozuowenchuzhong/\">家和学校作文初中</a></li>\n                    <li><a target=\"_blank\" title=\"蝴蝶泉景色作文\" href=\"/zuowen/hudiequanjingsezuowen/\">蝴蝶泉景色作文</a></li>\n                    <li><a target=\"_blank\" title=\"中国梦金融情诗歌\" href=\"/zuowen/zhongguomengjinrongqingshige/\">中国梦金融情诗歌</a></li>\n                    <li><a target=\"_blank\" title=\"涂磊名言\" href=\"/meiwen/tuleimingyan/\">涂磊名言</a></li>\n                    <li><a target=\"_blank\" title=\"孝道与感恩文化\" href=\"/shiyongwen/xiaodaoyuganenwenhua/\">孝道与感恩文化</a></li>\n                    <li><a target=\"_blank\" title=\"神奇的笔500字\" href=\"/zuowen/shenqidebi500zi/\">神奇的笔500字</a></li>\n                    <li><a target=\"_blank\" title=\"做人励志语录经典\" href=\"/meiwen/zuorenlizhiyulujingdian/\">做人励志语录经典</a></li>\n                    <li><a target=\"_blank\" title=\"世间百态人情冷暖\" href=\"/meiwen/shijianbaitairenqinglengnuan/\">世间百态人情冷暖</a></li>\n                    <li><a target=\"_blank\" title=\"富人穷人\" href=\"/meiwen/furenqiongren/\">富人穷人</a></li>\n                    <li><a target=\"_blank\" title=\"雪松控股集团\" href=\"/zuowen/xuesongkonggujituan/\">雪松控股集团</a></li>\n                    <li><a target=\"_blank\" title=\"世界音乐天王排名\" href=\"/zuowen/shijieyinletianwangpaiming/\">世界音乐天王排名</a></li>\n                    <li><a target=\"_blank\" title=\"描写外貌的句子\" href=\"/meiwen/miaoxiewaimaodejuzi/\">描写外貌的句子</a></li>\n                    <li><a target=\"_blank\" title=\"服装系列主题\" href=\"/meiwen/fuzhuangxiliezhuti/\">服装系列主题</a></li>\n                    <li><a target=\"_blank\" title=\"做馒头日记\" href=\"/zuowen/zuomantouriji/\">做馒头日记</a></li>\n                </ul>\n            </div>\n            <div class=\"l-main-bg4\">\n                <h2>推荐搜索</h2>\n                <ul>\n                    <li><a target=\"_blank\" title=\"关于浮萍的文字\" href=\"/zuowen/guanyufupingdewenzi/\">关于浮萍的文字</a></li>\n                    <li><a target=\"_blank\" title=\"3件成功的事\" href=\"/meiwen/3jianchenggongdeshi/\">3件成功的事</a></li>\n                    <li><a target=\"_blank\" title=\"骗局的句子\" href=\"/zuowen/pianjudejuzi/\">骗局的句子</a></li>\n                    <li><a target=\"_blank\" title=\"养小动物的日记\" href=\"/meiwen/yangxiaodongwuderiji/\">养小动物的日记</a></li>\n                    <li><a target=\"_blank\" title=\"孩子第一次护旗手\" href=\"/zuowen/haizidiyicihuqishou/\">孩子第一次护旗手</a></li>\n                    <li><a target=\"_blank\" title=\"对饮小酌\" href=\"/meiwen/duiyinxiaozhuo/\">对饮小酌</a></li>\n                    <li><a target=\"_blank\" title=\"侯沧海\" href=\"/wenxue/houcanghai/\">侯沧海</a></li>\n                    <li><a target=\"_blank\" title=\"犹太人上海视频\" href=\"/meiwen/youtairenshanghaishipin/\">犹太人上海视频</a></li>\n                    <li><a target=\"_blank\" title=\"我喜欢的专业作文\" href=\"/zuowen/woxihuandezhuanyezuowen/\">我喜欢的专业作文</a></li>\n                    <li><a target=\"_blank\" title=\"2015常州中考\" href=\"/zuowen/2015changzhouzhongkao/\">2015常州中考</a></li>\n                    <li><a target=\"_blank\" title=\"琵琶行原文朗诵\" href=\"/zuowen/pipahangyuanwenlangsong/\">琵琶行原文朗诵</a></li>\n                    <li><a target=\"_blank\" title=\"日记踏青\" href=\"/zuowen/rijitaqing/\">日记踏青</a></li>\n                    <li><a target=\"_blank\" title=\"蚕卵的作文怎么写\" href=\"/zuowen/canluandezuowenzenmexie/\">蚕卵的作文怎么写</a></li>\n                    <li><a target=\"_blank\" title=\"给孩子留白演讲\" href=\"/zuowen/geihaiziliubaiyanjiang/\">给孩子留白演讲</a></li>\n                    <li><a target=\"_blank\" title=\"成功是一种享受\" href=\"/wenxue/chenggongshiyizhongxiangshou/\">成功是一种享受</a></li>\n                    <li><a target=\"_blank\" title=\"党史我知晓手抄报\" href=\"/sucai/dangshiwozhixiaoshouchaobao/\">党史我知晓手抄报</a></li>\n                    <li><a target=\"_blank\" title=\"雾都孤儿原著\" href=\"/zuowen/wudougueryuanzhe/\">雾都孤儿原著</a></li>\n                </ul>\n            </div>\n        </div>\n        <div class=\"n_mid\">\n            <div class=\"banner\">\n                <ul class=\"bannerBg\">\n                    <li><a target=\"_blank\" title=\"\" href=\"#\"><img src=\"http://static.meidekan.com/images/tu3.jpg?version=20190514\"><span></span></a></li>\n                </ul>\n                <div class=\"bannerCont\">\n                    <a href=\"javascript:void(0);\" value=\"0\"></a>\n                    <em style=\"left: 0px;\"></em>\n                </div>\n            </div>\n            <div class=\"n_mid_news\">\n                <div class=\"new_title\"><span>头条推荐</span></div>\n                <ul>\n                    <li><em>M</em><a target=\"_blank\" title=\"心情烦闷的句子\" href=\"/meiwen/3177628.html\">心情烦闷的句子</a></li>\n                    <li><em>M</em><a target=\"_blank\" title=\"搞笑的心情说说\" href=\"/meiwen/3167201.html\">搞笑的心情说说</a></li>\n                    <li><em>M</em><a target=\"_blank\" title=\"空间精美留言祝福语\" href=\"/meiwen/3131340.html\">空间精美留言祝福语</a></li>\n                    <li><em>M</em><a target=\"_blank\" title=\"当了姐姐以后短信\" href=\"/zuowen/2996059.html\">当了姐姐以后短信</a></li>\n                    <li><em>M</em><a target=\"_blank\" title=\"这儿真美丽短信\" href=\"/zuowen/2937970.html\">这儿真美丽短信</a></li>\n                    <li><em>M</em><a target=\"_blank\" title=\"暑假见闻短信\" href=\"/zuowen/2873108.html\">暑假见闻短信</a></li>\n                    <li><em>M</em><a target=\"_blank\" title=\"妈妈中计了短信\" href=\"/zuowen/2812495.html\">妈妈中计了短信</a></li>\n                    <li><em>M</em><a target=\"_blank\" title=\"点亮每一个美丽的梦想——高三毕业典礼上发言稿短信\" href=\"/zuowen/2809054.html\">点亮每一个美丽的梦想——高三毕业典礼</a></li>\n                    <li><em>M</em><a target=\"_blank\" title=\"等待爱的习惯\" href=\"/meiwen/2692511.html\">等待爱的习惯</a></li>\n                    <li><em>M</em><a target=\"_blank\" title=\"仲夏夜\" href=\"/meiwen/2619990.html\">仲夏夜</a></li>\n                    <li><em>M</em><a target=\"_blank\" title=\"欢乐\" href=\"/zuowen/2573090.html\">欢乐</a></li>\n                    <li><em>M</em><a target=\"_blank\" title=\"关于乐观坚强话题的初中作文_做一名画师\" href=\"/zuowen/2562259.html\">关于乐观坚强话题的初中作文_做一名画</a></li>\n                </ul>\n            </div>\n        </div>\n        <div class=\"n_right\">\n            <div class=\"n_box\">\n                <h2>本站推荐</h2>\n                <ul>\n                    <li><font>01</font><a target=\"_blank\" title=\"四年级数学平行线教案\" href=\"/zuowen/sinianjishuxuepinghangxianjiaoan/\">四年级数学平行线教案</a></li>\n                    <li><font>02</font><a target=\"_blank\" title=\"尼尔期骑鹅历险记课文\" href=\"/zuowen/nierqiqielixianjikewen/\">尼尔期骑鹅历险记课文</a></li>\n                    <li><font>03</font><a target=\"_blank\" title=\"作文我用我的眼睛干什么\" href=\"/zuowen/zuowenwoyongwodeyanjingganshime/\">作文我用我的眼睛干什么</a></li>\n                    <li><font>04</font><a target=\"_blank\" title=\"中式婚礼证婚人的台词\" href=\"/shiyongwen/zhongshihunlizhenghunrendetaici/\">中式婚礼证婚人的台词</a></li>\n                    <li><font>05</font><a target=\"_blank\" title=\"山那边是美丽的风景作文\" href=\"/zuowen/shannabianshimeilidefengjingzuowen/\">山那边是美丽的风景作文</a></li>\n                    <li><font>06</font><a target=\"_blank\" title=\"节能减排工作·低碳环保生活\" href=\"/zuowen/jienengjianpaigongzuoditanhuanbaoshenghuo/\">节能减排工作·低碳环保生活</a></li>\n                    <li><font>07</font><a target=\"_blank\" title=\"观雨陈与义尾联的手法\" href=\"/gushiwen/guanyuchenyuyiweiliandeshoufa/\">观雨陈与义尾联的手法</a></li>\n                    <li><font>08</font><a target=\"_blank\" title=\"关于苗族的民风民俗的作文\" href=\"/zuowen/guanyumiaozudeminfengminsudezuowen/\">关于苗族的民风民俗的作文</a></li>\n                    <li><font>09</font><a target=\"_blank\" title=\"我幸福你快乐的电影\" href=\"/meiwen/woxingfunikuailededianying/\">我幸福你快乐的电影</a></li>\n                    <li><font>10</font><a target=\"_blank\" title=\"华兹华斯生命的诗句\" href=\"/meiwen/huazihuasishengmingdeshiju/\">华兹华斯生命的诗句</a></li>\n                    <li><font>11</font><a target=\"_blank\" title=\"想象100年后作文\" href=\"/zuowen/xiangxiang100nianhouzuowen/\">想象100年后作文</a></li>\n                    <li><font>12</font><a target=\"_blank\" title=\"妈妈做的饭作文600\" href=\"/zuowen/mamazuodefanzuowen600/\">妈妈做的饭作文600</a></li>\n                    <li><font>13</font><a target=\"_blank\" title=\"读冰心作品有感1000字\" href=\"/zuowen/dubingxinzuopinyougan1000zi/\">读冰心作品有感1000字</a></li>\n                    <li><font>14</font><a target=\"_blank\" title=\"爸爸的外公外婆怎么称呼\" href=\"/meiwen/babadewaigongwaipozenmechenghu/\">爸爸的外公外婆怎么称呼</a></li>\n                    <li><font>15</font><a target=\"_blank\" title=\"小学教师工作述职报告\" href=\"/zuowen/xiaoxuejiaoshigongzuoshuzhibaogao/\">小学教师工作述职报告</a></li>\n                </ul>\n            </div>\n        </div>\n    </div>\n\n    <div class=\"index_list\">\n        <div class=\"list_l\">\n            <a class=\"l_title\" target=\"_blank\" title=\"语文\" href=\"/yuwen/\">语文</a>\n            <ul class=\"l_lmu\">\n                <li><a class=\"l_more\" target=\"_blank\" title=\"语文\" href=\"/yuwen/\">更多</a></li>\n            </ul>\n        </div>\n        <div class=\"list_m\">\n            <div class=\"new_image\">\n                <div class=\"hot-image\">\n                    <a target=\"_blank\" title=\"洛阳纸贵的成语故事400字\" href=\"/yuwen/2645481.html\"><img src=\"http://static.meidekan.com/images/default.jpg\" alt=\"洛阳纸贵的成语故事400字\"><span>洛阳纸贵的成语故事400字</span></a>\n                    <a target=\"_blank\" title=\"作文素材之成语故事：得过且过_500字\" href=\"/yuwen/2228117.html\"><img src=\"http://static.meidekan.com/images/default.jpg\" alt=\"作文素材之成语故事：得过且过_500字\"><span>作文素材之成语故事：得过且过_500字</span></a>\n                </div>\n                <ul class=\"hot-list\">\n                    <li><i></i><a target=\"_blank\" title=\"关于诵读经典诗文对学生美德的培养\" href=\"/yuwen/3117288.html\">关于诵读经典诗文对学生美德的培养</a></li>\n                    <li><i></i><a target=\"_blank\" title=\"做一名会享受的懒教师\" href=\"/yuwen/3117185.html\">做一名会享受的懒教师</a></li>\n                    <li><i></i><a target=\"_blank\" title=\"一个橘子的感动\" href=\"/yuwen/3117121.html\">一个橘子的感动</a></li>\n                    <li><i></i><a target=\"_blank\" title=\"备“战”元旦\" href=\"/yuwen/3116958.html\">备“战”元旦</a></li>\n                    <li><i></i><a target=\"_blank\" title=\"元旦随笔\" href=\"/yuwen/3116956.html\">元旦随笔</a></li>\n                    <li><i></i><a target=\"_blank\" title=\"写在教师节\" href=\"/yuwen/3116542.html\">写在教师节</a></li>\n                    <li><i></i><a target=\"_blank\" title=\"携手青春，一路同行\" href=\"/yuwen/3115601.html\">携手青春，一路同行</a></li>\n                    <li><i></i><a target=\"_blank\" title=\"听取徐老师报告的反思\" href=\"/yuwen/3115382.html\">听取徐老师报告的反思</a></li>\n                </ul>\n                <div class=\"hot-image\">\n                    <a target=\"_blank\" title=\"老牛破车成语故事意思典故出处拼音造句\" href=\"/yuwen/2198270.html\"><img src=\"http://static.meidekan.com/images/default.jpg\" alt=\"老牛破车成语故事意思典故出处拼音造句\"><span>老牛破车成语故事意思典故出处拼音造句</span></a>\n                    <a target=\"_blank\" title=\"有恃无恐成语故事意思典故出处拼音造句\" href=\"/yuwen/2144675.html\"><img src=\"http://static.meidekan.com/images/default.jpg\" alt=\"有恃无恐成语故事意思典故出处拼音造句\"><span>有恃无恐成语故事意思典故出处拼音造句</span></a>\n                </div>\n                <ul class=\"hot-list\">\n                    <li><i></i><a target=\"_blank\" title=\"课堂教学的价值\" href=\"/yuwen/3114865.html\">课堂教学的价值</a></li>\n                    <li><i></i><a target=\"_blank\" title=\"《成就每一个孩子》读后感2000字\" href=\"/yuwen/3114853.html\">《成就每一个孩子》读后感2000字</a></li>\n                    <li><i></i><a target=\"_blank\" title=\"打点智慧行囊，快乐行进在路上\" href=\"/yuwen/3114805.html\">打点智慧行囊，快乐行进在路上</a></li>\n                    <li><i></i><a target=\"_blank\" title=\"温柔一鞭，策马奔腾\" href=\"/yuwen/3114803.html\">温柔一鞭，策马奔腾</a></li>\n                    <li><i></i><a target=\"_blank\" title=\"人生大舞台\" href=\"/yuwen/3114792.html\">人生大舞台</a></li>\n                    <li><i></i><a target=\"_blank\" title=\"这孩子，真的长大了！\" href=\"/yuwen/3114402.html\">这孩子，真的长大了！</a></li>\n                    <li><i></i><a target=\"_blank\" title=\"十字路口的一节道德课\" href=\"/yuwen/3114400.html\">十字路口的一节道德课</a></li>\n                    <li><i></i><a target=\"_blank\" title=\"我家的成长故事\" href=\"/yuwen/3114399.html\">我家的成长故事</a></li>\n                </ul>\n            </div>\n            <div class=\"hot_top\">\n                <div class=\"new_title\"><i></i><span>频道热点</span></div>\n                <ul>\n                    <li><a target=\"_blank\" title=\"描写情谊的成语\" href=\"/yuwen/3114212.html\">描写情谊的成语</a><span>2019-08-13</span></li>\n                    <li><a target=\"_blank\" title=\"描写动作的成語\" href=\"/yuwen/3114210.html\">描写动作的成語</a><span>2019-08-13</span></li>\n                    <li><a target=\"_blank\" title=\"《我的丑娘》观后感800字\" href=\"/yuwen/3114140.html\">《我的丑娘》观后感800字</a><span>2019-08-13</span></li>\n                    <li><a target=\"_blank\" title=\"这样的一堂课——上《致女儿的信》有感\" href=\"/yuwen/3114139.html\">这样的一堂课——上《致女儿的信》有感</a><span>2019-08-13</span></li>\n                    <li><a target=\"_blank\" title=\"每一棵草都会开花\" href=\"/yuwen/3114138.html\">每一棵草都会开花</a><span>2019-08-13</span></li>\n                    <li><a target=\"_blank\" title=\"尘世里的初相见\" href=\"/yuwen/3114135.html\">尘世里的初相见</a><span>2019-08-13</span></li>\n                </ul>\n            </div>\n            <div class=\"hot_top\">\n                <div class=\"new_title\"><i></i><span>经典推荐</span></div>\n                <ul>\n                    <li><a target=\"_blank\" title=\"对女儿的教养反思：放中还要紧\" href=\"/yuwen/3114398.html\">对女儿的教养反思：放中还要紧</a><span>2019-08-13</span></li>\n                    <li><a target=\"_blank\" title=\"陪你一起长大\" href=\"/yuwen/3114395.html\">陪你一起长大</a><span>2019-08-13</span></li>\n                    <li><a target=\"_blank\" title=\"亦师亦友，相伴成长\" href=\"/yuwen/3114390.html\">亦师亦友，相伴成长</a><span>2019-08-13</span></li>\n                    <li><a target=\"_blank\" title=\"一起读书，一起成长\" href=\"/yuwen/3114389.html\">一起读书，一起成长</a><span>2019-08-13</span></li>\n                    <li><a target=\"_blank\" title=\"吾家有儿初长成\" href=\"/yuwen/3114384.html\">吾家有儿初长成</a><span>2019-08-13</span></li>\n                    <li><a target=\"_blank\" title=\"“小仙女”的成长脚印\" href=\"/yuwen/3114383.html\">“小仙女”的成长脚印</a><span>2019-08-13</span></li>\n                </ul>\n            </div>\n        </div>\n        <div class=\"list_r\">\n            <div class=\"list_r_title\"><span>热门文章</span></div>\n            <div class=\"cont\">\n                <a target=\"_blank\" title=\"真爱无语\" href=\"/yuwen/3114080.html\">真爱无语</a>\n                <p>　　本文真爱无语主要从祈望电视剧片尾曲、忠爱无言评价、忠爱无言、等方面阐述，美德网全方位解读...</p>\n            </div>\n            <ul>\n                <li><i>1</i><a target=\"_blank\" title=\"亲子共读《西游记》\" href=\"/yuwen/3113973.html\">亲子共读《西游记》</a></li>\n                <li><i>2</i><a target=\"_blank\" title=\"《魔法师的帽子》读后感700字\" href=\"/yuwen/3113972.html\">《魔法师的帽子》读后感700字</a></li>\n                <li><i>3</i><a target=\"_blank\" title=\"在通往高效课堂的道路上努力前行——对课改交流课的反思\" href=\"/yuwen/3113833.html\">在通往高效课堂的道路上努力前行——对课改交流课的反思</a></li>\n                <li><i>4</i><a target=\"_blank\" title=\"一路走来有你相伴\" href=\"/yuwen/3113831.html\">一路走来有你相伴</a></li>\n                <li><i>5</i><a target=\"_blank\" title=\"中秋的月\" href=\"/yuwen/3113830.html\">中秋的月</a></li>\n                <li><i>6</i><a target=\"_blank\" title=\"语文教学，另一种美丽地行走\" href=\"/yuwen/3113829.html\">语文教学，另一种美丽地行走</a></li>\n                <li><i>7</i><a target=\"_blank\" title=\"为学生搭建成功的台阶\" href=\"/yuwen/3113827.html\">为学生搭建成功的台阶</a></li>\n                <li><i>8</i><a target=\"_blank\" title=\"那个让我感恩的人\" href=\"/yuwen/3113728.html\">那个让我感恩的人</a></li>\n                <li><i>9</i><a target=\"_blank\" title=\"取长补短，彰显个性——听课感想\" href=\"/yuwen/3113727.html\">取长补短，彰显个性——听课感想</a></li>\n                <li><i>10</i><a target=\"_blank\" title=\"如果这种爱需要回报\" href=\"/yuwen/3113552.html\">如果这种爱需要回报</a></li>\n            </ul>\n        </div>\n    </div>\n    <div class=\"index_list\">\n        <div class=\"list_l\">\n            <a class=\"l_title\" target=\"_blank\" title=\"美文\" href=\"/meiwen/\">美文</a>\n            <ul class=\"l_lmu\">\n                <li><a class=\"l_more\" target=\"_blank\" title=\"美文\" href=\"/meiwen/\">更多</a></li>\n            </ul>\n        </div>\n        <div class=\"list_m\">\n            <div class=\"new_image\">\n                <div class=\"hot-image\">\n                    <a target=\"_blank\" title=\"2018座右铭\" href=\"/meiwen/3153234.html\"><img src=\"http://static.meidekan.com/images/default.jpg\" alt=\"2018座右铭\"><span>2018座右铭</span></a>\n                    <a target=\"_blank\" title=\"帮助别人的格言警句\" href=\"/meiwen/3151731.html\"><img src=\"http://static.meidekan.com/images/default.jpg\" alt=\"帮助别人的格言警句\"><span>帮助别人的格言警句</span></a>\n                </div>\n                <ul class=\"hot-list\">\n                    <li><i></i><a target=\"_blank\" title=\"恋爱优美的句子\" href=\"/meiwen/3179349.html\">恋爱优美的句子</a></li>\n                    <li><i></i><a target=\"_blank\" title=\"麒麟经典语录\" href=\"/meiwen/3179348.html\">麒麟经典语录</a></li>\n                    <li><i></i><a target=\"_blank\" title=\"恋爱励志的句子\" href=\"/meiwen/3179347.html\">恋爱励志的句子</a></li>\n                    <li><i></i><a target=\"_blank\" title=\"企业管理励志格言\" href=\"/meiwen/3179346.html\">企业管理励志格言</a></li>\n                    <li><i></i><a target=\"_blank\" title=\"企业发展格言\" href=\"/meiwen/3179345.html\">企业发展格言</a></li>\n                    <li><i></i><a target=\"_blank\" title=\"恋爱中的唯美古风句子\" href=\"/meiwen/3179344.html\">恋爱中的唯美古风句子</a></li>\n                    <li><i></i><a target=\"_blank\" title=\"企业经营格言\" href=\"/meiwen/3179343.html\">企业经营格言</a></li>\n                    <li><i></i><a target=\"_blank\" title=\"恋空经典句子\" href=\"/meiwen/3179342.html\">恋空经典句子</a></li>\n                </ul>\n                <div class=\"hot-image\">\n                    <a target=\"_blank\" title=\"安慰失去亲人的话英语\" href=\"/meiwen/3151471.html\"><img src=\"http://static.meidekan.com/images/default.jpg\" alt=\"安慰失去亲人的话英语\"><span>安慰失去亲人的话英语</span></a>\n                    <a target=\"_blank\" title=\"国庆节祝福语2018\" href=\"/meiwen/3149665.html\"><img src=\"http://static.meidekan.com/images/default.jpg\" alt=\"国庆节祝福语2018\"><span>国庆节祝福语2018</span></a>\n                </div>\n                <ul class=\"hot-list\">\n                    <li><i></i><a target=\"_blank\" title=\"企业精神格言\" href=\"/meiwen/3179341.html\">企业精神格言</a></li>\n                    <li><i></i><a target=\"_blank\" title=\"企业格言大全\" href=\"/meiwen/3179340.html\">企业格言大全</a></li>\n                    <li><i></i><a target=\"_blank\" title=\"恋人絮语经典句子\" href=\"/meiwen/3179339.html\">恋人絮语经典句子</a></li>\n                    <li><i></i><a target=\"_blank\" title=\"企业励志格言\" href=\"/meiwen/3179338.html\">企业励志格言</a></li>\n                    <li><i></i><a target=\"_blank\" title=\"林微因经典句子\" href=\"/meiwen/3179337.html\">林微因经典句子</a></li>\n                    <li><i></i><a target=\"_blank\" title=\"两个人相爱幸福的句子\" href=\"/meiwen/3179336.html\">两个人相爱幸福的句子</a></li>\n                    <li><i></i><a target=\"_blank\" title=\"企业励志格言大全\" href=\"/meiwen/3179335.html\">企业励志格言大全</a></li>\n                    <li><i></i><a target=\"_blank\" title=\"企业名言励志\" href=\"/meiwen/3179334.html\">企业名言励志</a></li>\n                </ul>\n            </div>\n            <div class=\"hot_top\">\n                <div class=\"new_title\"><i></i><span>频道热点</span></div>\n                <ul>\n                    <li><a target=\"_blank\" title=\"契诃夫爱情名言\" href=\"/meiwen/3179327.html\">契诃夫爱情名言</a><span>2020-10-06</span></li>\n                    <li><a target=\"_blank\" title=\"契诃夫经典语录\" href=\"/meiwen/3179326.html\">契诃夫经典语录</a><span>2020-10-06</span></li>\n                    <li><a target=\"_blank\" title=\"伤感爱情好句子\" href=\"/meiwen/3179325.html\">伤感爱情好句子</a><span>2020-10-06</span></li>\n                    <li><a target=\"_blank\" title=\"千秋经典语录\" href=\"/meiwen/3179324.html\">千秋经典语录</a><span>2020-10-06</span></li>\n                    <li><a target=\"_blank\" title=\"伤感爱情句子表达心情\" href=\"/meiwen/3179323.html\">伤感爱情句子表达心情</a><span>2020-10-06</span></li>\n                    <li><a target=\"_blank\" title=\"伤感的爰情句子\" href=\"/meiwen/3179322.html\">伤感的爰情句子</a><span>2020-10-06</span></li>\n                </ul>\n            </div>\n            <div class=\"hot_top\">\n                <div class=\"new_title\"><i></i><span>经典推荐</span></div>\n                <ul>\n                    <li><a target=\"_blank\" title=\"留恋伤感的句子\" href=\"/meiwen/3179333.html\">留恋伤感的句子</a><span>2020-10-06</span></li>\n                    <li><a target=\"_blank\" title=\"刘逸舟经典句子\" href=\"/meiwen/3179332.html\">刘逸舟经典句子</a><span>2020-10-06</span></li>\n                    <li><a target=\"_blank\" title=\"留念的唯美句子\" href=\"/meiwen/3179331.html\">留念的唯美句子</a><span>2020-10-06</span></li>\n                    <li><a target=\"_blank\" title=\"企业员工励志格言\" href=\"/meiwen/3179330.html\">企业员工励志格言</a><span>2020-10-06</span></li>\n                    <li><a target=\"_blank\" title=\"留言表白句子\" href=\"/meiwen/3179329.html\">留言表白句子</a><span>2020-10-06</span></li>\n                    <li><a target=\"_blank\" title=\"伤感8字句子\" href=\"/meiwen/3179328.html\">伤感8字句子</a><span>2020-10-06</span></li>\n                </ul>\n            </div>\n        </div>\n        <div class=\"list_r\">\n            <div class=\"list_r_title\"><span>热门文章</span></div>\n            <div class=\"cont\">\n                <a target=\"_blank\" title=\"谦虚的名言英语\" href=\"/meiwen/3179321.html\">谦虚的名言英语</a>\n                <p>　　谦虚的名言英语，美德网小编主要从英语格言1000句、形容谦虚的英文句子、有关奋斗的名言英...</p>\n            </div>\n            <ul>\n                <li><i>1</i><a target=\"_blank\" title=\"伤感的爱情英文句子\" href=\"/meiwen/3179320.html\">伤感的爱情英文句子</a></li>\n                <li><i>2</i><a target=\"_blank\" title=\"伤感的爱情失去句子\" href=\"/meiwen/3179319.html\">伤感的爱情失去句子</a></li>\n                <li><i>3</i><a target=\"_blank\" title=\"谦虚的英语名言\" href=\"/meiwen/3179318.html\">谦虚的英语名言</a></li>\n                <li><i>4</i><a target=\"_blank\" title=\"伤感到想哭的句子\" href=\"/meiwen/3179317.html\">伤感到想哭的句子</a></li>\n                <li><i>5</i><a target=\"_blank\" title=\"恋爱后的经典句子\" href=\"/meiwen/3179316.html\">恋爱后的经典句子</a></li>\n                <li><i>6</i><a target=\"_blank\" title=\"钱伟长名言励志\" href=\"/meiwen/3179315.html\">钱伟长名言励志</a></li>\n                <li><i>7</i><a target=\"_blank\" title=\"热爱生活的英语名言\" href=\"/meiwen/3179314.html\">热爱生活的英语名言</a></li>\n                <li><i>8</i><a target=\"_blank\" title=\"热恋爱情格言\" href=\"/meiwen/3179313.html\">热恋爱情格言</a></li>\n                <li><i>9</i><a target=\"_blank\" title=\"热血沸腾励志名言\" href=\"/meiwen/3179312.html\">热血沸腾励志名言</a></li>\n                <li><i>10</i><a target=\"_blank\" title=\"人际关系格言\" href=\"/meiwen/3179311.html\">人际关系格言</a></li>\n            </ul>\n        </div>\n    </div>\n    <div class=\"index_list\">\n        <div class=\"list_l\">\n            <a class=\"l_title\" target=\"_blank\" title=\"作文\" href=\"/zuowen/\">作文</a>\n            <ul class=\"l_lmu\">\n                <li><a class=\"l_more\" target=\"_blank\" title=\"作文\" href=\"/zuowen/\">更多</a></li>\n            </ul>\n        </div>\n        <div class=\"list_m\">\n            <div class=\"new_image\">\n                <div class=\"hot-image\">\n                    <a target=\"_blank\" title=\"说不完的感谢作文\" href=\"/zuowen/3117875.html\"><img src=\"http://static.meidekan.com/images/default.jpg\" alt=\"说不完的感谢作文\"><span>说不完的感谢作文</span></a>\n                    <a target=\"_blank\" title=\"我印象最深刻的人短信\" href=\"/zuowen/3052387.html\"><img src=\"http://static.meidekan.com/images/default.jpg\" alt=\"我印象最深刻的人短信\"><span>我印象最深刻的人短信</span></a>\n                </div>\n                <ul class=\"hot-list\">\n                    <li><i></i><a target=\"_blank\" title=\"爱国从身边的小事做起\" href=\"/zuowen/3174250.html\">爱国从身边的小事做起</a></li>\n                    <li><i></i><a target=\"_blank\" title=\"平凡成就伟大\" href=\"/zuowen/3174249.html\">平凡成就伟大</a></li>\n                    <li><i></i><a target=\"_blank\" title=\"量的积累质的飞跃\" href=\"/zuowen/3174248.html\">量的积累质的飞跃</a></li>\n                    <li><i></i><a target=\"_blank\" title=\"我想有个家一只小鸟的心声\" href=\"/zuowen/3174247.html\">我想有个家一只小鸟的心声</a></li>\n                    <li><i></i><a target=\"_blank\" title=\"冬我的世界因你而美丽\" href=\"/zuowen/3174246.html\">冬我的世界因你而美丽</a></li>\n                    <li><i></i><a target=\"_blank\" title=\"品味金陵\" href=\"/zuowen/3174208.html\">品味金陵</a></li>\n                    <li><i></i><a target=\"_blank\" title=\"落叶季节\" href=\"/zuowen/3174207.html\">落叶季节</a></li>\n                    <li><i></i><a target=\"_blank\" title=\"搁浅的梦\" href=\"/zuowen/3174206.html\">搁浅的梦</a></li>\n                </ul>\n                <div class=\"hot-image\">\n                    <a target=\"_blank\" title=\"只是，不期而遇作文200字\" href=\"/zuowen/3047173.html\"><img src=\"http://static.meidekan.com/images/default.jpg\" alt=\"只是，不期而遇作文200字\"><span>只是，不期而遇作文200字</span></a>\n                    <a target=\"_blank\" title=\"《傅雷家书》读后感（1）400字\" href=\"/zuowen/3034156.html\"><img src=\"http://static.meidekan.com/images/default.jpg\" alt=\"《傅雷家书》读后感（1）400字\"><span>《傅雷家书》读后感（1）400字</span></a>\n                </div>\n                <ul class=\"hot-list\">\n                    <li><i></i><a target=\"_blank\" title=\"苦涩味道\" href=\"/zuowen/3174205.html\">苦涩味道</a></li>\n                    <li><i></i><a target=\"_blank\" title=\"我家门前的芦苇\" href=\"/zuowen/3174203.html\">我家门前的芦苇</a></li>\n                    <li><i></i><a target=\"_blank\" title=\"走在时间的年轮里\" href=\"/zuowen/3174202.html\">走在时间的年轮里</a></li>\n                    <li><i></i><a target=\"_blank\" title=\"碎碎光阴\" href=\"/zuowen/3174201.html\">碎碎光阴</a></li>\n                    <li><i></i><a target=\"_blank\" title=\"品味历史\" href=\"/zuowen/3174200.html\">品味历史</a></li>\n                    <li><i></i><a target=\"_blank\" title=\"青春探访记\" href=\"/zuowen/3172503.html\">青春探访记</a></li>\n                    <li><i></i><a target=\"_blank\" title=\"清风荷影\" href=\"/zuowen/3172502.html\">清风荷影</a></li>\n                    <li><i></i><a target=\"_blank\" title=\"再冷的寒冬也有暖意\" href=\"/zuowen/3172299.html\">再冷的寒冬也有暖意</a></li>\n                </ul>\n            </div>\n            <div class=\"hot_top\">\n                <div class=\"new_title\"><i></i><span>频道热点</span></div>\n                <ul>\n                    <li><a target=\"_blank\" title=\"感谢那琴声\" href=\"/zuowen/3169151.html\">感谢那琴声</a><span>2020-08-30</span></li>\n                    <li><a target=\"_blank\" title=\"一个手势\" href=\"/zuowen/3169133.html\">一个手势</a><span>2020-08-30</span></li>\n                    <li><a target=\"_blank\" title=\"菩萨鱼\" href=\"/zuowen/3169132.html\">菩萨鱼</a><span>2020-08-30</span></li>\n                    <li><a target=\"_blank\" title=\"我们班里趣事多\" href=\"/zuowen/3169112.html\">我们班里趣事多</a><span>2020-08-30</span></li>\n                    <li><a target=\"_blank\" title=\"尴尬的一瞬间\" href=\"/zuowen/3169110.html\">尴尬的一瞬间</a><span>2020-08-30</span></li>\n                    <li><a target=\"_blank\" title=\"那支笔让我羞愧\" href=\"/zuowen/3169108.html\">那支笔让我羞愧</a><span>2020-08-30</span></li>\n                </ul>\n            </div>\n            <div class=\"hot_top\">\n                <div class=\"new_title\"><i></i><span>经典推荐</span></div>\n                <ul>\n                    <li><a target=\"_blank\" title=\"青春的背影\" href=\"/zuowen/3172298.html\">青春的背影</a><span>2020-09-08</span></li>\n                    <li><a target=\"_blank\" title=\"面对飘扬的梨花我流泪了\" href=\"/zuowen/3172297.html\">面对飘扬的梨花我流泪了</a><span>2020-09-08</span></li>\n                    <li><a target=\"_blank\" title=\"生死价值\" href=\"/zuowen/3172295.html\">生死价值</a><span>2020-09-08</span></li>\n                    <li><a target=\"_blank\" title=\"与栀之花相伴\" href=\"/zuowen/3171356.html\">与栀之花相伴</a><span>2020-09-05</span></li>\n                    <li><a target=\"_blank\" title=\"大咖秀正式开始\" href=\"/zuowen/3169253.html\">大咖秀正式开始</a><span>2020-08-30</span></li>\n                    <li><a target=\"_blank\" title=\"“特殊男生”集中营\" href=\"/zuowen/3169252.html\">“特殊男生”集中营</a><span>2020-08-30</span></li>\n                </ul>\n            </div>\n        </div>\n        <div class=\"list_r\">\n            <div class=\"list_r_title\"><span>热门文章</span></div>\n            <div class=\"cont\">\n                <a target=\"_blank\" title=\"第一次滑真冰\" href=\"/zuowen/3169105.html\">第一次滑真冰</a>\n                <p>　　下面美德网小编整理了一篇第一次滑真冰的文章，旨在帮助五年级作文的人群。...</p>\n            </div>\n            <ul>\n                <li><i>1</i><a target=\"_blank\" title=\"流失的机会\" href=\"/zuowen/3169093.html\">流失的机会</a></li>\n                <li><i>2</i><a target=\"_blank\" title=\"最好玩的老师\" href=\"/zuowen/3169091.html\">最好玩的老师</a></li>\n                <li><i>3</i><a target=\"_blank\" title=\"做年菜\" href=\"/zuowen/3169086.html\">做年菜</a></li>\n                <li><i>4</i><a target=\"_blank\" title=\"坐邮轮之旅\" href=\"/zuowen/3169085.html\">坐邮轮之旅</a></li>\n                <li><i>5</i><a target=\"_blank\" title=\"最珍贵的友情\" href=\"/zuowen/3169083.html\">最珍贵的友情</a></li>\n                <li><i>6</i><a target=\"_blank\" title=\"写给十五岁的我\" href=\"/zuowen/3168213.html\">写给十五岁的我</a></li>\n                <li><i>7</i><a target=\"_blank\" title=\"深受教育的一件事\" href=\"/zuowen/3168195.html\">深受教育的一件事</a></li>\n                <li><i>8</i><a target=\"_blank\" title=\"我爱吃鸡蛋\" href=\"/zuowen/3167539.html\">我爱吃鸡蛋</a></li>\n                <li><i>9</i><a target=\"_blank\" title=\"独自一个人在家\" href=\"/zuowen/3167527.html\">独自一个人在家</a></li>\n                <li><i>10</i><a target=\"_blank\" title=\"生命的一瞬\" href=\"/zuowen/3167517.html\">生命的一瞬</a></li>\n            </ul>\n        </div>\n    </div>\n    <div class=\"index_list\">\n        <div class=\"list_l\">\n            <a class=\"l_title\" target=\"_blank\" title=\"文学\" href=\"/wenxue/\">文学</a>\n            <ul class=\"l_lmu\">\n                <li><a class=\"l_more\" target=\"_blank\" title=\"文学\" href=\"/wenxue/\">更多</a></li>\n            </ul>\n        </div>\n        <div class=\"list_m\">\n            <div class=\"new_image\">\n                <div class=\"hot-image\">\n                    <a target=\"_blank\" title=\"梦想是诅咒的经典励志故事\" href=\"/wenxue/1821028.html\"><img src=\"http://static.meidekan.com/images/default.jpg\" alt=\"梦想是诅咒的经典励志故事\"><span>梦想是诅咒的经典励志故事</span></a>\n                    <a target=\"_blank\" title=\"我城市的咏叹诗歌\" href=\"/wenxue/1748054.html\"><img src=\"http://static.meidekan.com/images/default.jpg\" alt=\"我城市的咏叹诗歌\"><span>我城市的咏叹诗歌</span></a>\n                </div>\n                <ul class=\"hot-list\">\n                    <li><i></i><a target=\"_blank\" title=\"《小爱的暗恋》小说\" href=\"/wenxue/3117907.html\">《小爱的暗恋》小说</a></li>\n                    <li><i></i><a target=\"_blank\" title=\"烟雨红尘小说（一）\" href=\"/wenxue/3117348.html\">烟雨红尘小说（一）</a></li>\n                    <li><i></i><a target=\"_blank\" title=\"烟雨红尘小说（二）\" href=\"/wenxue/3117346.html\">烟雨红尘小说（二）</a></li>\n                    <li><i></i><a target=\"_blank\" title=\"学长的相机小说\" href=\"/wenxue/3116855.html\">学长的相机小说</a></li>\n                    <li><i></i><a target=\"_blank\" title=\"忽而半夏小说（四十五）\" href=\"/wenxue/3116675.html\">忽而半夏小说（四十五）</a></li>\n                    <li><i></i><a target=\"_blank\" title=\"忽而半夏小说（四十六）\" href=\"/wenxue/3116673.html\">忽而半夏小说（四十六）</a></li>\n                    <li><i></i><a target=\"_blank\" title=\"忽而半夏小说（四十七）\" href=\"/wenxue/3116671.html\">忽而半夏小说（四十七）</a></li>\n                    <li><i></i><a target=\"_blank\" title=\"《都市超能屌丝》小说132\" href=\"/wenxue/3116069.html\">《都市超能屌丝》小说132</a></li>\n                </ul>\n                <div class=\"hot-image\">\n                    <a target=\"_blank\" title=\"红雨伞的诗歌\" href=\"/wenxue/1745564.html\"><img src=\"http://static.meidekan.com/images/default.jpg\" alt=\"红雨伞的诗歌\"><span>红雨伞的诗歌</span></a>\n                    <a target=\"_blank\" title=\"微不足道的人生目标励志故事\" href=\"/wenxue/1725401.html\"><img src=\"http://static.meidekan.com/images/default.jpg\" alt=\"微不足道的人生目标励志故事\"><span>微不足道的人生目标励志故事</span></a>\n                </div>\n                <ul class=\"hot-list\">\n                    <li><i></i><a target=\"_blank\" title=\"《都市超能屌丝》小说160\" href=\"/wenxue/3115708.html\">《都市超能屌丝》小说160</a></li>\n                    <li><i></i><a target=\"_blank\" title=\"《都市超能屌丝》小说159\" href=\"/wenxue/3115707.html\">《都市超能屌丝》小说159</a></li>\n                    <li><i></i><a target=\"_blank\" title=\"《都市超能屌丝》小说141\" href=\"/wenxue/3114650.html\">《都市超能屌丝》小说141</a></li>\n                    <li><i></i><a target=\"_blank\" title=\"《都市超能屌丝》小说142\" href=\"/wenxue/3114649.html\">《都市超能屌丝》小说142</a></li>\n                    <li><i></i><a target=\"_blank\" title=\"《都市超能屌丝》小说143\" href=\"/wenxue/3114648.html\">《都市超能屌丝》小说143</a></li>\n                    <li><i></i><a target=\"_blank\" title=\"《都市超能屌丝》小说144\" href=\"/wenxue/3114645.html\">《都市超能屌丝》小说144</a></li>\n                    <li><i></i><a target=\"_blank\" title=\"《都市超能屌丝》小说145\" href=\"/wenxue/3114633.html\">《都市超能屌丝》小说145</a></li>\n                    <li><i></i><a target=\"_blank\" title=\"《都市超能屌丝》小说148\" href=\"/wenxue/3114624.html\">《都市超能屌丝》小说148</a></li>\n                </ul>\n            </div>\n            <div class=\"hot_top\">\n                <div class=\"new_title\"><i></i><span>频道热点</span></div>\n                <ul>\n                    <li><a target=\"_blank\" title=\"《都市超能屌丝》小说154\" href=\"/wenxue/3114600.html\">《都市超能屌丝》小说154</a><span>2019-08-13</span></li>\n                    <li><a target=\"_blank\" title=\"《都市超能屌丝》小说156\" href=\"/wenxue/3114588.html\">《都市超能屌丝》小说156</a><span>2019-08-13</span></li>\n                    <li><a target=\"_blank\" title=\"烟羽纱小说（一）\" href=\"/wenxue/3114556.html\">烟羽纱小说（一）</a><span>2019-08-13</span></li>\n                    <li><a target=\"_blank\" title=\"烟羽纱小说（二）\" href=\"/wenxue/3114552.html\">烟羽纱小说（二）</a><span>2019-08-13</span></li>\n                    <li><a target=\"_blank\" title=\"烟羽纱小说（三）\" href=\"/wenxue/3114550.html\">烟羽纱小说（三）</a><span>2019-08-13</span></li>\n                    <li><a target=\"_blank\" title=\"烟羽纱小说（四）\" href=\"/wenxue/3114549.html\">烟羽纱小说（四）</a><span>2019-08-13</span></li>\n                </ul>\n            </div>\n            <div class=\"hot_top\">\n                <div class=\"new_title\"><i></i><span>经典推荐</span></div>\n                <ul>\n                    <li><a target=\"_blank\" title=\"《都市超能屌丝》小说149\" href=\"/wenxue/3114621.html\">《都市超能屌丝》小说149</a><span>2019-08-13</span></li>\n                    <li><a target=\"_blank\" title=\"《都市超能屌丝》小说152\" href=\"/wenxue/3114618.html\">《都市超能屌丝》小说152</a><span>2019-08-13</span></li>\n                    <li><a target=\"_blank\" title=\"《都市超能屌丝》小说153\" href=\"/wenxue/3114616.html\">《都市超能屌丝》小说153</a><span>2019-08-13</span></li>\n                    <li><a target=\"_blank\" title=\"《都市超能屌丝》小说155\" href=\"/wenxue/3114611.html\">《都市超能屌丝》小说155</a><span>2019-08-13</span></li>\n                    <li><a target=\"_blank\" title=\"《都市超能屌丝》小说151\" href=\"/wenxue/3114607.html\">《都市超能屌丝》小说151</a><span>2019-08-13</span></li>\n                    <li><a target=\"_blank\" title=\"《都市超能屌丝》小说150\" href=\"/wenxue/3114605.html\">《都市超能屌丝》小说150</a><span>2019-08-13</span></li>\n                </ul>\n            </div>\n        </div>\n        <div class=\"list_r\">\n            <div class=\"list_r_title\"><span>热门文章</span></div>\n            <div class=\"cont\">\n                <a target=\"_blank\" title=\"烟羽纱小说（五）\" href=\"/wenxue/3114547.html\">烟羽纱小说（五）</a>\n                <p>　　下面美德网小编整理了一篇烟羽纱小说（五）的文章，旨在帮助小说的人群。...</p>\n            </div>\n            <ul>\n                <li><i>1</i><a target=\"_blank\" title=\"《都市超能屌丝》小说158\" href=\"/wenxue/3114538.html\">《都市超能屌丝》小说158</a></li>\n                <li><i>2</i><a target=\"_blank\" title=\"烟羽纱小说（七）\" href=\"/wenxue/3114525.html\">烟羽纱小说（七）</a></li>\n                <li><i>3</i><a target=\"_blank\" title=\"烟羽纱小说（六）\" href=\"/wenxue/3114524.html\">烟羽纱小说（六）</a></li>\n                <li><i>4</i><a target=\"_blank\" title=\"《都市超能屌丝》小说161\" href=\"/wenxue/3114522.html\">《都市超能屌丝》小说161</a></li>\n                <li><i>5</i><a target=\"_blank\" title=\"《都市超能屌丝》小说162\" href=\"/wenxue/3114473.html\">《都市超能屌丝》小说162</a></li>\n                <li><i>6</i><a target=\"_blank\" title=\"《都市超能屌丝》小说163\" href=\"/wenxue/3114470.html\">《都市超能屌丝》小说163</a></li>\n                <li><i>7</i><a target=\"_blank\" title=\"《都市超能屌丝》小说164\" href=\"/wenxue/3114460.html\">《都市超能屌丝》小说164</a></li>\n                <li><i>8</i><a target=\"_blank\" title=\"《都市超能屌丝》小说166\" href=\"/wenxue/3114443.html\">《都市超能屌丝》小说166</a></li>\n                <li><i>9</i><a target=\"_blank\" title=\"《都市超能屌丝》小说167\" href=\"/wenxue/3114441.html\">《都市超能屌丝》小说167</a></li>\n                <li><i>10</i><a target=\"_blank\" title=\"《都市超能屌丝》小说169\" href=\"/wenxue/3114440.html\">《都市超能屌丝》小说169</a></li>\n            </ul>\n        </div>\n    </div>\n    <div class=\"index_list\">\n        <div class=\"list_l\">\n            <a class=\"l_title\" target=\"_blank\" title=\"古诗文\" href=\"/gushiwen/\">古诗文</a>\n            <ul class=\"l_lmu\">\n                <li><a class=\"l_more\" target=\"_blank\" title=\"古诗文\" href=\"/gushiwen/\">更多</a></li>\n            </ul>\n        </div>\n        <div class=\"list_m\">\n            <div class=\"new_image\">\n                <div class=\"hot-image\">\n                    <a target=\"_blank\" title=\"《吕氏春秋·仲春纪》原文\" href=\"/gushiwen/1878183.html\"><img src=\"http://img.meidekan.com/20190219/5cb8ca61a3dbf4876.png\" alt=\"《吕氏春秋·仲春纪》原文\"><span>《吕氏春秋·仲春纪》原文</span></a>\n                    <a target=\"_blank\" title=\"《鲁郡东石门送杜二甫》原文及鉴赏\" href=\"/gushiwen/1844890.html\"><img src=\"http://img.meidekan.com/20180108/5cb7c5cf21f519532.jpg\" alt=\"《鲁郡东石门送杜二甫》原文及鉴赏\"><span>《鲁郡东石门送杜二甫》原文及鉴赏</span></a>\n                </div>\n                <ul class=\"hot-list\">\n                    <li><i></i><a target=\"_blank\" title=\"中国古籍有哪些\" href=\"/gushiwen/1878690.html\">中国古籍有哪些</a></li>\n                    <li><i></i><a target=\"_blank\" title=\"中国古籍经典语录\" href=\"/gushiwen/1878666.html\">中国古籍经典语录</a></li>\n                    <li><i></i><a target=\"_blank\" title=\"中国经典古籍\" href=\"/gushiwen/1878660.html\">中国经典古籍</a></li>\n                    <li><i></i><a target=\"_blank\" title=\"古籍善本是什么\" href=\"/gushiwen/1878634.html\">古籍善本是什么</a></li>\n                    <li><i></i><a target=\"_blank\" title=\"中国经典古籍《山海经》\" href=\"/gushiwen/1878633.html\">中国经典古籍《山海经》</a></li>\n                    <li><i></i><a target=\"_blank\" title=\"经典古籍吕氏春秋\" href=\"/gushiwen/1878604.html\">经典古籍吕氏春秋</a></li>\n                    <li><i></i><a target=\"_blank\" title=\"中国古代著作易经\" href=\"/gushiwen/1878597.html\">中国古代著作易经</a></li>\n                    <li><i></i><a target=\"_blank\" title=\"中国古代史学名著战国策\" href=\"/gushiwen/1878580.html\">中国古代史学名著战国策</a></li>\n                </ul>\n                <div class=\"hot-image\">\n                    <a target=\"_blank\" title=\"师说原文和翻译\" href=\"/gushiwen/1833602.html\"><img src=\"http://img.meidekan.com/20190210/5cb8c644896f54677.png\" alt=\"师说原文和翻译\"><span>师说原文和翻译</span></a>\n                    <a target=\"_blank\" title=\"秋水原文及其翻译\" href=\"/gushiwen/1805366.html\"><img src=\"http://img.meidekan.com/20180101/5cb6f900dff045425.jpg\" alt=\"秋水原文及其翻译\"><span>秋水原文及其翻译</span></a>\n                </div>\n                <ul class=\"hot-list\">\n                    <li><i></i><a target=\"_blank\" title=\"古籍收藏家的生涯\" href=\"/gushiwen/1878568.html\">古籍收藏家的生涯</a></li>\n                    <li><i></i><a target=\"_blank\" title=\"图书馆古籍介绍信\" href=\"/gushiwen/1878552.html\">图书馆古籍介绍信</a></li>\n                    <li><i></i><a target=\"_blank\" title=\"浅谈图书馆古籍的数字化管理\" href=\"/gushiwen/1878541.html\">浅谈图书馆古籍的数字化管理</a></li>\n                    <li><i></i><a target=\"_blank\" title=\"中国古籍和名著文学大集合\" href=\"/gushiwen/1878524.html\">中国古籍和名著文学大集合</a></li>\n                    <li><i></i><a target=\"_blank\" title=\"善本古籍常识\" href=\"/gushiwen/1878513.html\">善本古籍常识</a></li>\n                    <li><i></i><a target=\"_blank\" title=\"关于古籍刻工的小常识\" href=\"/gushiwen/1878494.html\">关于古籍刻工的小常识</a></li>\n                    <li><i></i><a target=\"_blank\" title=\"古籍的用纸用料\" href=\"/gushiwen/1878484.html\">古籍的用纸用料</a></li>\n                    <li><i></i><a target=\"_blank\" title=\"《古籍小常识》古籍的流传精选推荐\" href=\"/gushiwen/1878463.html\">《古籍小常识》古籍的流传精选推荐</a></li>\n                </ul>\n            </div>\n            <div class=\"hot_top\">\n                <div class=\"new_title\"><i></i><span>频道热点</span></div>\n                <ul>\n                    <li><a target=\"_blank\" title=\"古籍的装帧知识\" href=\"/gushiwen/1878369.html\">古籍的装帧知识</a><span>2019-02-19</span></li>\n                    <li><a target=\"_blank\" title=\"古籍的版式有哪些\" href=\"/gushiwen/1878342.html\">古籍的版式有哪些</a><span>2019-02-19</span></li>\n                    <li><a target=\"_blank\" title=\"古籍的结构是什么\" href=\"/gushiwen/1878341.html\">古籍的结构是什么</a><span>2019-02-19</span></li>\n                    <li><a target=\"_blank\" title=\"《史记·袁盎者传》原文及翻译\" href=\"/gushiwen/1878306.html\">《史记·袁盎者传》原文及翻译</a><span>2019-02-19</span></li>\n                    <li><a target=\"_blank\" title=\"古籍的印刷工艺版本\" href=\"/gushiwen/1878302.html\">古籍的印刷工艺版本</a><span>2019-02-19</span></li>\n                    <li><a target=\"_blank\" title=\"经典古籍《史记》\" href=\"/gushiwen/1878274.html\">经典古籍《史记》</a><span>2019-02-19</span></li>\n                </ul>\n            </div>\n            <div class=\"hot_top\">\n                <div class=\"new_title\"><i></i><span>经典推荐</span></div>\n                <ul>\n                    <li><a target=\"_blank\" title=\"小常识古籍的印章\" href=\"/gushiwen/1878459.html\">小常识古籍的印章</a><span>2019-02-19</span></li>\n                    <li><a target=\"_blank\" title=\"《古籍小常识》古籍的序跋怎么写\" href=\"/gushiwen/1878433.html\">《古籍小常识》古籍的序跋怎么写</a><span>2019-02-19</span></li>\n                    <li><a target=\"_blank\" title=\"古籍常识：古籍之最\" href=\"/gushiwen/1878431.html\">古籍常识：古籍之最</a><span>2019-02-19</span></li>\n                    <li><a target=\"_blank\" title=\"古籍基本知识\" href=\"/gushiwen/1878402.html\">古籍基本知识</a><span>2019-02-19</span></li>\n                    <li><a target=\"_blank\" title=\"古籍整理的方法工序\" href=\"/gushiwen/1878399.html\">古籍整理的方法工序</a><span>2019-02-19</span></li>\n                    <li><a target=\"_blank\" title=\"古籍的书页版式\" href=\"/gushiwen/1878372.html\">古籍的书页版式</a><span>2019-02-19</span></li>\n                </ul>\n            </div>\n        </div>\n        <div class=\"list_r\">\n            <div class=\"list_r_title\"><span>热门文章</span></div>\n            <div class=\"cont\">\n                <a target=\"_blank\" title=\"经典古籍《山海经》介绍\" href=\"/gushiwen/1878252.html\">经典古籍《山海经》介绍</a>\n                <p>　　《山海经》是一部有名的志怪古籍，以下是小编整理的经典古籍《山海经》介绍，欢迎参考阅读！ ...</p>\n            </div>\n            <ul>\n                <li><i>1</i><a target=\"_blank\" title=\"古籍之《孙子兵法》介绍\" href=\"/gushiwen/1878244.html\">古籍之《孙子兵法》介绍</a></li>\n                <li><i>2</i><a target=\"_blank\" title=\"古籍《周易》介绍\" href=\"/gushiwen/1878231.html\">古籍《周易》介绍</a></li>\n                <li><i>3</i><a target=\"_blank\" title=\"《吕氏春秋》孟春纪原文\" href=\"/gushiwen/1878215.html\">《吕氏春秋》孟春纪原文</a></li>\n                <li><i>4</i><a target=\"_blank\" title=\"经典古籍《道德经》介绍\" href=\"/gushiwen/1878202.html\">经典古籍《道德经》介绍</a></li>\n                <li><i>5</i><a target=\"_blank\" title=\"《吕氏春秋·仲春纪》原文\" href=\"/gushiwen/1878183.html\">《吕氏春秋·仲春纪》原文</a></li>\n                <li><i>6</i><a target=\"_blank\" title=\"经典古籍《鬼谷子》\" href=\"/gushiwen/1878170.html\">经典古籍《鬼谷子》</a></li>\n                <li><i>7</i><a target=\"_blank\" title=\"《吕氏春秋》季春纪原文\" href=\"/gushiwen/1878152.html\">《吕氏春秋》季春纪原文</a></li>\n                <li><i>8</i><a target=\"_blank\" title=\"中国经典古籍《黄帝内经》\" href=\"/gushiwen/1878143.html\">中国经典古籍《黄帝内经》</a></li>\n                <li><i>9</i><a target=\"_blank\" title=\"《吕氏春秋》孟夏纪原文\" href=\"/gushiwen/1878122.html\">《吕氏春秋》孟夏纪原文</a></li>\n                <li><i>10</i><a target=\"_blank\" title=\"经典医学著作《本草纲目》\" href=\"/gushiwen/1878117.html\">经典医学著作《本草纲目》</a></li>\n            </ul>\n        </div>\n    </div>\n    <div class=\"index_list\">\n        <div class=\"list_l\">\n            <a class=\"l_title\" target=\"_blank\" title=\"实用文\" href=\"/shiyongwen/\">实用文</a>\n            <ul class=\"l_lmu\">\n                <li><a class=\"l_more\" target=\"_blank\" title=\"实用文\" href=\"/shiyongwen/\">更多</a></li>\n            </ul>\n        </div>\n        <div class=\"list_m\">\n            <div class=\"new_image\">\n                <div class=\"hot-image\">\n                    <a target=\"_blank\" title=\"车贴标语\" href=\"/shiyongwen/2773776.html\"><img src=\"http://static.meidekan.com/images/default.jpg\" alt=\"车贴标语\"><span>车贴标语</span></a>\n                    <a target=\"_blank\" title=\"最新工会上半年工作总结\" href=\"/shiyongwen/1995508.html\"><img src=\"http://img.meidekan.com/20180101/5cb6f9d28af9c3003.jpg\" alt=\"最新工会上半年工作总结\"><span>最新工会上半年工作总结</span></a>\n                </div>\n                <ul class=\"hot-list\">\n                    <li><i></i><a target=\"_blank\" title=\"我是雾霾_应用文200字\" href=\"/shiyongwen/3138784.html\">我是雾霾_应用文200字</a></li>\n                    <li><i></i><a target=\"_blank\" title=\"不忘国耻，振兴中华_演讲稿作文350字\" href=\"/shiyongwen/3136962.html\">不忘国耻，振兴中华_演讲稿作文350字</a></li>\n                    <li><i></i><a target=\"_blank\" title=\"一幕难忘的短剧_应用文700字\" href=\"/shiyongwen/3127510.html\">一幕难忘的短剧_应用文700字</a></li>\n                    <li><i></i><a target=\"_blank\" title=\"中队委竞选演讲_演讲稿300字\" href=\"/shiyongwen/3118959.html\">中队委竞选演讲_演讲稿300字</a></li>\n                    <li><i></i><a target=\"_blank\" title=\"《他们最幸福》读后感\" href=\"/shiyongwen/3118844.html\">《他们最幸福》读后感</a></li>\n                    <li><i></i><a target=\"_blank\" title=\"伸出援助之手和贫困学生一起成长_倡议书800字\" href=\"/shiyongwen/3118834.html\">伸出援助之手和贫困学生一起成长_倡议书800字</a></li>\n                    <li><i></i><a target=\"_blank\" title=\"感动中国2014颁奖词 感动中国2014十大人物颁奖词\" href=\"/shiyongwen/3118655.html\">感动中国2014颁奖词 感动中国2014十大人物颁奖词</a></li>\n                    <li><i></i><a target=\"_blank\" title=\"公司乔迁之喜贺词\" href=\"/shiyongwen/3115498.html\">公司乔迁之喜贺词</a></li>\n                </ul>\n                <div class=\"hot-image\">\n                    <a target=\"_blank\" title=\"店长年度考核个人总结\" href=\"/shiyongwen/1991986.html\"><img src=\"http://img.meidekan.com/20180218/5cb7e642a84663225.jpg\" alt=\"店长年度考核个人总结\"><span>店长年度考核个人总结</span></a>\n                    <a target=\"_blank\" title=\"年终总结大纲思路\" href=\"/shiyongwen/1985172.html\"><img src=\"http://img.meidekan.com/20180101/5cb6f881003a82279.jpg\" alt=\"年终总结大纲思路\"><span>年终总结大纲思路</span></a>\n                </div>\n                <ul class=\"hot-list\">\n                    <li><i></i><a target=\"_blank\" title=\"竞选生活委员_发言稿600字\" href=\"/shiyongwen/3115326.html\">竞选生活委员_发言稿600字</a></li>\n                    <li><i></i><a target=\"_blank\" title=\"毕业典礼_五年级小学生发言稿600字\" href=\"/shiyongwen/3115325.html\">毕业典礼_五年级小学生发言稿600字</a></li>\n                    <li><i></i><a target=\"_blank\" title=\"做一个诚信的人_关于诚信的作文750字\" href=\"/shiyongwen/3115113.html\">做一个诚信的人_关于诚信的作文750字</a></li>\n                    <li><i></i><a target=\"_blank\" title=\"节约用水，从我做起_关于节约用水作文600字\" href=\"/shiyongwen/3115112.html\">节约用水，从我做起_关于节约用水作文600字</a></li>\n                    <li><i></i><a target=\"_blank\" title=\"我家的菜地_应用文200字\" href=\"/shiyongwen/3114992.html\">我家的菜地_应用文200字</a></li>\n                    <li><i></i><a target=\"_blank\" title=\"弘扬诚实守信之风，从我做起_关于诚信作文1000字\" href=\"/shiyongwen/3114848.html\">弘扬诚实守信之风，从我做起_关于诚信作文1000字</a></li>\n                    <li><i></i><a target=\"_blank\" title=\"早_应用文700字\" href=\"/shiyongwen/3112424.html\">早_应用文700字</a></li>\n                    <li><i></i><a target=\"_blank\" title=\"不忘初心，方得始终_关于不忘初心的作文1000字\" href=\"/shiyongwen/3112152.html\">不忘初心，方得始终_关于不忘初心的作文1000字</a></li>\n                </ul>\n            </div>\n            <div class=\"hot_top\">\n                <div class=\"new_title\"><i></i><span>频道热点</span></div>\n                <ul>\n                    <li><a target=\"_blank\" title=\"我的“铁面”爸爸_应用文350字\" href=\"/shiyongwen/3110545.html\">我的“铁面”爸爸_应用文350字</a><span>2019-08-12</span></li>\n                    <li><a target=\"_blank\" title=\"节约自然资源倡议书550字\" href=\"/shiyongwen/3110502.html\">节约自然资源倡议书550字</a><span>2019-08-12</span></li>\n                    <li><a target=\"_blank\" title=\"细节决定成败_国旗下讲话\" href=\"/shiyongwen/3110492.html\">细节决定成败_国旗下讲话</a><span>2019-08-12</span></li>\n                    <li><a target=\"_blank\" title=\"一局牌_应用文100字\" href=\"/shiyongwen/3109912.html\">一局牌_应用文100字</a><span>2019-08-12</span></li>\n                    <li><a target=\"_blank\" title=\"我的语文测试分析_应用文200字\" href=\"/shiyongwen/3109353.html\">我的语文测试分析_应用文200字</a><span>2019-08-12</span></li>\n                    <li><a target=\"_blank\" title=\"竞选宣传委员的发言稿_小学演讲稿300字\" href=\"/shiyongwen/3109230.html\">竞选宣传委员的发言稿_小学演讲稿300字</a><span>2019-08-12</span></li>\n                </ul>\n            </div>\n            <div class=\"hot_top\">\n                <div class=\"new_title\"><i></i><span>经典推荐</span></div>\n                <ul>\n                    <li><a target=\"_blank\" title=\"学习雷锋，从小事做起_关于雷锋作文1000字\" href=\"/shiyongwen/3112151.html\">学习雷锋，从小事做起_关于雷锋作文1000字</a><span>2019-08-12</span></li>\n                    <li><a target=\"_blank\" title=\"走复兴路 圆中国梦 谁的责任_高中演讲稿1200字\" href=\"/shiyongwen/3111689.html\">走复兴路 圆中国梦 谁的责任_高中演讲稿12</a><span>2019-08-12</span></li>\n                    <li><a target=\"_blank\" title=\"考卷发下后_应用文300字\" href=\"/shiyongwen/3111431.html\">考卷发下后_应用文300字</a><span>2019-08-12</span></li>\n                    <li><a target=\"_blank\" title=\"未来之路 有心有爱有梦_国旗下的讲话2000字\" href=\"/shiyongwen/3111282.html\">未来之路 有心有爱有梦_国旗下的讲话2000</a><span>2019-08-12</span></li>\n                    <li><a target=\"_blank\" title=\"珍惜当下，努力变强_国旗下的讲话1000字\" href=\"/shiyongwen/3111279.html\">珍惜当下，努力变强_国旗下的讲话1000字</a><span>2019-08-12</span></li>\n                    <li><a target=\"_blank\" title=\"当我和“我”不一样_国旗下的讲话1400字\" href=\"/shiyongwen/3111278.html\">当我和“我”不一样_国旗下的讲话1400字</a><span>2019-08-12</span></li>\n                </ul>\n            </div>\n        </div>\n        <div class=\"list_r\">\n            <div class=\"list_r_title\"><span>热门文章</span></div>\n            <div class=\"cont\">\n                <a target=\"_blank\" title=\"垃圾分类·小举大善·学习策略·巧思益智_写事作文350字\" href=\"/shiyongwen/3109066.html\">垃圾分类·小举大善·学习策略·巧思益智_写事作文350字</a>\n                <p>　　美德网小编主要从、、、等方面来阐述，希望通过垃圾分类·小举大善·学习策略·巧思益智_写事...</p>\n            </div>\n            <ul>\n                <li><i>1</i><a target=\"_blank\" title=\"不忘初心，共建祖国的美好未来_国旗下讲话稿1200字\" href=\"/shiyongwen/3108605.html\">不忘初心，共建祖国的美好未来_国旗下讲话稿1200字</a></li>\n                <li><i>2</i><a target=\"_blank\" title=\"元旦暖人心_关于元旦作文1400字\" href=\"/shiyongwen/3108566.html\">元旦暖人心_关于元旦作文1400字</a></li>\n                <li><i>3</i><a target=\"_blank\" title=\"深植家国情怀 直面使命担当_国旗下的讲话1200字\" href=\"/shiyongwen/3108200.html\">深植家国情怀 直面使命担当_国旗下的讲话1200字</a></li>\n                <li><i>4</i><a target=\"_blank\" title=\"成功，就在再坚持一下的努力之中_国旗下的讲话1200字\" href=\"/shiyongwen/3108196.html\">成功，就在再坚持一下的努力之中_国旗下的讲话1200字</a></li>\n                <li><i>5</i><a target=\"_blank\" title=\"成功贵在坚持 奋斗成就梦想_国旗下的讲话1600字\" href=\"/shiyongwen/3108195.html\">成功贵在坚持 奋斗成就梦想_国旗下的讲话1600字</a></li>\n                <li><i>6</i><a target=\"_blank\" title=\"让优秀成为一种习惯，遇见最好的自己！_国旗下的讲话1200字\" href=\"/shiyongwen/3108188.html\">让优秀成为一种习惯，遇见最好的自己！_国旗下的讲话1200字</a></li>\n                <li><i>7</i><a target=\"_blank\" title=\"不负春光不负己 坚定信念绽芳华_国旗下的讲话1500字\" href=\"/shiyongwen/3108186.html\">不负春光不负己 坚定信念绽芳华_国旗下的讲话1500字</a></li>\n                <li><i>8</i><a target=\"_blank\" title=\"公共资源的主动共建和积极共享_国旗下的讲话1500字\" href=\"/shiyongwen/3108185.html\">公共资源的主动共建和积极共享_国旗下的讲话1500字</a></li>\n                <li><i>9</i><a target=\"_blank\" title=\"我参与 我行动_国旗下的讲话1200字\" href=\"/shiyongwen/3108184.html\">我参与 我行动_国旗下的讲话1200字</a></li>\n                <li><i>10</i><a target=\"_blank\" title=\"提升文明素养 共建文明城市_国旗下的讲话1900字\" href=\"/shiyongwen/3108183.html\">提升文明素养 共建文明城市_国旗下的讲话1900字</a></li>\n            </ul>\n        </div>\n    </div>\n    <div class=\"index_list\">\n        <div class=\"list_l\">\n            <a class=\"l_title\" target=\"_blank\" title=\"试题\" href=\"/shiti/\">试题</a>\n            <ul class=\"l_lmu\">\n                <li><a class=\"l_more\" target=\"_blank\" title=\"试题\" href=\"/shiti/\">更多</a></li>\n            </ul>\n        </div>\n        <div class=\"list_m\">\n            <div class=\"new_image\">\n                <div class=\"hot-image\">\n                    <a target=\"_blank\" title=\"小学四年级数学下册的期中试卷\" href=\"/shiti/136493.html\"><img src=\"http://img.meidekan.com/20180101/5cb6f8c4834c74999.jpg\" alt=\"小学四年级数学下册的期中试卷\"><span>小学四年级数学下册的期中试卷</span></a>\n                    <a target=\"_blank\" title=\"苏教国标版三年级上册数学期中试卷\" href=\"/shiti/136195.html\"><img src=\"http://img.meidekan.com/20180101/5cb6f8618b31a8658.jpg\" alt=\"苏教国标版三年级上册数学期中试卷\"><span>苏教国标版三年级上册数学期中试卷</span></a>\n                </div>\n                <ul class=\"hot-list\">\n                    <li><i></i><a target=\"_blank\" title=\"五年级下册数学期中试卷\" href=\"/shiti/138078.html\">五年级下册数学期中试卷</a></li>\n                    <li><i></i><a target=\"_blank\" title=\"南长街小学五年级数学期中测试卷\" href=\"/shiti/137817.html\">南长街小学五年级数学期中测试卷</a></li>\n                    <li><i></i><a target=\"_blank\" title=\"学年五年级数学上期中试卷\" href=\"/shiti/137810.html\">学年五年级数学上期中试卷</a></li>\n                    <li><i></i><a target=\"_blank\" title=\"一年级下册数学期中测试卷\" href=\"/shiti/137547.html\">一年级下册数学期中测试卷</a></li>\n                    <li><i></i><a target=\"_blank\" title=\"人教版五年级上册数学期中试卷\" href=\"/shiti/137542.html\">人教版五年级上册数学期中试卷</a></li>\n                    <li><i></i><a target=\"_blank\" title=\"北师大版小学二年级上学期期中测试卷\" href=\"/shiti/137275.html\">北师大版小学二年级上学期期中测试卷</a></li>\n                    <li><i></i><a target=\"_blank\" title=\"小学二年级上册数学期中测试试卷\" href=\"/shiti/137274.html\">小学二年级上册数学期中测试试卷</a></li>\n                    <li><i></i><a target=\"_blank\" title=\"北师大版六年级上册数学期中试卷\" href=\"/shiti/137013.html\">北师大版六年级上册数学期中试卷</a></li>\n                </ul>\n                <div class=\"hot-image\">\n                    <a target=\"_blank\" title=\"小学三年级下学期数学期中测试卷和答案\" href=\"/shiti/132985.html\"><img src=\"http://img.meidekan.com/20180110/5cb7c7ba0fe912798.jpg\" alt=\"小学三年级下学期数学期中测试卷和答案\"><span>小学三年级下学期数学期中测试卷和答案</span></a>\n                    <a target=\"_blank\" title=\"苏教版小学一年级数学期中试卷\" href=\"/shiti/129490.html\"><img src=\"http://img.meidekan.com/20180101/5cb6f940552d05946.jpg\" alt=\"苏教版小学一年级数学期中试卷\"><span>苏教版小学一年级数学期中试卷</span></a>\n                </div>\n                <ul class=\"hot-list\">\n                    <li><i></i><a target=\"_blank\" title=\"北师大版五年级上册数学期中试卷\" href=\"/shiti/137009.html\">北师大版五年级上册数学期中试卷</a></li>\n                    <li><i></i><a target=\"_blank\" title=\"三年级上学期数学期中测试卷\" href=\"/shiti/136744.html\">三年级上学期数学期中测试卷</a></li>\n                    <li><i></i><a target=\"_blank\" title=\"六年级数学上册期中检测试卷\" href=\"/shiti/136740.html\">六年级数学上册期中检测试卷</a></li>\n                    <li><i></i><a target=\"_blank\" title=\"小学四年级数学下册的期中试卷\" href=\"/shiti/136493.html\">小学四年级数学下册的期中试卷</a></li>\n                    <li><i></i><a target=\"_blank\" title=\"新北师大版六年级数学上册期中评估测试试卷\" href=\"/shiti/136472.html\">新北师大版六年级数学上册期中评估测试试卷</a></li>\n                    <li><i></i><a target=\"_blank\" title=\"苏教版三年级数学期中试卷\" href=\"/shiti/136202.html\">苏教版三年级数学期中试卷</a></li>\n                    <li><i></i><a target=\"_blank\" title=\"苏教国标版三年级上册数学期中试卷\" href=\"/shiti/136195.html\">苏教国标版三年级上册数学期中试卷</a></li>\n                    <li><i></i><a target=\"_blank\" title=\"苏教版三年级数学下册期中测试卷\" href=\"/shiti/135938.html\">苏教版三年级数学下册期中测试卷</a></li>\n                </ul>\n            </div>\n            <div class=\"hot_top\">\n                <div class=\"new_title\"><i></i><span>频道热点</span></div>\n                <ul>\n                    <li><a target=\"_blank\" title=\"小学二年级数学下册的期中试卷\" href=\"/shiti/135128.html\">小学二年级数学下册的期中试卷</a><span>2018-02-13</span></li>\n                    <li><a target=\"_blank\" title=\"二年级下册数学期中试卷与答案\" href=\"/shiti/134866.html\">二年级下册数学期中试卷与答案</a><span>2018-02-13</span></li>\n                    <li><a target=\"_blank\" title=\"二年级下册数学期中测试卷及答案\" href=\"/shiti/134864.html\">二年级下册数学期中测试卷及答案</a><span>2018-02-13</span></li>\n                    <li><a target=\"_blank\" title=\"小学六年级的数学上册期中试卷\" href=\"/shiti/134591.html\">小学六年级的数学上册期中试卷</a><span>2018-02-13</span></li>\n                    <li><a target=\"_blank\" title=\"小学六年级下册数学的期中试卷\" href=\"/shiti/134587.html\">小学六年级下册数学的期中试卷</a><span>2018-02-13</span></li>\n                    <li><a target=\"_blank\" title=\"小学四年级数学第八册期中测试卷\" href=\"/shiti/134326.html\">小学四年级数学第八册期中测试卷</a><span>2018-02-13</span></li>\n                </ul>\n            </div>\n            <div class=\"hot_top\">\n                <div class=\"new_title\"><i></i><span>经典推荐</span></div>\n                <ul>\n                    <li><a target=\"_blank\" title=\"北师大版三年级数学下册期中测试卷\" href=\"/shiti/135927.html\">北师大版三年级数学下册期中测试卷</a><span>2018-02-13</span></li>\n                    <li><a target=\"_blank\" title=\"人教版小学六年级数学下册期中试卷\" href=\"/shiti/135663.html\">人教版小学六年级数学下册期中试卷</a><span>2018-02-13</span></li>\n                    <li><a target=\"_blank\" title=\"三年级数学下册的期中测试卷\" href=\"/shiti/135662.html\">三年级数学下册的期中测试卷</a><span>2018-02-13</span></li>\n                    <li><a target=\"_blank\" title=\"北师大版三年级上册数学期中试卷\" href=\"/shiti/135402.html\">北师大版三年级上册数学期中试卷</a><span>2018-02-13</span></li>\n                    <li><a target=\"_blank\" title=\"七年级英语上册期中质量检测试卷\" href=\"/shiti/135396.html\">七年级英语上册期中质量检测试卷</a><span>2018-02-13</span></li>\n                    <li><a target=\"_blank\" title=\"二年级上册期中检测试卷\" href=\"/shiti/135135.html\">二年级上册期中检测试卷</a><span>2018-02-13</span></li>\n                </ul>\n            </div>\n        </div>\n        <div class=\"list_r\">\n            <div class=\"list_r_title\"><span>热门文章</span></div>\n            <div class=\"cont\">\n                <a target=\"_blank\" title=\"小学六年级下册的数学期中试卷\" href=\"/shiti/134324.html\">小学六年级下册的数学期中试卷</a>\n                <p>　　一、填空(每空1分,,共22分) 1.我们把圆的周长与直径的比值叫做( )，用字母( )...</p>\n            </div>\n            <ul>\n                <li><i>1</i><a target=\"_blank\" title=\"小学五年级数学上册期中测试卷及答案\" href=\"/shiti/134061.html\">小学五年级数学上册期中测试卷及答案</a></li>\n                <li><i>2</i><a target=\"_blank\" title=\" 五年级数学上册期中的测试卷练习\" href=\"/shiti/134055.html\"> 五年级数学上册期中的测试卷练习</a></li>\n                <li><i>3</i><a target=\"_blank\" title=\"小学数学四年级下册期中试卷\" href=\"/shiti/133837.html\">小学数学四年级下册期中试卷</a></li>\n                <li><i>4</i><a target=\"_blank\" title=\"人教版小学五年级上册的数学期中测试卷\" href=\"/shiti/133787.html\">人教版小学五年级上册的数学期中测试卷</a></li>\n                <li><i>5</i><a target=\"_blank\" title=\"小学五六年级语数期中试卷\" href=\"/shiti/133548.html\">小学五六年级语数期中试卷</a></li>\n                <li><i>6</i><a target=\"_blank\" title=\"小学一年级的数学下册期中试卷\" href=\"/shiti/133514.html\">小学一年级的数学下册期中试卷</a></li>\n                <li><i>7</i><a target=\"_blank\" title=\"人教版五年级数学下册期中的试卷\" href=\"/shiti/133257.html\">人教版五年级数学下册期中的试卷</a></li>\n                <li><i>8</i><a target=\"_blank\" title=\"新人教版小学三年级的数学下册期中试卷\" href=\"/shiti/133247.html\">新人教版小学三年级的数学下册期中试卷</a></li>\n                <li><i>9</i><a target=\"_blank\" title=\"苏教版小学六年级数学下册期中的试卷\" href=\"/shiti/132989.html\">苏教版小学六年级数学下册期中的试卷</a></li>\n                <li><i>10</i><a target=\"_blank\" title=\"小学三年级下学期数学期中测试卷和答案\" href=\"/shiti/132985.html\">小学三年级下学期数学期中测试卷和答案</a></li>\n            </ul>\n        </div>\n    </div>\n    <div class=\"index_list\">\n        <div class=\"list_l\">\n            <a class=\"l_title\" target=\"_blank\" title=\"教案\" href=\"/jiaoan/\">教案</a>\n            <ul class=\"l_lmu\">\n                <li><a class=\"l_more\" target=\"_blank\" title=\"教案\" href=\"/jiaoan/\">更多</a></li>\n            </ul>\n        </div>\n        <div class=\"list_m\">\n            <div class=\"new_image\">\n                <div class=\"hot-image\">\n                    <a target=\"_blank\" title=\"《一去二三里》的识字教案\" href=\"/jiaoan/249644.html\"><img src=\"http://img.meidekan.com/20180101/5cb6f83ed4ed94932.jpg\" alt=\"《一去二三里》的识字教案\"><span>《一去二三里》的识字教案</span></a>\n                    <a target=\"_blank\" title=\"一年级下册《识字7》的教案\" href=\"/jiaoan/249106.html\"><img src=\"http://img.meidekan.com/20180101/5cb6f83ed4ed94932.jpg\" alt=\"一年级下册《识字7》的教案\"><span>一年级下册《识字7》的教案</span></a>\n                </div>\n                <ul class=\"hot-list\">\n                    <li><i></i><a target=\"_blank\" title=\"一年级下册《识字6》第一课时教案\" href=\"/jiaoan/250176.html\">一年级下册《识字6》第一课时教案</a></li>\n                    <li><i></i><a target=\"_blank\" title=\"《等差数列》第一课时教案\" href=\"/jiaoan/250070.html\">《等差数列》第一课时教案</a></li>\n                    <li><i></i><a target=\"_blank\" title=\"《让我们荡起双桨》第一课时教案\" href=\"/jiaoan/249913.html\">《让我们荡起双桨》第一课时教案</a></li>\n                    <li><i></i><a target=\"_blank\" title=\"大班优秀教案：《海的女儿》\" href=\"/jiaoan/249778.html\">大班优秀教案：《海的女儿》</a></li>\n                    <li><i></i><a target=\"_blank\" title=\"《一去二三里》的识字教案\" href=\"/jiaoan/249644.html\">《一去二三里》的识字教案</a></li>\n                    <li><i></i><a target=\"_blank\" title=\"识字1的教案\" href=\"/jiaoan/249516.html\">识字1的教案</a></li>\n                    <li><i></i><a target=\"_blank\" title=\"人教新课标第三册《识字三》教案范文\" href=\"/jiaoan/249376.html\">人教新课标第三册《识字三》教案范文</a></li>\n                    <li><i></i><a target=\"_blank\" title=\"一年级下册识字4优秀教案设计范文\" href=\"/jiaoan/249252.html\">一年级下册识字4优秀教案设计范文</a></li>\n                </ul>\n                <div class=\"hot-image\">\n                    <a target=\"_blank\" title=\"二年级《识字7》的教案设计\" href=\"/jiaoan/248982.html\"><img src=\"http://img.meidekan.com/20180101/5cb6f92e3dbad7552.jpg\" alt=\"二年级《识字7》的教案设计\"><span>二年级《识字7》的教案设计</span></a>\n                    <a target=\"_blank\" title=\"识字5的教案\" href=\"/jiaoan/247749.html\"><img src=\"http://img.meidekan.com/20180220/5cb7e7c44b4567494.jpg\" alt=\"识字5的教案\"><span>识字5的教案</span></a>\n                </div>\n                <ul class=\"hot-list\">\n                    <li><i></i><a target=\"_blank\" title=\"一年级下册《识字7》的教案\" href=\"/jiaoan/249106.html\">一年级下册《识字7》的教案</a></li>\n                    <li><i></i><a target=\"_blank\" title=\"二年级《识字7》的教案设计\" href=\"/jiaoan/248982.html\">二年级《识字7》的教案设计</a></li>\n                    <li><i></i><a target=\"_blank\" title=\"人教版一年级下册识字教案范文\" href=\"/jiaoan/248826.html\">人教版一年级下册识字教案范文</a></li>\n                    <li><i></i><a target=\"_blank\" title=\"《识字五》教案设计\" href=\"/jiaoan/248724.html\">《识字五》教案设计</a></li>\n                    <li><i></i><a target=\"_blank\" title=\"《识字七》教案设计\" href=\"/jiaoan/248565.html\">《识字七》教案设计</a></li>\n                    <li><i></i><a target=\"_blank\" title=\"大班识字活动《送拖鞋》教案\" href=\"/jiaoan/248458.html\">大班识字活动《送拖鞋》教案</a></li>\n                    <li><i></i><a target=\"_blank\" title=\"人教新课标第三册识字1教案\" href=\"/jiaoan/248282.html\">人教新课标第三册识字1教案</a></li>\n                    <li><i></i><a target=\"_blank\" title=\"语文《识字》教案设计\" href=\"/jiaoan/248190.html\">语文《识字》教案设计</a></li>\n                </ul>\n            </div>\n            <div class=\"hot_top\">\n                <div class=\"new_title\"><i></i><span>频道热点</span></div>\n                <ul>\n                    <li><a target=\"_blank\" title=\"小学二年级上册《识字7》教案\" href=\"/jiaoan/247148.html\">小学二年级上册《识字7》教案</a><span>2018-03-22</span></li>\n                    <li><a target=\"_blank\" title=\"识字3二年级教案\" href=\"/jiaoan/247103.html\">识字3二年级教案</a><span>2018-03-22</span></li>\n                    <li><a target=\"_blank\" title=\"小学一年级识字金木水火土教案\" href=\"/jiaoan/246877.html\">小学一年级识字金木水火土教案</a><span>2018-03-22</span></li>\n                    <li><a target=\"_blank\" title=\"人教版一年级识字7课堂的教案\" href=\"/jiaoan/246839.html\">人教版一年级识字7课堂的教案</a><span>2018-03-21</span></li>\n                    <li><a target=\"_blank\" title=\"人教版一年级下册识字7优秀教案\" href=\"/jiaoan/246612.html\">人教版一年级下册识字7优秀教案</a><span>2018-03-21</span></li>\n                    <li><a target=\"_blank\" title=\"识字游戏的教案\" href=\"/jiaoan/246536.html\">识字游戏的教案</a><span>2018-03-21</span></li>\n                </ul>\n            </div>\n            <div class=\"hot_top\">\n                <div class=\"new_title\"><i></i><span>经典推荐</span></div>\n                <ul>\n                    <li><a target=\"_blank\" title=\"人教版第三册《识字七》的教案\" href=\"/jiaoan/248016.html\">人教版第三册《识字七》的教案</a><span>2018-03-22</span></li>\n                    <li><a target=\"_blank\" title=\"人教版《识字七》教案\" href=\"/jiaoan/247913.html\">人教版《识字七》教案</a><span>2018-03-22</span></li>\n                    <li><a target=\"_blank\" title=\"识字5的教案\" href=\"/jiaoan/247749.html\">识字5的教案</a><span>2018-03-22</span></li>\n                    <li><a target=\"_blank\" title=\"人教版一年级第一册《日月明》识字教案设计\" href=\"/jiaoan/247649.html\">人教版一年级第一册《日月明》识字教案设计</a><span>2018-03-22</span></li>\n                    <li><a target=\"_blank\" title=\"人教版一年级下册识字教案\" href=\"/jiaoan/247481.html\">人教版一年级下册识字教案</a><span>2018-03-22</span></li>\n                    <li><a target=\"_blank\" title=\"一年级下册识字教案设计范文\" href=\"/jiaoan/247364.html\">一年级下册识字教案设计范文</a><span>2018-03-22</span></li>\n                </ul>\n            </div>\n        </div>\n        <div class=\"list_r\">\n            <div class=\"list_r_title\"><span>热门文章</span></div>\n            <div class=\"cont\">\n                <a target=\"_blank\" title=\"语文识字6的教案设计\" href=\"/jiaoan/246359.html\">语文识字6的教案设计</a>\n                <p>　　【教学目标】 １、认识“海、鸥”等１４个生字。会写“沙、海”等６个字。 ２、正确、流利地...</p>\n            </div>\n            <ul>\n                <li><i>1</i><a target=\"_blank\" title=\"一年级识字精品教案设计\" href=\"/jiaoan/246266.html\">一年级识字精品教案设计</a></li>\n                <li><i>2</i><a target=\"_blank\" title=\"人教版语文课堂《识字2》的教案\" href=\"/jiaoan/246094.html\">人教版语文课堂《识字2》的教案</a></li>\n                <li><i>3</i><a target=\"_blank\" title=\"人教版语文第一册《识字4》教案范文\" href=\"/jiaoan/246005.html\">人教版语文第一册《识字4》教案范文</a></li>\n                <li><i>4</i><a target=\"_blank\" title=\"识字教案范文\" href=\"/jiaoan/245828.html\">识字教案范文</a></li>\n                <li><i>5</i><a target=\"_blank\" title=\"《识字1》教案\" href=\"/jiaoan/245743.html\">《识字1》教案</a></li>\n                <li><i>6</i><a target=\"_blank\" title=\"《识字学词学句》的教案\" href=\"/jiaoan/245563.html\">《识字学词学句》的教案</a></li>\n                <li><i>7</i><a target=\"_blank\" title=\"一年级《识字五》的教案\" href=\"/jiaoan/245461.html\">一年级《识字五》的教案</a></li>\n                <li><i>8</i><a target=\"_blank\" title=\"《看图识字》的教案\" href=\"/jiaoan/245295.html\">《看图识字》的教案</a></li>\n                <li><i>9</i><a target=\"_blank\" title=\"《识字１》教案设计\" href=\"/jiaoan/245200.html\">《识字１》教案设计</a></li>\n                <li><i>10</i><a target=\"_blank\" title=\"一年级下册识字4的教案示例\" href=\"/jiaoan/245025.html\">一年级下册识字4的教案示例</a></li>\n            </ul>\n        </div>\n    </div>\n    <div class=\"index_list\">\n        <div class=\"list_l\">\n            <a class=\"l_title\" target=\"_blank\" title=\"课件\" href=\"/kejian/\">课件</a>\n            <ul class=\"l_lmu\">\n                <li><a class=\"l_more\" target=\"_blank\" title=\"课件\" href=\"/kejian/\">更多</a></li>\n            </ul>\n        </div>\n        <div class=\"list_m\">\n            <div class=\"new_image\">\n                <div class=\"hot-image\">\n                    <a target=\"_blank\" title=\"摘星的少年的课件\" href=\"/kejian/1677178.html\"><img src=\"http://img.meidekan.com/20180202/5cb7db26609327846.jpg\" alt=\"摘星的少年的课件\"><span>摘星的少年的课件</span></a>\n                    <a target=\"_blank\" title=\"《茶馆》的课件\" href=\"/kejian/1662755.html\"><img src=\"http://img.meidekan.com/20180104/5cb7c27031bd45801.jpg\" alt=\"《茶馆》的课件\"><span>《茶馆》的课件</span></a>\n                </div>\n                <ul class=\"hot-list\">\n                    <li><i></i><a target=\"_blank\" title=\"有关古诗中的丝绸之路\" href=\"/kejian/1687630.html\">有关古诗中的丝绸之路</a></li>\n                    <li><i></i><a target=\"_blank\" title=\"物理《声现象》复习课件\" href=\"/kejian/1687471.html\">物理《声现象》复习课件</a></li>\n                    <li><i></i><a target=\"_blank\" title=\"高一物理《曲线运动》复习课件\" href=\"/kejian/1687449.html\">高一物理《曲线运动》复习课件</a></li>\n                    <li><i></i><a target=\"_blank\" title=\"《扇形统计图》教案课件\" href=\"/kejian/1687306.html\">《扇形统计图》教案课件</a></li>\n                    <li><i></i><a target=\"_blank\" title=\"五年级数学下册《正方体》课件\" href=\"/kejian/1687285.html\">五年级数学下册《正方体》课件</a></li>\n                    <li><i></i><a target=\"_blank\" title=\"五年级数学下册《长方体》的课件\" href=\"/kejian/1687144.html\">五年级数学下册《长方体》的课件</a></li>\n                    <li><i></i><a target=\"_blank\" title=\"语文课程《狼》的课件\" href=\"/kejian/1686981.html\">语文课程《狼》的课件</a></li>\n                    <li><i></i><a target=\"_blank\" title=\"《安塞腰鼓》的教学课件\" href=\"/kejian/1686959.html\">《安塞腰鼓》的教学课件</a></li>\n                </ul>\n                <div class=\"hot-image\">\n                    <a target=\"_blank\" title=\"高士其《笑》的课件\" href=\"/kejian/1605583.html\"><img src=\"http://img.meidekan.com/20180101/5cb6f8788d77e8237.jpg\" alt=\"高士其《笑》的课件\"><span>高士其《笑》的课件</span></a>\n                    <a target=\"_blank\" title=\"黄河颂的课件\" href=\"/kejian/1604275.html\"><img src=\"http://img.meidekan.com/20181227/5cb8ad0dc57261048.png\" alt=\"黄河颂的课件\"><span>黄河颂的课件</span></a>\n                </div>\n                <ul class=\"hot-list\">\n                    <li><i></i><a target=\"_blank\" title=\"《斑羚飞渡》的语文课件\" href=\"/kejian/1686819.html\">《斑羚飞渡》的语文课件</a></li>\n                    <li><i></i><a target=\"_blank\" title=\"《珍珠鸟》的课件\" href=\"/kejian/1686797.html\">《珍珠鸟》的课件</a></li>\n                    <li><i></i><a target=\"_blank\" title=\"《观舞记》的课件\" href=\"/kejian/1686658.html\">《观舞记》的课件</a></li>\n                    <li><i></i><a target=\"_blank\" title=\"《伟大的悲剧》的课件\" href=\"/kejian/1686646.html\">《伟大的悲剧》的课件</a></li>\n                    <li><i></i><a target=\"_blank\" title=\"《口技》的课件\" href=\"/kejian/1686494.html\">《口技》的课件</a></li>\n                    <li><i></i><a target=\"_blank\" title=\"《竹影》的课件\" href=\"/kejian/1686477.html\">《竹影》的课件</a></li>\n                    <li><i></i><a target=\"_blank\" title=\"《土地的誓言》的课件\" href=\"/kejian/1686327.html\">《土地的誓言》的课件</a></li>\n                    <li><i></i><a target=\"_blank\" title=\"《爸爸的花儿落了》的课件\" href=\"/kejian/1686313.html\">《爸爸的花儿落了》的课件</a></li>\n                </ul>\n            </div>\n            <div class=\"hot_top\">\n                <div class=\"new_title\"><i></i><span>频道热点</span></div>\n                <ul>\n                    <li><a target=\"_blank\" title=\"《盲孩子和他的影子》课件\" href=\"/kejian/1685661.html\">《盲孩子和他的影子》课件</a><span>2019-01-12</span></li>\n                    <li><a target=\"_blank\" title=\"《散步》的课件\" href=\"/kejian/1685652.html\">《散步》的课件</a><span>2019-01-12</span></li>\n                    <li><a target=\"_blank\" title=\"皇帝的新装课件\" href=\"/kejian/1685498.html\">皇帝的新装课件</a><span>2019-01-12</span></li>\n                    <li><a target=\"_blank\" title=\"海上日出课件\" href=\"/kejian/1685489.html\">海上日出课件</a><span>2019-01-12</span></li>\n                    <li><a target=\"_blank\" title=\"小蝌蚪找妈妈课件\" href=\"/kejian/1685334.html\">小蝌蚪找妈妈课件</a><span>2019-01-12</span></li>\n                    <li><a target=\"_blank\" title=\"阿房宫赋课件\" href=\"/kejian/1685327.html\">阿房宫赋课件</a><span>2019-01-12</span></li>\n                </ul>\n            </div>\n            <div class=\"hot_top\">\n                <div class=\"new_title\"><i></i><span>经典推荐</span></div>\n                <ul>\n                    <li><a target=\"_blank\" title=\"《人民解放军百万大军横渡长江》课件\" href=\"/kejian/1686158.html\">《人民解放军百万大军横渡长江》课件</a><span>2019-01-12</span></li>\n                    <li><a target=\"_blank\" title=\"《你一定会听见的》的课件\" href=\"/kejian/1686146.html\">《你一定会听见的》的课件</a><span>2019-01-12</span></li>\n                    <li><a target=\"_blank\" title=\"《就英法联军远征中国致巴特勒上尉的信》课件\" href=\"/kejian/1685992.html\">《就英法联军远征中国致巴特勒上尉的信》课件</a><span>2019-01-12</span></li>\n                    <li><a target=\"_blank\" title=\"《背影》的课件\" href=\"/kejian/1685981.html\">《背影》的课件</a><span>2019-01-12</span></li>\n                    <li><a target=\"_blank\" title=\"《你一定会听见的》课件\" href=\"/kejian/1685827.html\">《你一定会听见的》课件</a><span>2019-01-12</span></li>\n                    <li><a target=\"_blank\" title=\"《济南的冬天》课件\" href=\"/kejian/1685819.html\">《济南的冬天》课件</a><span>2019-01-12</span></li>\n                </ul>\n            </div>\n        </div>\n        <div class=\"list_r\">\n            <div class=\"list_r_title\"><span>热门文章</span></div>\n            <div class=\"cont\">\n                <a target=\"_blank\" title=\"伯牙绝弦课件\" href=\"/kejian/1685169.html\">伯牙绝弦课件</a>\n                <p>　　伯牙绝弦，是讲述知音难求的一个故事，伯牙与钟子期是一对千古传诵的至交典范 一、教材分析 ...</p>\n            </div>\n            <ul>\n                <li><i>1</i><a target=\"_blank\" title=\"从百草园到三味书屋课件\" href=\"/kejian/1685154.html\">从百草园到三味书屋课件</a></li>\n                <li><i>2</i><a target=\"_blank\" title=\"曹刿论战课件\" href=\"/kejian/1684998.html\">曹刿论战课件</a></li>\n                <li><i>3</i><a target=\"_blank\" title=\"济南的冬天课件\" href=\"/kejian/1684986.html\">济南的冬天课件</a></li>\n                <li><i>4</i><a target=\"_blank\" title=\"让我们荡起双桨课件\" href=\"/kejian/1684838.html\">让我们荡起双桨课件</a></li>\n                <li><i>5</i><a target=\"_blank\" title=\"威尼斯的小艇课件\" href=\"/kejian/1684819.html\">威尼斯的小艇课件</a></li>\n                <li><i>6</i><a target=\"_blank\" title=\"迢迢牵牛星课件\" href=\"/kejian/1684664.html\">迢迢牵牛星课件</a></li>\n                <li><i>7</i><a target=\"_blank\" title=\"阿长与山海经课件\" href=\"/kejian/1684648.html\">阿长与山海经课件</a></li>\n                <li><i>8</i><a target=\"_blank\" title=\"泊船瓜洲课件\" href=\"/kejian/1684496.html\">泊船瓜洲课件</a></li>\n                <li><i>9</i><a target=\"_blank\" title=\"在山的那边课件\" href=\"/kejian/1684479.html\">在山的那边课件</a></li>\n                <li><i>10</i><a target=\"_blank\" title=\"假如没有灰尘课件\" href=\"/kejian/1684330.html\">假如没有灰尘课件</a></li>\n            </ul>\n        </div>\n    </div>\n    <div class=\"index_list\">\n        <div class=\"list_l\">\n            <a class=\"l_title\" target=\"_blank\" title=\"素材\" href=\"/sucai/\">素材</a>\n            <ul class=\"l_lmu\">\n                <li><a class=\"l_more\" target=\"_blank\" title=\"素材\" href=\"/sucai/\">更多</a></li>\n            </ul>\n        </div>\n        <div class=\"list_m\">\n            <div class=\"new_image\">\n                <div class=\"hot-image\">\n                    <a target=\"_blank\" title=\"四年级手抄报边框\" href=\"/sucai/3108466.html\"><img src=\"http://img.meidekan.com/20190811/5d4fd38325cc52501.jpg\" alt=\"四年级手抄报边框\"><span>四年级手抄报边框</span></a>\n                    <a target=\"_blank\" title=\"八月十五是中秋_中秋节手抄报\" href=\"/sucai/2342850.html\"><img src=\"http://img.meidekan.com/20190530/5cef8e4b27f1a9988.jpg\" alt=\"八月十五是中秋_中秋节手抄报\"><span>八月十五是中秋_中秋节手抄报</span></a>\n                </div>\n                <ul class=\"hot-list\">\n                    <li><i></i><a target=\"_blank\" title=\"分析营销型网站建设当中做好定位的重要性222\" href=\"/sucai/3174879.html\">分析营销型网站建设当中做好定位的重要性222</a></li>\n                    <li><i></i><a target=\"_blank\" title=\"测试配送员2\" href=\"/sucai/3174874.html\">测试配送员2</a></li>\n                    <li><i></i><a target=\"_blank\" title=\"制作黑板报_三年级周记400字\" href=\"/sucai/3118971.html\">制作黑板报_三年级周记400字</a></li>\n                    <li><i></i><a target=\"_blank\" title=\"画手抄报__记叙文200字\" href=\"/sucai/3118275.html\">画手抄报__记叙文200字</a></li>\n                    <li><i></i><a target=\"_blank\" title=\"四年级手抄报边框\" href=\"/sucai/3108466.html\">四年级手抄报边框</a></li>\n                    <li><i></i><a target=\"_blank\" title=\"我的黑板报_小学生作文200字\" href=\"/sucai/3107830.html\">我的黑板报_小学生作文200字</a></li>\n                    <li><i></i><a target=\"_blank\" title=\"一次特殊的黑板报_小学记叙文700字\" href=\"/sucai/2571265.html\">一次特殊的黑板报_小学记叙文700字</a></li>\n                    <li><i></i><a target=\"_blank\" title=\"春天里_春天主题黑板报\" href=\"/sucai/2370757.html\">春天里_春天主题黑板报</a></li>\n                </ul>\n                <div class=\"hot-image\">\n                    <a target=\"_blank\" title=\"开心过端午_端午节手抄报\" href=\"/sucai/2341045.html\"><img src=\"http://img.meidekan.com/20190530/5cef807a8a2242042.jpg\" alt=\"开心过端午_端午节手抄报\"><span>开心过端午_端午节手抄报</span></a>\n                    <a target=\"_blank\" title=\"过元宵节_关于元宵节的手抄报\" href=\"/sucai/2329087.html\"><img src=\"http://img.meidekan.com/20190529/5cee9389f3ea99127.png\" alt=\"过元宵节_关于元宵节的手抄报\"><span>过元宵节_关于元宵节的手抄报</span></a>\n                </div>\n                <ul class=\"hot-list\">\n                    <li><i></i><a target=\"_blank\" title=\"天下国家_天下国家手抄报内容\" href=\"/sucai/2370756.html\">天下国家_天下国家手抄报内容</a></li>\n                    <li><i></i><a target=\"_blank\" title=\"天下国家图片_天下国家手抄报初一\" href=\"/sucai/2370755.html\">天下国家图片_天下国家手抄报初一</a></li>\n                    <li><i></i><a target=\"_blank\" title=\"天下国家_天下国家手抄报初一\" href=\"/sucai/2370611.html\">天下国家_天下国家手抄报初一</a></li>\n                    <li><i></i><a target=\"_blank\" title=\"我和我的祖国_我和我的祖国手抄报内容\" href=\"/sucai/2370607.html\">我和我的祖国_我和我的祖国手抄报内容</a></li>\n                    <li><i></i><a target=\"_blank\" title=\"交通安全记心中_小学生的黑板报图片\" href=\"/sucai/2370606.html\">交通安全记心中_小学生的黑板报图片</a></li>\n                    <li><i></i><a target=\"_blank\" title=\"诗海拾贝_经典古诗手抄报内容\" href=\"/sucai/2370407.html\">诗海拾贝_经典古诗手抄报内容</a></li>\n                    <li><i></i><a target=\"_blank\" title=\"向雷锋同志学习_以雷峰为主题的手抄报\" href=\"/sucai/2370406.html\">向雷锋同志学习_以雷峰为主题的手抄报</a></li>\n                    <li><i></i><a target=\"_blank\" title=\"寻找雷锋的足迹_雷峰精神伴我行手抄报\" href=\"/sucai/2370405.html\">寻找雷锋的足迹_雷峰精神伴我行手抄报</a></li>\n                </ul>\n            </div>\n            <div class=\"hot_top\">\n                <div class=\"new_title\"><i></i><span>频道热点</span></div>\n                <ul>\n                    <li><a target=\"_blank\" title=\"恭贺新春_小学生春节黑板报图片\" href=\"/sucai/2369923.html\">恭贺新春_小学生春节黑板报图片</a><span>2019-05-31</span></li>\n                    <li><a target=\"_blank\" title=\"贺岁新春_春节的手抄报内容\" href=\"/sucai/2369922.html\">贺岁新春_春节的手抄报内容</a><span>2019-05-31</span></li>\n                    <li><a target=\"_blank\" title=\"新春快乐_新年手抄报简单又好看\" href=\"/sucai/2369921.html\">新春快乐_新年手抄报简单又好看</a><span>2019-05-31</span></li>\n                    <li><a target=\"_blank\" title=\"喜迎新年_关于新年的手抄报内容\" href=\"/sucai/2369920.html\">喜迎新年_关于新年的手抄报内容</a><span>2019-05-31</span></li>\n                    <li><a target=\"_blank\" title=\"心系祖国_我为祖国点赞手抄报内容\" href=\"/sucai/2369837.html\">心系祖国_我为祖国点赞手抄报内容</a><span>2019-05-31</span></li>\n                    <li><a target=\"_blank\" title=\"阳光成长，快乐生活_小学生关于成长的手抄报图片\" href=\"/sucai/2369835.html\">阳光成长，快乐生活_小学生关于成长的手抄报图</a><span>2019-05-31</span></li>\n                </ul>\n            </div>\n            <div class=\"hot_top\">\n                <div class=\"new_title\"><i></i><span>经典推荐</span></div>\n                <ul>\n                    <li><a target=\"_blank\" title=\"静以修身，俭以养德_静雅生序和为正手抄报图片\" href=\"/sucai/2370404.html\">静以修身，俭以养德_静雅生序和为正手抄报图片</a><span>2019-05-31</span></li>\n                    <li><a target=\"_blank\" title=\"学雷锋_学习雷锋的黑板报图片\" href=\"/sucai/2370399.html\">学雷锋_学习雷锋的黑板报图片</a><span>2019-05-31</span></li>\n                    <li><a target=\"_blank\" title=\"我爱少先队_红领巾心向党黑板报\" href=\"/sucai/2370283.html\">我爱少先队_红领巾心向党黑板报</a><span>2019-05-31</span></li>\n                    <li><a target=\"_blank\" title=\"春天的脚步_春天的手抄报\" href=\"/sucai/2370282.html\">春天的脚步_春天的手抄报</a><span>2019-05-31</span></li>\n                    <li><a target=\"_blank\" title=\"青春飞扬，未来不迷茫_跑向未来手抄报\" href=\"/sucai/2370281.html\">青春飞扬，未来不迷茫_跑向未来手抄报</a><span>2019-05-31</span></li>\n                    <li><a target=\"_blank\" title=\"伴着新年钟声_春节手抄报内容简短\" href=\"/sucai/2370280.html\">伴着新年钟声_春节手抄报内容简短</a><span>2019-05-31</span></li>\n                </ul>\n            </div>\n        </div>\n        <div class=\"list_r\">\n            <div class=\"list_r_title\"><span>热门文章</span></div>\n            <div class=\"cont\">\n                <a target=\"_blank\" title=\"我爱读书_红领巾爱学习手抄报内容\" href=\"/sucai/2369799.html\">我爱读书_红领巾爱学习手抄报内容</a>\n                <p>　　下面美德网小编整理了一篇我爱读书_红领巾爱学习手抄报内容的文章，旨在帮助小学生手抄报的人...</p>\n            </div>\n            <ul>\n                <li><i>1</i><a target=\"_blank\" title=\"人类身边的气象_太阳地球和天气的手抄报\" href=\"/sucai/2369750.html\">人类身边的气象_太阳地球和天气的手抄报</a></li>\n                <li><i>2</i><a target=\"_blank\" title=\"新春_春节知识手抄报内容\" href=\"/sucai/2369748.html\">新春_春节知识手抄报内容</a></li>\n                <li><i>3</i><a target=\"_blank\" title=\"祖国发展我成长_庆祝70周年华诞手抄报图片\" href=\"/sucai/2369746.html\">祖国发展我成长_庆祝70周年华诞手抄报图片</a></li>\n                <li><i>4</i><a target=\"_blank\" title=\"学习雷锋好榜样_学规范学榜样手抄报图片\" href=\"/sucai/2369548.html\">学习雷锋好榜样_学规范学榜样手抄报图片</a></li>\n                <li><i>5</i><a target=\"_blank\" title=\"文明考风诚信考试_关于期末考试的黑板报图片\" href=\"/sucai/2369546.html\">文明考风诚信考试_关于期末考试的黑板报图片</a></li>\n                <li><i>6</i><a target=\"_blank\" title=\"新年倒计时_关于元旦手抄报内容\" href=\"/sucai/2369457.html\">新年倒计时_关于元旦手抄报内容</a></li>\n                <li><i>7</i><a target=\"_blank\" title=\"庆元旦_关于元旦手抄报一等奖\" href=\"/sucai/2369456.html\">庆元旦_关于元旦手抄报一等奖</a></li>\n                <li><i>8</i><a target=\"_blank\" title=\"欢庆元旦_三年级元旦手抄报图片\" href=\"/sucai/2369455.html\">欢庆元旦_三年级元旦手抄报图片</a></li>\n                <li><i>9</i><a target=\"_blank\" title=\"宪法——国家根本大法_关于宪法的手抄报图片\" href=\"/sucai/2369376.html\">宪法——国家根本大法_关于宪法的手抄报图片</a></li>\n                <li><i>10</i><a target=\"_blank\" title=\"面向未来_回首过去展望未来黑板报图片\" href=\"/sucai/2369374.html\">面向未来_回首过去展望未来黑板报图片</a></li>\n            </ul>\n        </div>\n    </div>\n    <div class=\"flink\">\n        <ul class=\"frendLink\">\n            <li><b>友情链接</b>:</li>\n            <li><a target=\"_blank\" title=\"美德网\" href=\"/\">美德网</a></li>\n        </ul>\n    </div>\n</div>\n<div class=\"footer\">\n    <div class=\"foot_box\">\n        <p> Copyright&#169;2006-2019 <a target=\"_blank\" title=\"美德网\" href=\"/\">美德网</a> meidekan.com 版权所有 <a target=\"_blank\" href=\"http://www.beian.miit.gov.cn/\" rel=\"nofollow\">湘ICP备17012929号-3</a></p>\n        <p>声明 :本网站尊重并保护知识产权，根据《信息网络传播权保护条例》，如果我们转载的作品侵犯了您的权利,请在一个月内通知我们，我们会及时删除。</p>\n    </div>\n</div>\n<script src=\"http://static.meidekan.com/js/jquery.min.js?version=20190514\"></script>\n<script type=\"text/javascript\" src=\"//cpro.baidustatic.com/cpro/ui/c.js\" async=\"async\" defer=\"defer\" ></script>\n</body>\n</html>', '186', '超级管理员', '0', '2020-10-26 19:42:24', null, 'SN20201026194224KLEUD63817', 'SND20201026194224KLEUD63817', '[]', '1');
INSERT INTO `t_interface_case_execute_log` VALUES ('3617', '82', '获取用户详情', 'http://localhost:7777/user/info/{userId}', '{\"Token\":\"b78915c2-c746-40c9-a2b9-4462ed58010c\"}', '{\"userId\":\"1\"}', '', null, '200', '{\"Vary\":[\"Origin\",\"Access-Control-Request-Method\",\"Access-Control-Request-Headers\"],\"Content-Type\":[\"application/json\"],\"Transfer-Encoding\":[\"chunked\"],\"Date\":[\"Mon, 26 Oct 2020 11:42:24 GMT\"],\"Keep-Alive\":[\"timeout=60\"],\"Connection\":[\"keep-alive\"]}', '{\"code\":200,\"msg\":\"操作成功\",\"data\":{\"userId\":1,\"username\":\"123\",\"password\":\"123\",\"jobNumber\":\"1\",\"sex\":1,\"isEnable\":1,\"createdTime\":null,\"updateTime\":null,\"realName\":\"超级管理员\",\"roleId\":0}}', '16', '超级管理员', '1', '2020-10-26 19:42:24', null, 'SN20201026194224KLEUD63817', 'SND20201026194224KLEUD63817', '[3611]', '1');
INSERT INTO `t_interface_case_execute_log` VALUES ('3618', '75', '用户登录', 'http://localhost:7777//user/login', '', '{\"username\":\"123\",\"password\":\"123\"}', '', null, '200', '{\"Vary\":[\"Origin\",\"Access-Control-Request-Method\",\"Access-Control-Request-Headers\"],\"Content-Type\":[\"application/json\"],\"Transfer-Encoding\":[\"chunked\"],\"Date\":[\"Mon, 26 Oct 2020 11:42:24 GMT\"],\"Keep-Alive\":[\"timeout=60\"],\"Connection\":[\"keep-alive\"]}', '{\"code\":200,\"msg\":\"登录成功\",\"data\":{\"realName\":\"超级管理员\",\"userId\":1,\"token\":\"981d80e6-27f1-4a4c-8bea-c55ad18f2da6\",\"username\":\"123\",\"isEnable\":1}}', '6', '系统调度', '0', '2020-10-26 19:42:24', null, null, 'SND20201026194224KLEUD63817', '[3612]', '1');
INSERT INTO `t_interface_case_execute_log` VALUES ('3619', '83', '获取模块列表', 'http://localhost:7777//module/list', '{\"Token\":\"a7aa817d-ef19-4ddb-9e9b-3ec4083003ab\"}', '', null, null, '200', '{\"Vary\":[\"Origin\",\"Access-Control-Request-Method\",\"Access-Control-Request-Headers\"],\"Content-Type\":[\"application/json\"],\"Transfer-Encoding\":[\"chunked\"],\"Date\":[\"Mon, 26 Oct 2020 11:42:24 GMT\"],\"Keep-Alive\":[\"timeout=60\"],\"Connection\":[\"keep-alive\"]}', '{\"code\":200,\"msg\":\"操作成功\",\"data\":{\"pageNum\":1,\"pageSize\":10,\"size\":3,\"startRow\":1,\"endRow\":3,\"total\":3,\"pages\":1,\"list\":[{\"projectId\":4,\"projectName\":\"自动化平台接口\",\"moduleId\":6,\"moduleName\":\"用户管理\",\"desc\":null,\"createdTime\":\"2020-09-26 21:13:27\",\"updateTime\":\"2020-09-26 21:13:27\"},{\"projectId\":4,\"projectName\":\"自动化平台接口\",\"moduleId\":7,\"moduleName\":\"项目管理\",\"desc\":null,\"createdTime\":\"2020-09-26 21:23:36\",\"updateTime\":\"2020-09-26 21:23:36\"},{\"projectId\":19,\"projectName\":\"美德网\",\"moduleId\":8,\"moduleName\":\"首页\",\"desc\":null,\"createdTime\":\"2020-10-22 19:08:11\",\"updateTime\":\"2020-10-22 19:08:11\"}],\"prePage\":0,\"nextPage\":0,\"isFirstPage\":true,\"isLastPage\":true,\"hasPreviousPage\":false,\"hasNextPage\":false,\"navigatePages\":8,\"navigatepageNums\":[1],\"navigateFirstPage\":1,\"navigateLastPage\":1,\"firstPage\":1,\"lastPage\":1}}', '16', '超级管理员', '1', '2020-10-26 19:42:24', null, 'SN20201026194224KLEUD63817', 'SND20201026194224KLEUD63817', '[3614]', '1');
INSERT INTO `t_interface_case_execute_log` VALUES ('3620', '70', '添加用户', 'http://localhost:7777/user/save', '{\"Token\":\"ab611ef7-7091-4d7e-ad3e-ed28809e483e\"}', '', '{\"username\":\"1603712544363\",\"password\":\"123\",\"sex\":0}', null, '200', '{\"Vary\":[\"Origin\",\"Access-Control-Request-Method\",\"Access-Control-Request-Headers\"],\"Content-Type\":[\"application/json\"],\"Transfer-Encoding\":[\"chunked\"],\"Date\":[\"Mon, 26 Oct 2020 11:42:24 GMT\"],\"Keep-Alive\":[\"timeout=60\"],\"Connection\":[\"keep-alive\"]}', '{\"code\":501,\"msg\":\"真实姓名不能为空\",\"data\":{}}', '45', '超级管理员', '1', '2020-10-26 19:42:24', null, 'SN20201026194224KLEUD63817', 'SND20201026194224KLEUD63817', '[3613]', '1');
INSERT INTO `t_interface_case_execute_log` VALUES ('3621', '75', '用户登录', 'http://localhost:7777//user/login', '', '{\"username\":\"123\",\"password\":\"123\"}', '', null, '200', '{\"Vary\":[\"Origin\",\"Access-Control-Request-Method\",\"Access-Control-Request-Headers\"],\"Content-Type\":[\"application/json\"],\"Transfer-Encoding\":[\"chunked\"],\"Date\":[\"Mon, 26 Oct 2020 11:42:24 GMT\"],\"Keep-Alive\":[\"timeout=60\"],\"Connection\":[\"keep-alive\"]}', '{\"code\":200,\"msg\":\"登录成功\",\"data\":{\"realName\":\"超级管理员\",\"userId\":1,\"token\":\"6719bbd5-41d1-4700-a1ea-ca6def8dcebe\",\"username\":\"123\",\"isEnable\":1}}', '10', '系统调度', '0', '2020-10-26 19:42:24', null, null, 'SND20201026194224KLEUD63817', '[]', '1');
INSERT INTO `t_interface_case_execute_log` VALUES ('3622', '75', '用户登录', 'http://localhost:7777//user/login', '', '{\"username\":\"123\",\"password\":\"123\"}', '', null, '200', '{\"Vary\":[\"Origin\",\"Access-Control-Request-Method\",\"Access-Control-Request-Headers\"],\"Content-Type\":[\"application/json\"],\"Transfer-Encoding\":[\"chunked\"],\"Date\":[\"Mon, 26 Oct 2020 11:42:24 GMT\"],\"Keep-Alive\":[\"timeout=60\"],\"Connection\":[\"keep-alive\"]}', '{\"code\":200,\"msg\":\"登录成功\",\"data\":{\"realName\":\"超级管理员\",\"userId\":1,\"token\":\"fd6e38e1-b87a-4ec2-845b-65a705e01265\",\"username\":\"123\",\"isEnable\":1}}', '9', '系统调度', '0', '2020-10-26 19:42:24', null, null, 'SND20201026194224KLEUD63817', '[]', '1');
INSERT INTO `t_interface_case_execute_log` VALUES ('3623', '69', '查看所有的用户列表', 'http://localhost:7777/user/list', '{\"Token\":\"981d80e6-27f1-4a4c-8bea-c55ad18f2da6\"}', '', null, null, '200', '{\"Vary\":[\"Origin\",\"Access-Control-Request-Method\",\"Access-Control-Request-Headers\"],\"Content-Type\":[\"application/json\"],\"Transfer-Encoding\":[\"chunked\"],\"Date\":[\"Mon, 26 Oct 2020 11:42:24 GMT\"],\"Keep-Alive\":[\"timeout=60\"],\"Connection\":[\"keep-alive\"]}', '{\"code\":200,\"msg\":\"操作成功\",\"data\":{\"pageNum\":1,\"pageSize\":10,\"size\":10,\"startRow\":1,\"endRow\":10,\"total\":145,\"pages\":15,\"list\":[{\"userId\":1,\"username\":\"123\",\"password\":null,\"jobNumber\":\"1\",\"sex\":1,\"isEnable\":1,\"createdTime\":\"2020-10-06 22:43:09\",\"updateTime\":null,\"realName\":\"超级管理员\",\"roleId\":null},{\"userId\":85,\"username\":\"1602325168471\",\"password\":null,\"jobNumber\":\"\",\"sex\":0,\"isEnable\":0,\"createdTime\":\"2020-10-10 18:19:29\",\"updateTime\":null,\"realName\":\"\",\"roleId\":null},{\"userId\":87,\"username\":\"1602325191328\",\"password\":null,\"jobNumber\":null,\"sex\":0,\"isEnable\":1,\"createdTime\":\"2020-10-10 18:19:51\",\"updateTime\":null,\"realName\":null,\"roleId\":null},{\"userId\":88,\"username\":\"1602325191516\",\"password\":null,\"jobNumber\":null,\"sex\":0,\"isEnable\":1,\"createdTime\":\"2020-10-10 18:19:52\",\"updateTime\":null,\"realName\":null,\"roleId\":null},{\"userId\":89,\"username\":\"1602325191701\",\"password\":null,\"jobNumber\":null,\"sex\":0,\"isEnable\":1,\"createdTime\":\"2020-10-10 18:19:52\",\"updateTime\":null,\"realName\":null,\"roleId\":null},{\"userId\":90,\"username\":\"1602325191893\",\"password\":null,\"jobNumber\":null,\"sex\":0,\"isEnable\":1,\"createdTime\":\"2020-10-10 18:19:52\",\"updateTime\":null,\"realName\":null,\"roleId\":null},{\"userId\":91,\"username\":\"1602325192243\",\"password\":null,\"jobNumber\":null,\"sex\":0,\"isEnable\":1,\"createdTime\":\"2020-10-10 18:19:52\",\"updateTime\":null,\"realName\":null,\"roleId\":null},{\"userId\":92,\"username\":\"1602325192428\",\"password\":null,\"jobNumber\":null,\"sex\":0,\"isEnable\":1,\"createdTime\":\"2020-10-10 18:19:52\",\"updateTime\":null,\"realName\":null,\"roleId\":null},{\"userId\":93,\"username\":\"1602325192600\",\"password\":null,\"jobNumber\":null,\"sex\":0,\"isEnable\":1,\"createdTime\":\"2020-10-10 18:19:53\",\"updateTime\":null,\"realName\":null,\"roleId\":null},{\"userId\":94,\"username\":\"1602497208464\",\"password\":null,\"jobNumber\":null,\"sex\":0,\"isEnable\":1,\"createdTime\":\"2020-10-12 18:06:49\",\"updateTime\":null,\"realName\":null,\"roleId\":null}],\"prePage\":0,\"nextPage\":2,\"isFirstPage\":true,\"isLastPage\":false,\"hasPreviousPage\":false,\"hasNextPage\":true,\"navigatePages\":8,\"navigatepageNums\":[1,2,3,4,5,6,7,8],\"navigateFirstPage\":1,\"navigateLastPage\":8,\"firstPage\":1,\"lastPage\":8}}', '33', '系统调度', '0', '2020-10-26 19:42:24', null, null, 'SND20201026194224KLEUD63817', '[3612, 3618]', '1');
INSERT INTO `t_interface_case_execute_log` VALUES ('3624', '75', '用户登录', 'http://localhost:7777//user/login', '', '{\"username\":\"123\",\"password\":\"123\"}', '', null, '200', '{\"Vary\":[\"Origin\",\"Access-Control-Request-Method\",\"Access-Control-Request-Headers\"],\"Content-Type\":[\"application/json\"],\"Transfer-Encoding\":[\"chunked\"],\"Date\":[\"Mon, 26 Oct 2020 11:42:24 GMT\"],\"Keep-Alive\":[\"timeout=60\"],\"Connection\":[\"keep-alive\"]}', '{\"code\":200,\"msg\":\"登录成功\",\"data\":{\"realName\":\"超级管理员\",\"userId\":1,\"token\":\"180602d6-bcd0-4101-b2b8-bd2b9b09538b\",\"username\":\"123\",\"isEnable\":1}}', '17', '系统调度', '0', '2020-10-26 19:42:24', null, null, 'SND20201026194224KLEUD63817', '[]', '1');
INSERT INTO `t_interface_case_execute_log` VALUES ('3625', '71', '查看项目列表', 'http://localhost:7777/project/list', '{\"Token\":\"6a666151-67cd-412b-bad1-7f6537d96c44\"}', '{\"name\":\"application/json\"}', null, null, '200', '{\"Vary\":[\"Origin\",\"Access-Control-Request-Method\",\"Access-Control-Request-Headers\"],\"Content-Type\":[\"application/json\"],\"Transfer-Encoding\":[\"chunked\"],\"Date\":[\"Mon, 26 Oct 2020 11:42:24 GMT\"],\"Keep-Alive\":[\"timeout=60\"],\"Connection\":[\"keep-alive\"]}', '{\"code\":200,\"msg\":\"操作成功\",\"data\":{\"pageNum\":0,\"pageSize\":10,\"size\":0,\"startRow\":0,\"endRow\":0,\"total\":0,\"pages\":0,\"list\":[],\"prePage\":0,\"nextPage\":0,\"isFirstPage\":false,\"isLastPage\":true,\"hasPreviousPage\":false,\"hasNextPage\":false,\"navigatePages\":8,\"navigatepageNums\":[],\"navigateFirstPage\":0,\"navigateLastPage\":0,\"firstPage\":0,\"lastPage\":0}}', '8', '超级管理员', '1', '2020-10-26 19:42:25', null, 'SN20201026194224KLEUD63817', 'SND20201026194224KLEUD63817', '[3612, 3618, 3623]', '1');
INSERT INTO `t_interface_case_execute_log` VALUES ('3626', '83', '获取模块列表', 'http://localhost:7777//module/list', '{\"Token\":\"fd6e38e1-b87a-4ec2-845b-65a705e01265\"}', '', null, null, '200', '{\"Vary\":[\"Origin\",\"Access-Control-Request-Method\",\"Access-Control-Request-Headers\"],\"Content-Type\":[\"application/json\"],\"Transfer-Encoding\":[\"chunked\"],\"Date\":[\"Mon, 26 Oct 2020 11:42:24 GMT\"],\"Keep-Alive\":[\"timeout=60\"],\"Connection\":[\"keep-alive\"]}', '{\"code\":200,\"msg\":\"操作成功\",\"data\":{\"pageNum\":1,\"pageSize\":10,\"size\":3,\"startRow\":1,\"endRow\":3,\"total\":3,\"pages\":1,\"list\":[{\"projectId\":4,\"projectName\":\"自动化平台接口\",\"moduleId\":6,\"moduleName\":\"用户管理\",\"desc\":null,\"createdTime\":\"2020-09-26 21:13:27\",\"updateTime\":\"2020-09-26 21:13:27\"},{\"projectId\":4,\"projectName\":\"自动化平台接口\",\"moduleId\":7,\"moduleName\":\"项目管理\",\"desc\":null,\"createdTime\":\"2020-09-26 21:23:36\",\"updateTime\":\"2020-09-26 21:23:36\"},{\"projectId\":19,\"projectName\":\"美德网\",\"moduleId\":8,\"moduleName\":\"首页\",\"desc\":null,\"createdTime\":\"2020-10-22 19:08:11\",\"updateTime\":\"2020-10-22 19:08:11\"}],\"prePage\":0,\"nextPage\":0,\"isFirstPage\":true,\"isLastPage\":true,\"hasPreviousPage\":false,\"hasNextPage\":false,\"navigatePages\":8,\"navigatepageNums\":[1],\"navigateFirstPage\":1,\"navigateLastPage\":1,\"firstPage\":1,\"lastPage\":1}}', '9', '超级管理员', '1', '2020-10-26 19:42:25', null, 'SN20201026194224KLEUD63817', 'SND20201026194224KLEUD63817', '[3622]', '0');
INSERT INTO `t_interface_case_execute_log` VALUES ('3627', '82', '获取用户详情', 'http://localhost:7777/user/info/{userId}', '{\"Token\":\"6719bbd5-41d1-4700-a1ea-ca6def8dcebe\"}', '{\"userId\":\"1\"}', '', null, '200', '{\"Vary\":[\"Origin\",\"Access-Control-Request-Method\",\"Access-Control-Request-Headers\"],\"Content-Type\":[\"application/json\"],\"Transfer-Encoding\":[\"chunked\"],\"Date\":[\"Mon, 26 Oct 2020 11:42:24 GMT\"],\"Keep-Alive\":[\"timeout=60\"],\"Connection\":[\"keep-alive\"]}', '{\"code\":200,\"msg\":\"操作成功\",\"data\":{\"userId\":1,\"username\":\"123\",\"password\":\"123\",\"jobNumber\":\"1\",\"sex\":1,\"isEnable\":1,\"createdTime\":null,\"updateTime\":null,\"realName\":\"超级管理员\",\"roleId\":0}}', '8', '超级管理员', '1', '2020-10-26 19:42:25', null, 'SN20201026194224KLEUD63817', 'SND20201026194224KLEUD63817', '[3621]', '0');
INSERT INTO `t_interface_case_execute_log` VALUES ('3628', '70', '添加用户', 'http://localhost:7777/user/save', '{\"Token\":\"180602d6-bcd0-4101-b2b8-bd2b9b09538b\"}', '', '{\"username\":\"1603712544542\",\"password\":\"123\",\"sex\":0}', null, '200', '{\"Vary\":[\"Origin\",\"Access-Control-Request-Method\",\"Access-Control-Request-Headers\"],\"Content-Type\":[\"application/json\"],\"Transfer-Encoding\":[\"chunked\"],\"Date\":[\"Mon, 26 Oct 2020 11:42:24 GMT\"],\"Keep-Alive\":[\"timeout=60\"],\"Connection\":[\"keep-alive\"]}', '{\"code\":501,\"msg\":\"真实姓名不能为空\",\"data\":{}}', '11', '超级管理员', '1', '2020-10-26 19:42:25', null, 'SN20201026194224KLEUD63817', 'SND20201026194224KLEUD63817', '[3624]', '0');
INSERT INTO `t_interface_case_execute_log` VALUES ('3629', '75', '用户登录', 'http://localhost:7777//user/login', '', '{\"username\":\"123\",\"password\":\"123\"}', '', null, '200', '{\"Vary\":[\"Origin\",\"Access-Control-Request-Method\",\"Access-Control-Request-Headers\"],\"Content-Type\":[\"application/json\"],\"Transfer-Encoding\":[\"chunked\"],\"Date\":[\"Mon, 26 Oct 2020 11:42:24 GMT\"],\"Keep-Alive\":[\"timeout=60\"],\"Connection\":[\"keep-alive\"]}', '{\"code\":200,\"msg\":\"登录成功\",\"data\":{\"realName\":\"超级管理员\",\"userId\":1,\"token\":\"2a9e7f9b-fc9a-47be-a1f4-7778aec37b1e\",\"username\":\"123\",\"isEnable\":1}}', '6', '系统调度', '0', '2020-10-26 19:42:25', null, null, 'SND20201026194224KLEUD63817', '[]', '1');
INSERT INTO `t_interface_case_execute_log` VALUES ('3630', '75', '用户登录', 'http://localhost:7777//user/login', '', '{\"username\":\"123\",\"password\":\"123\"}', '', null, '200', '{\"Vary\":[\"Origin\",\"Access-Control-Request-Method\",\"Access-Control-Request-Headers\"],\"Content-Type\":[\"application/json\"],\"Transfer-Encoding\":[\"chunked\"],\"Date\":[\"Mon, 26 Oct 2020 11:42:24 GMT\"],\"Keep-Alive\":[\"timeout=60\"],\"Connection\":[\"keep-alive\"]}', '{\"code\":200,\"msg\":\"登录成功\",\"data\":{\"realName\":\"超级管理员\",\"userId\":1,\"token\":\"78f42369-cd53-48cd-bc7c-1044df430e39\",\"username\":\"123\",\"isEnable\":1}}', '5', '系统调度', '0', '2020-10-26 19:42:25', null, null, 'SND20201026194224KLEUD63817', '[3629]', '1');
INSERT INTO `t_interface_case_execute_log` VALUES ('3631', '69', '查看所有的用户列表', 'http://localhost:7777/user/list', '{\"Token\":\"78f42369-cd53-48cd-bc7c-1044df430e39\"}', '', null, null, '200', '{\"Vary\":[\"Origin\",\"Access-Control-Request-Method\",\"Access-Control-Request-Headers\"],\"Content-Type\":[\"application/json\"],\"Transfer-Encoding\":[\"chunked\"],\"Date\":[\"Mon, 26 Oct 2020 11:42:24 GMT\"],\"Keep-Alive\":[\"timeout=60\"],\"Connection\":[\"keep-alive\"]}', '{\"code\":200,\"msg\":\"操作成功\",\"data\":{\"pageNum\":1,\"pageSize\":10,\"size\":10,\"startRow\":1,\"endRow\":10,\"total\":145,\"pages\":15,\"list\":[{\"userId\":1,\"username\":\"123\",\"password\":null,\"jobNumber\":\"1\",\"sex\":1,\"isEnable\":1,\"createdTime\":\"2020-10-06 22:43:09\",\"updateTime\":null,\"realName\":\"超级管理员\",\"roleId\":null},{\"userId\":85,\"username\":\"1602325168471\",\"password\":null,\"jobNumber\":\"\",\"sex\":0,\"isEnable\":0,\"createdTime\":\"2020-10-10 18:19:29\",\"updateTime\":null,\"realName\":\"\",\"roleId\":null},{\"userId\":87,\"username\":\"1602325191328\",\"password\":null,\"jobNumber\":null,\"sex\":0,\"isEnable\":1,\"createdTime\":\"2020-10-10 18:19:51\",\"updateTime\":null,\"realName\":null,\"roleId\":null},{\"userId\":88,\"username\":\"1602325191516\",\"password\":null,\"jobNumber\":null,\"sex\":0,\"isEnable\":1,\"createdTime\":\"2020-10-10 18:19:52\",\"updateTime\":null,\"realName\":null,\"roleId\":null},{\"userId\":89,\"username\":\"1602325191701\",\"password\":null,\"jobNumber\":null,\"sex\":0,\"isEnable\":1,\"createdTime\":\"2020-10-10 18:19:52\",\"updateTime\":null,\"realName\":null,\"roleId\":null},{\"userId\":90,\"username\":\"1602325191893\",\"password\":null,\"jobNumber\":null,\"sex\":0,\"isEnable\":1,\"createdTime\":\"2020-10-10 18:19:52\",\"updateTime\":null,\"realName\":null,\"roleId\":null},{\"userId\":91,\"username\":\"1602325192243\",\"password\":null,\"jobNumber\":null,\"sex\":0,\"isEnable\":1,\"createdTime\":\"2020-10-10 18:19:52\",\"updateTime\":null,\"realName\":null,\"roleId\":null},{\"userId\":92,\"username\":\"1602325192428\",\"password\":null,\"jobNumber\":null,\"sex\":0,\"isEnable\":1,\"createdTime\":\"2020-10-10 18:19:52\",\"updateTime\":null,\"realName\":null,\"roleId\":null},{\"userId\":93,\"username\":\"1602325192600\",\"password\":null,\"jobNumber\":null,\"sex\":0,\"isEnable\":1,\"createdTime\":\"2020-10-10 18:19:53\",\"updateTime\":null,\"realName\":null,\"roleId\":null},{\"userId\":94,\"username\":\"1602497208464\",\"password\":null,\"jobNumber\":null,\"sex\":0,\"isEnable\":1,\"createdTime\":\"2020-10-12 18:06:49\",\"updateTime\":null,\"realName\":null,\"roleId\":null}],\"prePage\":0,\"nextPage\":2,\"isFirstPage\":true,\"isLastPage\":false,\"hasPreviousPage\":false,\"hasNextPage\":true,\"navigatePages\":8,\"navigatepageNums\":[1,2,3,4,5,6,7,8],\"navigateFirstPage\":1,\"navigateLastPage\":8,\"firstPage\":1,\"lastPage\":8}}', '7', '系统调度', '0', '2020-10-26 19:42:25', null, null, 'SND20201026194224KLEUD63817', '[3629, 3630]', '1');
INSERT INTO `t_interface_case_execute_log` VALUES ('3632', '71', '查看项目列表', 'http://localhost:7777/project/list', '{\"Token\":\"2a9e7f9b-fc9a-47be-a1f4-7778aec37b1e\"}', '{\"name\":\"application/json\"}', null, null, '200', '{\"Vary\":[\"Origin\",\"Access-Control-Request-Method\",\"Access-Control-Request-Headers\"],\"Content-Type\":[\"application/json\"],\"Transfer-Encoding\":[\"chunked\"],\"Date\":[\"Mon, 26 Oct 2020 11:42:24 GMT\"],\"Keep-Alive\":[\"timeout=60\"],\"Connection\":[\"keep-alive\"]}', '{\"code\":200,\"msg\":\"操作成功\",\"data\":{\"pageNum\":0,\"pageSize\":10,\"size\":0,\"startRow\":0,\"endRow\":0,\"total\":0,\"pages\":0,\"list\":[],\"prePage\":0,\"nextPage\":0,\"isFirstPage\":false,\"isLastPage\":true,\"hasPreviousPage\":false,\"hasNextPage\":false,\"navigatePages\":8,\"navigatepageNums\":[],\"navigateFirstPage\":0,\"navigateLastPage\":0,\"firstPage\":0,\"lastPage\":0}}', '7', '超级管理员', '1', '2020-10-26 19:42:25', null, 'SN20201026194224KLEUD63817', 'SND20201026194224KLEUD63817', '[3629, 3630, 3631]', '0');
INSERT INTO `t_interface_case_execute_log` VALUES ('3633', '75', '用户登录', 'http://localhost:7777//user/login', '', '{\"username\":\"123\",\"password\":\"123\"}', '', null, '200', '{\"Vary\":[\"Origin\",\"Access-Control-Request-Method\",\"Access-Control-Request-Headers\"],\"Content-Type\":[\"application/json\"],\"Transfer-Encoding\":[\"chunked\"],\"Date\":[\"Mon, 26 Oct 2020 11:48:25 GMT\"],\"Keep-Alive\":[\"timeout=60\"],\"Connection\":[\"keep-alive\"]}', '{\"code\":200,\"msg\":\"登录成功\",\"data\":{\"realName\":\"超级管理员\",\"userId\":1,\"token\":\"58700cd8-139e-4a65-9f29-31b727a11f0b\",\"username\":\"123\",\"isEnable\":1}}', '7', '系统调度', '0', '2020-10-26 19:48:25', null, null, 'SND20201026194825FYLRP50475', '[]', '1');
INSERT INTO `t_interface_case_execute_log` VALUES ('3634', '75', '用户登录', 'http://localhost:7777//user/login', '', '{\"username\":\"123\",\"password\":\"123\"}', '', null, '200', '{\"Vary\":[\"Origin\",\"Access-Control-Request-Method\",\"Access-Control-Request-Headers\"],\"Content-Type\":[\"application/json\"],\"Transfer-Encoding\":[\"chunked\"],\"Date\":[\"Mon, 26 Oct 2020 11:48:25 GMT\"],\"Keep-Alive\":[\"timeout=60\"],\"Connection\":[\"keep-alive\"]}', '{\"code\":200,\"msg\":\"登录成功\",\"data\":{\"realName\":\"超级管理员\",\"userId\":1,\"token\":\"6310d040-c142-4e13-bc2f-66c1ae50e037\",\"username\":\"123\",\"isEnable\":1}}', '5', '系统调度', '0', '2020-10-26 19:48:26', null, null, 'SND20201026194825FYLRP50475', '[3633]', '1');
INSERT INTO `t_interface_case_execute_log` VALUES ('3635', '69', '查看所有的用户列表', 'http://localhost:7777/user/list', '{\"Token\":\"6310d040-c142-4e13-bc2f-66c1ae50e037\"}', '', null, null, '200', '{\"Vary\":[\"Origin\",\"Access-Control-Request-Method\",\"Access-Control-Request-Headers\"],\"Content-Type\":[\"application/json\"],\"Transfer-Encoding\":[\"chunked\"],\"Date\":[\"Mon, 26 Oct 2020 11:48:25 GMT\"],\"Keep-Alive\":[\"timeout=60\"],\"Connection\":[\"keep-alive\"]}', '{\"code\":200,\"msg\":\"操作成功\",\"data\":{\"pageNum\":1,\"pageSize\":10,\"size\":10,\"startRow\":1,\"endRow\":10,\"total\":145,\"pages\":15,\"list\":[{\"userId\":1,\"username\":\"123\",\"password\":null,\"jobNumber\":\"1\",\"sex\":1,\"isEnable\":1,\"createdTime\":\"2020-10-06 22:43:09\",\"updateTime\":null,\"realName\":\"超级管理员\",\"roleId\":null},{\"userId\":85,\"username\":\"1602325168471\",\"password\":null,\"jobNumber\":\"\",\"sex\":0,\"isEnable\":0,\"createdTime\":\"2020-10-10 18:19:29\",\"updateTime\":null,\"realName\":\"\",\"roleId\":null},{\"userId\":87,\"username\":\"1602325191328\",\"password\":null,\"jobNumber\":null,\"sex\":0,\"isEnable\":1,\"createdTime\":\"2020-10-10 18:19:51\",\"updateTime\":null,\"realName\":null,\"roleId\":null},{\"userId\":88,\"username\":\"1602325191516\",\"password\":null,\"jobNumber\":null,\"sex\":0,\"isEnable\":1,\"createdTime\":\"2020-10-10 18:19:52\",\"updateTime\":null,\"realName\":null,\"roleId\":null},{\"userId\":89,\"username\":\"1602325191701\",\"password\":null,\"jobNumber\":null,\"sex\":0,\"isEnable\":1,\"createdTime\":\"2020-10-10 18:19:52\",\"updateTime\":null,\"realName\":null,\"roleId\":null},{\"userId\":90,\"username\":\"1602325191893\",\"password\":null,\"jobNumber\":null,\"sex\":0,\"isEnable\":1,\"createdTime\":\"2020-10-10 18:19:52\",\"updateTime\":null,\"realName\":null,\"roleId\":null},{\"userId\":91,\"username\":\"1602325192243\",\"password\":null,\"jobNumber\":null,\"sex\":0,\"isEnable\":1,\"createdTime\":\"2020-10-10 18:19:52\",\"updateTime\":null,\"realName\":null,\"roleId\":null},{\"userId\":92,\"username\":\"1602325192428\",\"password\":null,\"jobNumber\":null,\"sex\":0,\"isEnable\":1,\"createdTime\":\"2020-10-10 18:19:52\",\"updateTime\":null,\"realName\":null,\"roleId\":null},{\"userId\":93,\"username\":\"1602325192600\",\"password\":null,\"jobNumber\":null,\"sex\":0,\"isEnable\":1,\"createdTime\":\"2020-10-10 18:19:53\",\"updateTime\":null,\"realName\":null,\"roleId\":null},{\"userId\":94,\"username\":\"1602497208464\",\"password\":null,\"jobNumber\":null,\"sex\":0,\"isEnable\":1,\"createdTime\":\"2020-10-12 18:06:49\",\"updateTime\":null,\"realName\":null,\"roleId\":null}],\"prePage\":0,\"nextPage\":2,\"isFirstPage\":true,\"isLastPage\":false,\"hasPreviousPage\":false,\"hasNextPage\":true,\"navigatePages\":8,\"navigatepageNums\":[1,2,3,4,5,6,7,8],\"navigateFirstPage\":1,\"navigateLastPage\":8,\"firstPage\":1,\"lastPage\":8}}', '8', '系统调度', '0', '2020-10-26 19:48:26', null, null, 'SND20201026194825FYLRP50475', '[3633, 3634]', '1');
INSERT INTO `t_interface_case_execute_log` VALUES ('3636', '71', '查看项目列表', 'http://localhost:7777/project/list', '{\"Token\":\"58700cd8-139e-4a65-9f29-31b727a11f0b\"}', '{\"name\":\"application/json\"}', null, null, '200', '{\"Vary\":[\"Origin\",\"Access-Control-Request-Method\",\"Access-Control-Request-Headers\"],\"Content-Type\":[\"application/json\"],\"Transfer-Encoding\":[\"chunked\"],\"Date\":[\"Mon, 26 Oct 2020 11:48:25 GMT\"],\"Keep-Alive\":[\"timeout=60\"],\"Connection\":[\"keep-alive\"]}', '{\"code\":200,\"msg\":\"操作成功\",\"data\":{\"pageNum\":0,\"pageSize\":10,\"size\":0,\"startRow\":0,\"endRow\":0,\"total\":0,\"pages\":0,\"list\":[],\"prePage\":0,\"nextPage\":0,\"isFirstPage\":false,\"isLastPage\":true,\"hasPreviousPage\":false,\"hasNextPage\":false,\"navigatePages\":8,\"navigatepageNums\":[],\"navigateFirstPage\":0,\"navigateLastPage\":0,\"firstPage\":0,\"lastPage\":0}}', '8', '超级管理员', '1', '2020-10-26 19:48:26', null, 'SN20201026194825FYLRP50475', 'SND20201026194825FYLRP50475', '[3633, 3634, 3635]', '1');
INSERT INTO `t_interface_case_execute_log` VALUES ('3637', '75', '用户登录', 'http://localhost:7777//user/login', '', '{\"username\":\"123\",\"password\":\"123\"}', '', null, '200', '{\"Vary\":[\"Origin\",\"Access-Control-Request-Method\",\"Access-Control-Request-Headers\"],\"Content-Type\":[\"application/json\"],\"Transfer-Encoding\":[\"chunked\"],\"Date\":[\"Mon, 26 Oct 2020 11:48:25 GMT\"],\"Keep-Alive\":[\"timeout=60\"],\"Connection\":[\"keep-alive\"]}', '{\"code\":200,\"msg\":\"登录成功\",\"data\":{\"realName\":\"超级管理员\",\"userId\":1,\"token\":\"a722f6bc-6522-4a9a-9cf3-a56ab501be99\",\"username\":\"123\",\"isEnable\":1}}', '7', '系统调度', '0', '2020-10-26 19:48:26', null, null, 'SND20201026194825FYLRP50475', '[]', '1');
INSERT INTO `t_interface_case_execute_log` VALUES ('3638', '75', '用户登录', 'http://localhost:7777//user/login', '', '{\"username\":\"123\",\"password\":\"123\"}', '', null, '200', '{\"Vary\":[\"Origin\",\"Access-Control-Request-Method\",\"Access-Control-Request-Headers\"],\"Content-Type\":[\"application/json\"],\"Transfer-Encoding\":[\"chunked\"],\"Date\":[\"Mon, 26 Oct 2020 11:48:25 GMT\"],\"Keep-Alive\":[\"timeout=60\"],\"Connection\":[\"keep-alive\"]}', '{\"code\":200,\"msg\":\"登录成功\",\"data\":{\"realName\":\"超级管理员\",\"userId\":1,\"token\":\"1e94cdae-a82d-4772-a629-9b2714273392\",\"username\":\"123\",\"isEnable\":1}}', '5', '系统调度', '0', '2020-10-26 19:48:26', null, null, 'SND20201026194825FYLRP50475', '[3637]', '1');
INSERT INTO `t_interface_case_execute_log` VALUES ('3639', '69', '查看所有的用户列表', 'http://localhost:7777/user/list', '{\"Token\":\"1e94cdae-a82d-4772-a629-9b2714273392\"}', '', null, null, '200', '{\"Vary\":[\"Origin\",\"Access-Control-Request-Method\",\"Access-Control-Request-Headers\"],\"Content-Type\":[\"application/json\"],\"Transfer-Encoding\":[\"chunked\"],\"Date\":[\"Mon, 26 Oct 2020 11:48:25 GMT\"],\"Keep-Alive\":[\"timeout=60\"],\"Connection\":[\"keep-alive\"]}', '{\"code\":200,\"msg\":\"操作成功\",\"data\":{\"pageNum\":1,\"pageSize\":10,\"size\":10,\"startRow\":1,\"endRow\":10,\"total\":145,\"pages\":15,\"list\":[{\"userId\":1,\"username\":\"123\",\"password\":null,\"jobNumber\":\"1\",\"sex\":1,\"isEnable\":1,\"createdTime\":\"2020-10-06 22:43:09\",\"updateTime\":null,\"realName\":\"超级管理员\",\"roleId\":null},{\"userId\":85,\"username\":\"1602325168471\",\"password\":null,\"jobNumber\":\"\",\"sex\":0,\"isEnable\":0,\"createdTime\":\"2020-10-10 18:19:29\",\"updateTime\":null,\"realName\":\"\",\"roleId\":null},{\"userId\":87,\"username\":\"1602325191328\",\"password\":null,\"jobNumber\":null,\"sex\":0,\"isEnable\":1,\"createdTime\":\"2020-10-10 18:19:51\",\"updateTime\":null,\"realName\":null,\"roleId\":null},{\"userId\":88,\"username\":\"1602325191516\",\"password\":null,\"jobNumber\":null,\"sex\":0,\"isEnable\":1,\"createdTime\":\"2020-10-10 18:19:52\",\"updateTime\":null,\"realName\":null,\"roleId\":null},{\"userId\":89,\"username\":\"1602325191701\",\"password\":null,\"jobNumber\":null,\"sex\":0,\"isEnable\":1,\"createdTime\":\"2020-10-10 18:19:52\",\"updateTime\":null,\"realName\":null,\"roleId\":null},{\"userId\":90,\"username\":\"1602325191893\",\"password\":null,\"jobNumber\":null,\"sex\":0,\"isEnable\":1,\"createdTime\":\"2020-10-10 18:19:52\",\"updateTime\":null,\"realName\":null,\"roleId\":null},{\"userId\":91,\"username\":\"1602325192243\",\"password\":null,\"jobNumber\":null,\"sex\":0,\"isEnable\":1,\"createdTime\":\"2020-10-10 18:19:52\",\"updateTime\":null,\"realName\":null,\"roleId\":null},{\"userId\":92,\"username\":\"1602325192428\",\"password\":null,\"jobNumber\":null,\"sex\":0,\"isEnable\":1,\"createdTime\":\"2020-10-10 18:19:52\",\"updateTime\":null,\"realName\":null,\"roleId\":null},{\"userId\":93,\"username\":\"1602325192600\",\"password\":null,\"jobNumber\":null,\"sex\":0,\"isEnable\":1,\"createdTime\":\"2020-10-10 18:19:53\",\"updateTime\":null,\"realName\":null,\"roleId\":null},{\"userId\":94,\"username\":\"1602497208464\",\"password\":null,\"jobNumber\":null,\"sex\":0,\"isEnable\":1,\"createdTime\":\"2020-10-12 18:06:49\",\"updateTime\":null,\"realName\":null,\"roleId\":null}],\"prePage\":0,\"nextPage\":2,\"isFirstPage\":true,\"isLastPage\":false,\"hasPreviousPage\":false,\"hasNextPage\":true,\"navigatePages\":8,\"navigatepageNums\":[1,2,3,4,5,6,7,8],\"navigateFirstPage\":1,\"navigateLastPage\":8,\"firstPage\":1,\"lastPage\":8}}', '9', '系统调度', '0', '2020-10-26 19:48:26', null, null, 'SND20201026194825FYLRP50475', '[3637, 3638]', '1');
INSERT INTO `t_interface_case_execute_log` VALUES ('3640', '71', '查看项目列表', 'http://localhost:7777/project/list', '{\"Token\":\"a722f6bc-6522-4a9a-9cf3-a56ab501be99\"}', '{\"name\":\"application/json\"}', null, null, '200', '{\"Vary\":[\"Origin\",\"Access-Control-Request-Method\",\"Access-Control-Request-Headers\"],\"Content-Type\":[\"application/json\"],\"Transfer-Encoding\":[\"chunked\"],\"Date\":[\"Mon, 26 Oct 2020 11:48:25 GMT\"],\"Keep-Alive\":[\"timeout=60\"],\"Connection\":[\"keep-alive\"]}', '{\"code\":200,\"msg\":\"操作成功\",\"data\":{\"pageNum\":0,\"pageSize\":10,\"size\":0,\"startRow\":0,\"endRow\":0,\"total\":0,\"pages\":0,\"list\":[],\"prePage\":0,\"nextPage\":0,\"isFirstPage\":false,\"isLastPage\":true,\"hasPreviousPage\":false,\"hasNextPage\":false,\"navigatePages\":8,\"navigatepageNums\":[],\"navigateFirstPage\":0,\"navigateLastPage\":0,\"firstPage\":0,\"lastPage\":0}}', '4', '超级管理员', '1', '2020-10-26 19:48:26', null, 'SN20201026194825FYLRP50475', 'SND20201026194825FYLRP50475', '[3637, 3638, 3639]', '0');
INSERT INTO `t_interface_case_execute_log` VALUES ('3641', '75', '用户登录', 'http://localhost:7777//user/login', '', '{\"username\":\"123\",\"password\":\"123\"}', '', null, '200', '{\"Vary\":[\"Origin\",\"Access-Control-Request-Method\",\"Access-Control-Request-Headers\"],\"Content-Type\":[\"application/json\"],\"Transfer-Encoding\":[\"chunked\"],\"Date\":[\"Mon, 26 Oct 2020 11:48:40 GMT\"],\"Keep-Alive\":[\"timeout=60\"],\"Connection\":[\"keep-alive\"]}', '{\"code\":200,\"msg\":\"登录成功\",\"data\":{\"realName\":\"超级管理员\",\"userId\":1,\"token\":\"10276d7d-6e86-43b6-abcd-6ec7d6e7bf80\",\"username\":\"123\",\"isEnable\":1}}', '8', '系统调度', '0', '2020-10-26 19:48:41', null, null, 'SND20201026194840INWJO25122', '[]', '1');
INSERT INTO `t_interface_case_execute_log` VALUES ('3642', '75', '用户登录', 'http://localhost:7777//user/login', '', '{\"username\":\"123\",\"password\":\"123\"}', '', null, '200', '{\"Vary\":[\"Origin\",\"Access-Control-Request-Method\",\"Access-Control-Request-Headers\"],\"Content-Type\":[\"application/json\"],\"Transfer-Encoding\":[\"chunked\"],\"Date\":[\"Mon, 26 Oct 2020 11:48:40 GMT\"],\"Keep-Alive\":[\"timeout=60\"],\"Connection\":[\"keep-alive\"]}', '{\"code\":200,\"msg\":\"登录成功\",\"data\":{\"realName\":\"超级管理员\",\"userId\":1,\"token\":\"b53c2b66-6e06-4777-a944-19b41a9e37ba\",\"username\":\"123\",\"isEnable\":1}}', '6', '系统调度', '0', '2020-10-26 19:48:41', null, null, 'SND20201026194840INWJO25122', '[3641]', '1');
INSERT INTO `t_interface_case_execute_log` VALUES ('3643', '69', '查看所有的用户列表', 'http://localhost:7777/user/list', '{\"Token\":\"b53c2b66-6e06-4777-a944-19b41a9e37ba\"}', '', null, null, '200', '{\"Vary\":[\"Origin\",\"Access-Control-Request-Method\",\"Access-Control-Request-Headers\"],\"Content-Type\":[\"application/json\"],\"Transfer-Encoding\":[\"chunked\"],\"Date\":[\"Mon, 26 Oct 2020 11:48:40 GMT\"],\"Keep-Alive\":[\"timeout=60\"],\"Connection\":[\"keep-alive\"]}', '{\"code\":200,\"msg\":\"操作成功\",\"data\":{\"pageNum\":1,\"pageSize\":10,\"size\":10,\"startRow\":1,\"endRow\":10,\"total\":145,\"pages\":15,\"list\":[{\"userId\":1,\"username\":\"123\",\"password\":null,\"jobNumber\":\"1\",\"sex\":1,\"isEnable\":1,\"createdTime\":\"2020-10-06 22:43:09\",\"updateTime\":null,\"realName\":\"超级管理员\",\"roleId\":null},{\"userId\":85,\"username\":\"1602325168471\",\"password\":null,\"jobNumber\":\"\",\"sex\":0,\"isEnable\":0,\"createdTime\":\"2020-10-10 18:19:29\",\"updateTime\":null,\"realName\":\"\",\"roleId\":null},{\"userId\":87,\"username\":\"1602325191328\",\"password\":null,\"jobNumber\":null,\"sex\":0,\"isEnable\":1,\"createdTime\":\"2020-10-10 18:19:51\",\"updateTime\":null,\"realName\":null,\"roleId\":null},{\"userId\":88,\"username\":\"1602325191516\",\"password\":null,\"jobNumber\":null,\"sex\":0,\"isEnable\":1,\"createdTime\":\"2020-10-10 18:19:52\",\"updateTime\":null,\"realName\":null,\"roleId\":null},{\"userId\":89,\"username\":\"1602325191701\",\"password\":null,\"jobNumber\":null,\"sex\":0,\"isEnable\":1,\"createdTime\":\"2020-10-10 18:19:52\",\"updateTime\":null,\"realName\":null,\"roleId\":null},{\"userId\":90,\"username\":\"1602325191893\",\"password\":null,\"jobNumber\":null,\"sex\":0,\"isEnable\":1,\"createdTime\":\"2020-10-10 18:19:52\",\"updateTime\":null,\"realName\":null,\"roleId\":null},{\"userId\":91,\"username\":\"1602325192243\",\"password\":null,\"jobNumber\":null,\"sex\":0,\"isEnable\":1,\"createdTime\":\"2020-10-10 18:19:52\",\"updateTime\":null,\"realName\":null,\"roleId\":null},{\"userId\":92,\"username\":\"1602325192428\",\"password\":null,\"jobNumber\":null,\"sex\":0,\"isEnable\":1,\"createdTime\":\"2020-10-10 18:19:52\",\"updateTime\":null,\"realName\":null,\"roleId\":null},{\"userId\":93,\"username\":\"1602325192600\",\"password\":null,\"jobNumber\":null,\"sex\":0,\"isEnable\":1,\"createdTime\":\"2020-10-10 18:19:53\",\"updateTime\":null,\"realName\":null,\"roleId\":null},{\"userId\":94,\"username\":\"1602497208464\",\"password\":null,\"jobNumber\":null,\"sex\":0,\"isEnable\":1,\"createdTime\":\"2020-10-12 18:06:49\",\"updateTime\":null,\"realName\":null,\"roleId\":null}],\"prePage\":0,\"nextPage\":2,\"isFirstPage\":true,\"isLastPage\":false,\"hasPreviousPage\":false,\"hasNextPage\":true,\"navigatePages\":8,\"navigatepageNums\":[1,2,3,4,5,6,7,8],\"navigateFirstPage\":1,\"navigateLastPage\":8,\"firstPage\":1,\"lastPage\":8}}', '9', '系统调度', '0', '2020-10-26 19:48:41', null, null, 'SND20201026194840INWJO25122', '[3641, 3642]', '1');
INSERT INTO `t_interface_case_execute_log` VALUES ('3644', '71', '查看项目列表', 'http://localhost:7777/project/list', '{\"Token\":\"10276d7d-6e86-43b6-abcd-6ec7d6e7bf80\"}', '{\"name\":\"application/json\"}', null, null, '200', '{\"Vary\":[\"Origin\",\"Access-Control-Request-Method\",\"Access-Control-Request-Headers\"],\"Content-Type\":[\"application/json\"],\"Transfer-Encoding\":[\"chunked\"],\"Date\":[\"Mon, 26 Oct 2020 11:48:40 GMT\"],\"Keep-Alive\":[\"timeout=60\"],\"Connection\":[\"keep-alive\"]}', '{\"code\":200,\"msg\":\"操作成功\",\"data\":{\"pageNum\":0,\"pageSize\":10,\"size\":0,\"startRow\":0,\"endRow\":0,\"total\":0,\"pages\":0,\"list\":[],\"prePage\":0,\"nextPage\":0,\"isFirstPage\":false,\"isLastPage\":true,\"hasPreviousPage\":false,\"hasNextPage\":false,\"navigatePages\":8,\"navigatepageNums\":[],\"navigateFirstPage\":0,\"navigateLastPage\":0,\"firstPage\":0,\"lastPage\":0}}', '5', '超级管理员', '1', '2020-10-26 19:48:41', null, 'SN20201026194840INWJO25122', 'SND20201026194840INWJO25122', '[3641, 3642, 3643]', '1');
INSERT INTO `t_interface_case_execute_log` VALUES ('3645', '75', '用户登录', 'http://localhost:7777//user/login', '', '{\"username\":\"123\",\"password\":\"123\"}', '', null, '200', '{\"Vary\":[\"Origin\",\"Access-Control-Request-Method\",\"Access-Control-Request-Headers\"],\"Content-Type\":[\"application/json\"],\"Transfer-Encoding\":[\"chunked\"],\"Date\":[\"Mon, 26 Oct 2020 11:48:40 GMT\"],\"Keep-Alive\":[\"timeout=60\"],\"Connection\":[\"keep-alive\"]}', '{\"code\":200,\"msg\":\"登录成功\",\"data\":{\"realName\":\"超级管理员\",\"userId\":1,\"token\":\"92b983e6-971a-4bef-9fe9-10aa7245521e\",\"username\":\"123\",\"isEnable\":1}}', '7', '系统调度', '0', '2020-10-26 19:48:41', null, null, 'SND20201026194840INWJO25122', '[]', '1');
INSERT INTO `t_interface_case_execute_log` VALUES ('3646', '75', '用户登录', 'http://localhost:7777//user/login', '', '{\"username\":\"123\",\"password\":\"123\"}', '', null, '200', '{\"Vary\":[\"Origin\",\"Access-Control-Request-Method\",\"Access-Control-Request-Headers\"],\"Content-Type\":[\"application/json\"],\"Transfer-Encoding\":[\"chunked\"],\"Date\":[\"Mon, 26 Oct 2020 11:48:40 GMT\"],\"Keep-Alive\":[\"timeout=60\"],\"Connection\":[\"keep-alive\"]}', '{\"code\":200,\"msg\":\"登录成功\",\"data\":{\"realName\":\"超级管理员\",\"userId\":1,\"token\":\"bb5ea1f0-b7a0-441d-890a-a7d5d797a32d\",\"username\":\"123\",\"isEnable\":1}}', '5', '系统调度', '0', '2020-10-26 19:48:41', null, null, 'SND20201026194840INWJO25122', '[3645]', '1');
INSERT INTO `t_interface_case_execute_log` VALUES ('3647', '69', '查看所有的用户列表', 'http://localhost:7777/user/list', '{\"Token\":\"bb5ea1f0-b7a0-441d-890a-a7d5d797a32d\"}', '', null, null, '200', '{\"Vary\":[\"Origin\",\"Access-Control-Request-Method\",\"Access-Control-Request-Headers\"],\"Content-Type\":[\"application/json\"],\"Transfer-Encoding\":[\"chunked\"],\"Date\":[\"Mon, 26 Oct 2020 11:48:40 GMT\"],\"Keep-Alive\":[\"timeout=60\"],\"Connection\":[\"keep-alive\"]}', '{\"code\":200,\"msg\":\"操作成功\",\"data\":{\"pageNum\":1,\"pageSize\":10,\"size\":10,\"startRow\":1,\"endRow\":10,\"total\":145,\"pages\":15,\"list\":[{\"userId\":1,\"username\":\"123\",\"password\":null,\"jobNumber\":\"1\",\"sex\":1,\"isEnable\":1,\"createdTime\":\"2020-10-06 22:43:09\",\"updateTime\":null,\"realName\":\"超级管理员\",\"roleId\":null},{\"userId\":85,\"username\":\"1602325168471\",\"password\":null,\"jobNumber\":\"\",\"sex\":0,\"isEnable\":0,\"createdTime\":\"2020-10-10 18:19:29\",\"updateTime\":null,\"realName\":\"\",\"roleId\":null},{\"userId\":87,\"username\":\"1602325191328\",\"password\":null,\"jobNumber\":null,\"sex\":0,\"isEnable\":1,\"createdTime\":\"2020-10-10 18:19:51\",\"updateTime\":null,\"realName\":null,\"roleId\":null},{\"userId\":88,\"username\":\"1602325191516\",\"password\":null,\"jobNumber\":null,\"sex\":0,\"isEnable\":1,\"createdTime\":\"2020-10-10 18:19:52\",\"updateTime\":null,\"realName\":null,\"roleId\":null},{\"userId\":89,\"username\":\"1602325191701\",\"password\":null,\"jobNumber\":null,\"sex\":0,\"isEnable\":1,\"createdTime\":\"2020-10-10 18:19:52\",\"updateTime\":null,\"realName\":null,\"roleId\":null},{\"userId\":90,\"username\":\"1602325191893\",\"password\":null,\"jobNumber\":null,\"sex\":0,\"isEnable\":1,\"createdTime\":\"2020-10-10 18:19:52\",\"updateTime\":null,\"realName\":null,\"roleId\":null},{\"userId\":91,\"username\":\"1602325192243\",\"password\":null,\"jobNumber\":null,\"sex\":0,\"isEnable\":1,\"createdTime\":\"2020-10-10 18:19:52\",\"updateTime\":null,\"realName\":null,\"roleId\":null},{\"userId\":92,\"username\":\"1602325192428\",\"password\":null,\"jobNumber\":null,\"sex\":0,\"isEnable\":1,\"createdTime\":\"2020-10-10 18:19:52\",\"updateTime\":null,\"realName\":null,\"roleId\":null},{\"userId\":93,\"username\":\"1602325192600\",\"password\":null,\"jobNumber\":null,\"sex\":0,\"isEnable\":1,\"createdTime\":\"2020-10-10 18:19:53\",\"updateTime\":null,\"realName\":null,\"roleId\":null},{\"userId\":94,\"username\":\"1602497208464\",\"password\":null,\"jobNumber\":null,\"sex\":0,\"isEnable\":1,\"createdTime\":\"2020-10-12 18:06:49\",\"updateTime\":null,\"realName\":null,\"roleId\":null}],\"prePage\":0,\"nextPage\":2,\"isFirstPage\":true,\"isLastPage\":false,\"hasPreviousPage\":false,\"hasNextPage\":true,\"navigatePages\":8,\"navigatepageNums\":[1,2,3,4,5,6,7,8],\"navigateFirstPage\":1,\"navigateLastPage\":8,\"firstPage\":1,\"lastPage\":8}}', '6', '系统调度', '0', '2020-10-26 19:48:41', null, null, 'SND20201026194840INWJO25122', '[3645, 3646]', '1');
INSERT INTO `t_interface_case_execute_log` VALUES ('3648', '71', '查看项目列表', 'http://localhost:7777/project/list', '{\"Token\":\"92b983e6-971a-4bef-9fe9-10aa7245521e\"}', '{\"name\":\"application/json\"}', null, null, '200', '{\"Vary\":[\"Origin\",\"Access-Control-Request-Method\",\"Access-Control-Request-Headers\"],\"Content-Type\":[\"application/json\"],\"Transfer-Encoding\":[\"chunked\"],\"Date\":[\"Mon, 26 Oct 2020 11:48:40 GMT\"],\"Keep-Alive\":[\"timeout=60\"],\"Connection\":[\"keep-alive\"]}', '{\"code\":200,\"msg\":\"操作成功\",\"data\":{\"pageNum\":0,\"pageSize\":10,\"size\":0,\"startRow\":0,\"endRow\":0,\"total\":0,\"pages\":0,\"list\":[],\"prePage\":0,\"nextPage\":0,\"isFirstPage\":false,\"isLastPage\":true,\"hasPreviousPage\":false,\"hasNextPage\":false,\"navigatePages\":8,\"navigatepageNums\":[],\"navigateFirstPage\":0,\"navigateLastPage\":0,\"firstPage\":0,\"lastPage\":0}}', '5', '超级管理员', '1', '2020-10-26 19:48:41', null, 'SN20201026194840INWJO25122', 'SND20201026194840INWJO25122', '[3645, 3646, 3647]', '0');

-- ----------------------------
-- Table structure for t_interface_case_rely_data
-- ----------------------------
DROP TABLE IF EXISTS `t_interface_case_rely_data`;
CREATE TABLE `t_interface_case_rely_data` (
  `rely_id` int NOT NULL AUTO_INCREMENT COMMENT ' 自增主键',
  `rely_case_id` int DEFAULT NULL COMMENT '依赖用例编号',
  `rely_name` varchar(100) CHARACTER SET utf8 COLLATE utf8_general_ci DEFAULT NULL COMMENT '依赖名称,通过${name}引用',
  `rely_desc` varchar(100) CHARACTER SET utf8 COLLATE utf8_general_ci DEFAULT NULL COMMENT '依赖描述',
  `content_type` tinyint DEFAULT NULL COMMENT '提取数据类型   0json/1html/2header/',
  `extract_expression` varchar(50) DEFAULT NULL COMMENT '提取表达式',
  `created_time` datetime DEFAULT NULL,
  `update_time` datetime DEFAULT NULL,
  PRIMARY KEY (`rely_id`),
  UNIQUE KEY `rely_name` (`rely_name`)
) ENGINE=InnoDB AUTO_INCREMENT=12 DEFAULT CHARSET=utf8;

-- ----------------------------
-- Records of t_interface_case_rely_data
-- ----------------------------
INSERT INTO `t_interface_case_rely_data` VALUES ('6', '71', 'projectSize', '获取总项目数', '0', '$..data.total', '2020-09-26 21:33:28', '2020-09-26 21:33:28');
INSERT INTO `t_interface_case_rely_data` VALUES ('8', '69', 'contentType', '获取响应数据的Content-Type', '2', 'Content-Type', '2020-09-27 19:02:22', '2020-10-10 17:32:52');
INSERT INTO `t_interface_case_rely_data` VALUES ('9', '75', 'Token', '获取登录token', '0', '$..data.token', '2020-10-06 20:12:08', '2020-10-26 17:32:10');
INSERT INTO `t_interface_case_rely_data` VALUES ('11', '88', 'meideTitle', '', '1', '//title/text()', '2020-10-26 17:33:45', '2020-10-26 17:36:54');

-- ----------------------------
-- Table structure for t_interface_case_suite
-- ----------------------------
DROP TABLE IF EXISTS `t_interface_case_suite`;
CREATE TABLE `t_interface_case_suite` (
  `suite_id` int NOT NULL AUTO_INCREMENT COMMENT '接口测试套件id',
  `suite_name` varchar(20) DEFAULT NULL COMMENT '测试套件名称',
  `desc` varchar(100) DEFAULT NULL COMMENT '测试套件描述',
  `created_time` datetime DEFAULT NULL,
  `update_time` datetime DEFAULT NULL,
  `creator` varchar(20) DEFAULT NULL COMMENT '创建人',
  `execute_type` tinyint DEFAULT NULL COMMENT '执行方式 0并行1串行',
  `run_dev` tinyint DEFAULT NULL COMMENT '0dev1test2stg3prod4debug',
  `is_retry` tinyint DEFAULT NULL COMMENT '是否失败重新 0是1否',
  PRIMARY KEY (`suite_id`)
) ENGINE=InnoDB AUTO_INCREMENT=25 DEFAULT CHARSET=utf8;

-- ----------------------------
-- Records of t_interface_case_suite
-- ----------------------------
INSERT INTO `t_interface_case_suite` VALUES ('6', '平台测试套件', '平台测试套件', '2020-10-05 20:39:29', '2020-10-26 19:42:22', '', '0', '4', '0');
INSERT INTO `t_interface_case_suite` VALUES ('24', '测试', '', '2020-10-20 16:53:50', '2020-10-23 22:18:18', '超级管理员', '0', '4', '0');

-- ----------------------------
-- Table structure for t_interface_suite_case_ref
-- ----------------------------
DROP TABLE IF EXISTS `t_interface_suite_case_ref`;
CREATE TABLE `t_interface_suite_case_ref` (
  `id` int NOT NULL AUTO_INCREMENT COMMENT '自增主键',
  `case_id` int NOT NULL COMMENT '接口用例编号',
  `suite_id` int NOT NULL COMMENT '测试套件编号',
  `case_status` tinyint DEFAULT NULL COMMENT '用例状态0启用 1禁用',
  `order` int DEFAULT NULL COMMENT '排序',
  PRIMARY KEY (`id`)
) ENGINE=InnoDB AUTO_INCREMENT=159 DEFAULT CHARSET=utf8;

-- ----------------------------
-- Records of t_interface_suite_case_ref
-- ----------------------------
INSERT INTO `t_interface_suite_case_ref` VALUES ('105', '69', '6', '0', '1');
INSERT INTO `t_interface_suite_case_ref` VALUES ('106', '73', '6', '0', '2');
INSERT INTO `t_interface_suite_case_ref` VALUES ('107', '71', '6', '0', '3');
INSERT INTO `t_interface_suite_case_ref` VALUES ('108', '70', '6', '0', '1');
INSERT INTO `t_interface_suite_case_ref` VALUES ('143', '82', '6', '0', '1');
INSERT INTO `t_interface_suite_case_ref` VALUES ('144', '75', '6', '0', '1');
INSERT INTO `t_interface_suite_case_ref` VALUES ('145', '83', '6', '0', '1');
INSERT INTO `t_interface_suite_case_ref` VALUES ('157', '88', '6', '0', '1');
INSERT INTO `t_interface_suite_case_ref` VALUES ('158', '71', '24', '0', '1');

-- ----------------------------
-- Table structure for t_interface_suite_log
-- ----------------------------
DROP TABLE IF EXISTS `t_interface_suite_log`;
CREATE TABLE `t_interface_suite_log` (
  `id` int NOT NULL AUTO_INCREMENT,
  `suite_id` int DEFAULT NULL,
  `suite_log_no` varchar(50) DEFAULT NULL COMMENT '测试套件日志编号',
  `run_time` int DEFAULT NULL COMMENT '运行时长ms',
  `total_case` int DEFAULT NULL COMMENT '测试套件总用例',
  `total_run_case` int DEFAULT NULL COMMENT '运行总用例数',
  `total_skip` int DEFAULT NULL COMMENT '跳过数（未启用）',
  `total_success` int DEFAULT NULL COMMENT '运行成功数',
  `total_failed` int DEFAULT NULL COMMENT '运行失败数',
  `total_error` int DEFAULT NULL COMMENT '运行错误数',
  `total_retry` int DEFAULT NULL COMMENT '总重试用例数',
  `start_time` datetime DEFAULT NULL COMMENT '开始运行时间',
  `end_time` datetime DEFAULT NULL COMMENT '运行完成时间',
  `execute_type` tinyint DEFAULT NULL COMMENT '执行方式 0并行1串行',
  `run_dev` tinyint DEFAULT NULL COMMENT '0dev1test2stg3prod4debug',
  `executor` varchar(20) DEFAULT NULL COMMENT '执行人',
  `is_retry` tinyint DEFAULT NULL COMMENT '是否失败重新 0是1否',
  PRIMARY KEY (`id`),
  UNIQUE KEY `suite_log_no` (`suite_log_no`)
) ENGINE=InnoDB AUTO_INCREMENT=154 DEFAULT CHARSET=utf8;

-- ----------------------------
-- Records of t_interface_suite_log
-- ----------------------------
INSERT INTO `t_interface_suite_log` VALUES ('150', '6', 'SN20201026190058XTCTD45315', '1331', '8', '8', '0', '4', '4', '0', null, '2020-10-26 19:00:59', '2020-10-26 19:01:00', '0', '4', '超级管理员', '1');
INSERT INTO `t_interface_suite_log` VALUES ('151', '6', 'SN20201026194224KLEUD63817', '823', '8', '8', '0', '4', '4', '0', '4', '2020-10-26 19:42:24', '2020-10-26 19:42:25', '0', '4', '超级管理员', '0');
INSERT INTO `t_interface_suite_log` VALUES ('152', '24', 'SN20201026194825FYLRP50475', '552', '1', '1', '0', '0', '1', '0', '1', '2020-10-26 19:48:25', '2020-10-26 19:48:26', '0', '4', '超级管理员', '0');
INSERT INTO `t_interface_suite_log` VALUES ('153', '24', 'SN20201026194840INWJO25122', '483', '1', '1', '0', '0', '1', '0', '1', '2020-10-26 19:48:41', '2020-10-26 19:48:41', '0', '4', '超级管理员', '0');

-- ----------------------------
-- Table structure for t_module
-- ----------------------------
DROP TABLE IF EXISTS `t_module`;
CREATE TABLE `t_module` (
  `project_id` int NOT NULL COMMENT '项目id',
  `module_id` int NOT NULL AUTO_INCREMENT COMMENT '模块id',
  `name` varchar(10) CHARACTER SET utf8 COLLATE utf8_general_ci DEFAULT NULL COMMENT '模块名称',
  `desc` varchar(100) CHARACTER SET utf8 COLLATE utf8_general_ci DEFAULT NULL COMMENT '模块描述',
  `created_time` datetime DEFAULT NULL COMMENT '创建时间',
  `update_time` datetime DEFAULT NULL COMMENT '修改时间',
  PRIMARY KEY (`module_id`)
) ENGINE=InnoDB AUTO_INCREMENT=9 DEFAULT CHARSET=utf8;

-- ----------------------------
-- Records of t_module
-- ----------------------------
INSERT INTO `t_module` VALUES ('4', '6', '用户管理', null, '2020-09-26 21:13:27', '2020-09-26 21:13:27');
INSERT INTO `t_module` VALUES ('4', '7', '项目管理', null, '2020-09-26 21:23:36', '2020-09-26 21:23:36');
INSERT INTO `t_module` VALUES ('19', '8', '首页', null, '2020-10-22 19:08:11', '2020-10-22 19:08:11');

-- ----------------------------
-- Table structure for t_project
-- ----------------------------
DROP TABLE IF EXISTS `t_project`;
CREATE TABLE `t_project` (
  `project_id` int NOT NULL AUTO_INCREMENT,
  `name` varchar(10) CHARACTER SET utf8 COLLATE utf8_general_ci DEFAULT NULL COMMENT '项目名称',
  `desc` varchar(100) CHARACTER SET utf8 COLLATE utf8_general_ci DEFAULT NULL COMMENT '项目描述',
  `domain` varchar(30) CHARACTER SET utf8 COLLATE utf8_general_ci DEFAULT NULL COMMENT '项目地址',
  `created_time` datetime DEFAULT NULL COMMENT '创建时间',
  `update_time` datetime DEFAULT NULL COMMENT '修改时间',
  `dev_domain` varchar(30) DEFAULT NULL COMMENT '开发环境域名',
  `test_domain` varchar(30) DEFAULT NULL COMMENT '测试环境域名',
  `stg_domain` varchar(30) DEFAULT NULL COMMENT '预上线环境域名',
  `prod_domain` varchar(30) DEFAULT NULL COMMENT '正式环境域名',
  PRIMARY KEY (`project_id`),
  UNIQUE KEY `name` (`name`)
) ENGINE=InnoDB AUTO_INCREMENT=20 DEFAULT CHARSET=utf8;

-- ----------------------------
-- Records of t_project
-- ----------------------------
INSERT INTO `t_project` VALUES ('4', '自动化平台接口', '描述', 'http://localhost:7777/', '2020-07-29 16:26:54', '2020-07-29 16:26:58', 'http://localhost:7777/', 'http://localhost:7777/', 'http://localhost:7777/', 'http://localhost:7777/');
INSERT INTO `t_project` VALUES ('19', '美德网', 'http://www.meidekan.com/', 'http://www.meidekan.com/', null, null, 'http://www.meidekan.com/', 'http://www.meidekan.com/', 'http://www.meidekan.com/', 'http://www.meidekan.com/');

-- ----------------------------
-- Table structure for t_rely_data
-- ----------------------------
DROP TABLE IF EXISTS `t_rely_data`;
CREATE TABLE `t_rely_data` (
  `id` int NOT NULL AUTO_INCREMENT,
  `name` varchar(100) CHARACTER SET utf8 COLLATE utf8_general_ci DEFAULT NULL COMMENT '依赖名称',
  `value` varchar(100) DEFAULT NULL COMMENT '依赖值',
  `desc` varchar(100) DEFAULT NULL COMMENT '依赖描述',
  `type` tinyint DEFAULT NULL COMMENT '依赖类型 0固定值 1反射方法 2sql',
  `datasource_id` int DEFAULT NULL COMMENT '数据源id',
  `created_time` datetime DEFAULT NULL,
  `update_time` datetime DEFAULT NULL,
  PRIMARY KEY (`id`),
  UNIQUE KEY `name` (`name`)
) ENGINE=InnoDB AUTO_INCREMENT=41 DEFAULT CHARSET=utf8;

-- ----------------------------
-- Records of t_rely_data
-- ----------------------------
INSERT INTO `t_rely_data` VALUES ('1', 'md5', 'md5(String s)', 'md5加密，引用方式示例：${md5(\"123456\")}', '1', null, '2020-09-02 11:37:06', '2020-09-02 11:36:58');
INSERT INTO `t_rely_data` VALUES ('2', 'uuid', 'uuid()', '获取uuid，引用方式示例：${uuid()}', '1', null, '2020-09-02 11:37:06', '2020-10-02 09:29:54');
INSERT INTO `t_rely_data` VALUES ('3', 'base64', 'base64(String s)', 'base64加密，引用方式示例：${base64(\"123456\")}', '1', null, '2020-09-02 11:37:06', '2020-09-02 11:36:58');
INSERT INTO `t_rely_data` VALUES ('4', 'timestamp', 'timestamp()', '获取当前时间戳，引用方式示例：${timestamp()}', '1', null, '2020-09-02 11:37:06', '2020-10-02 09:30:56');
INSERT INTO `t_rely_data` VALUES ('5', 'now', 'now(String format)', '获取当前时间，引用方式示例：${now(\"yyyy-MM-dd HH:mm:ss\")}，重载方法参数可为空，默认yyyy-MM-dd HH:mm:ss', '1', null, '2020-09-02 11:37:06', '2020-10-21 16:18:07');
INSERT INTO `t_rely_data` VALUES ('10', 'yesterday', 'yesterday(String format)', '获取当前时间对应的昨天，引用方式示例：${yesterday(\"yyyy-MM-dd HH:mm:ss\")}，重载方法参数可为空，默认yyyy-MM-dd HH:mm:ss', '1', null, '2020-09-02 11:37:06', '2020-10-21 16:18:11');
INSERT INTO `t_rely_data` VALUES ('11', 'lastMonth', 'lastMonth(String format)', '获取当前时间对应的上个月，引用方式示例：${lastMonth(\"yyyy-MM-dd HH:mm:ss\")}，重载方法参数可为空，默认yyyy-MM-dd HH:mm:ss', '1', null, '2020-09-02 11:37:06', '2020-10-21 16:18:15');
INSERT INTO `t_rely_data` VALUES ('12', 'nextMonth', 'nextMonth(String format)', '获取当前时间对应的下个月，引用方式示例：${nextMonth(\"yyyy-MM-dd HH:mm:ss\")}，重载方法参数可为空，默认yyyy-MM-dd HH:mm:ss', '1', null, '2020-09-02 11:37:06', '2020-10-21 16:18:18');
INSERT INTO `t_rely_data` VALUES ('13', 'lastYear', 'lastYear(String format)', '获取当前时间对应的去年，引用方式示例：${lastYear(\"yyyy-MM-dd HH:mm:ss\")}，重载方法参数可为空，默认yyyy-MM-dd HH:mm:ss', '1', null, '2020-09-02 11:37:06', '2020-10-21 16:18:23');
INSERT INTO `t_rely_data` VALUES ('14', 'nextYear', 'nextYear(String format)', '获取当前时间对应的明年，引用方式示例：${nextYear(\"yyyy-MM-dd HH:mm:ss\")}，重载方法参数可为空，默认yyyy-MM-dd HH:mm:ss', '1', null, '2020-09-02 11:37:06', '2020-10-21 16:18:28');
INSERT INTO `t_rely_data` VALUES ('15', 'time', 'time(String operator, String amount, String format)', '获取相较于当前时间的指定时间，operator：y、M、d、h、m、s；分别对应：年、月、日、时、分、秒，amount：数额，format：格式，如yyyy-MM-dd HH:mm:ss', '1', null, '2020-09-02 11:37:06', '2020-09-02 11:36:58');
INSERT INTO `t_rely_data` VALUES ('16', 'randomInt', 'randomInt(String length)', '获取指定长度的随机整数，引用方式示例：${randomInt(\"10\")}', '1', null, '2020-09-02 11:37:06', '2020-10-02 09:34:17');
INSERT INTO `t_rely_data` VALUES ('17', 'randomUpper', 'randomUpper(String length)', '获取指定长度的随机大写英文，引用方式示例：${randomUpper(\"10\")}', '1', null, '2020-09-02 11:37:06', '2020-10-02 09:34:27');
INSERT INTO `t_rely_data` VALUES ('18', 'randomLower', 'randomLower(String length)', '获取指定长度的随机小写英文，引用方式示例：${randomLower(\"10\")}', '1', null, '2020-09-02 11:37:06', '2020-10-02 09:34:32');
INSERT INTO `t_rely_data` VALUES ('19', 'randomEn', 'randomEn(String length)', '获取指定长度的随机英文，引用方式示例：${randomEn(\"10\")}', '1', null, '2020-09-02 11:37:06', '2020-10-02 09:34:44');
INSERT INTO `t_rely_data` VALUES ('20', 'randomIllegal', 'randomIllegal(String length)', '获取指定长度的非法字符，引用方式示例：${randomIllegal(\"10\")}', '1', null, '2020-09-02 11:37:06', '2020-10-02 09:34:56');
INSERT INTO `t_rely_data` VALUES ('21', 'cs', '长沙', '长沙市，引用方式示例：${cs}', '0', null, '2020-09-02 11:37:06', '2020-10-02 09:35:17');
INSERT INTO `t_rely_data` VALUES ('22', 'selectUserNameById', 'select username from t_user where user_id=?', '获取用户名，引用方式示例：${selectUserNameById(\"1\")}', '2', '1', '2020-09-02 11:37:06', '2020-10-19 11:26:10');
INSERT INTO `t_rely_data` VALUES ('27', 'projectCount', 'select count(1) from `t_project`', '查询项目列表，引用方式示例：${projectCount}', '2', '1', '2020-09-26 21:27:10', '2020-10-02 09:36:02');
INSERT INTO `t_rely_data` VALUES ('28', 'selectProjectIdByName', 'select project_id from `t_project` where `name`=? and `desc`=?', '根据项目名称查询项目id，引用方式示例：${selectProjectIdByName(\"名称\", \"描述\")}', '2', '1', '2020-10-01 20:42:36', '2020-10-02 09:36:32');
INSERT INTO `t_rely_data` VALUES ('29', 'city', 'city()', '随机城市，引用方式示例：${city()}', '1', null, '2020-10-21 15:26:23', '2020-10-21 15:26:32');
INSERT INTO `t_rely_data` VALUES ('30', 'province', 'province()', '随机省份，引用方式示例：${province()}', '1', null, '2020-10-21 16:16:16', null);
INSERT INTO `t_rely_data` VALUES ('31', 'country', 'country()', '随机国家，引用方式示例：${country()}', '1', null, '2020-10-21 16:16:20', null);
INSERT INTO `t_rely_data` VALUES ('32', 'phone', 'phone()', '随机手机号码，引用方式示例：${phone()}', '1', null, '2020-10-21 16:16:26', null);
INSERT INTO `t_rely_data` VALUES ('33', 'email', 'email()', '随机邮箱，引用方式示例：${email()}', '1', null, '2020-10-21 16:16:28', null);
INSERT INTO `t_rely_data` VALUES ('34', 'mac', 'mac()', '随机mac地址，引用方式示例：${mac()}', '1', null, '2020-10-21 16:16:30', null);
INSERT INTO `t_rely_data` VALUES ('35', 'book', 'book()', '随机书名，引用方式示例：${book()}', '1', null, '2020-10-21 16:16:35', null);
INSERT INTO `t_rely_data` VALUES ('36', 'name', 'name()', '随机中文名称，引用方式示例：${name()}', '1', null, '2020-10-21 16:16:37', null);
INSERT INTO `t_rely_data` VALUES ('37', 'ipv4', 'ipv4()', '随机ipv4地址，引用方式示例：${ipv4()}', '1', null, '2020-10-21 16:16:40', null);
INSERT INTO `t_rely_data` VALUES ('38', 'privateIpv4', 'privateIpv4()', '随机私有ipv4地址，引用方式示例：${privateIpv4()}', '1', null, '2020-10-21 16:16:42', null);
INSERT INTO `t_rely_data` VALUES ('39', 'publicIpv4', 'publicIpv4()', '随机公有ipv4地址，引用方式示例：${publicIpv4()}', '1', null, '2020-10-21 16:16:44', null);
INSERT INTO `t_rely_data` VALUES ('40', 'ipv6', 'ipv6()', '随机ipv6地址，引用方式示例：${ipv6()}', '1', null, '2020-10-21 16:16:47', null);

-- ----------------------------
-- Table structure for t_setting
-- ----------------------------
DROP TABLE IF EXISTS `t_setting`;
CREATE TABLE `t_setting` (
  `setting_id` int NOT NULL AUTO_INCREMENT COMMENT '配置编号',
  `key` varchar(10) CHARACTER SET utf8 COLLATE utf8_general_ci DEFAULT NULL COMMENT '配置项名称',
  `value` varchar(50) DEFAULT NULL,
  `desc` varchar(50) DEFAULT NULL COMMENT '配置项描述',
  PRIMARY KEY (`setting_id`)
) ENGINE=InnoDB DEFAULT CHARSET=utf8;

-- ----------------------------
-- Records of t_setting
-- ----------------------------

-- ----------------------------
-- Table structure for t_task
-- ----------------------------
DROP TABLE IF EXISTS `t_task`;
CREATE TABLE `t_task` (
  `task_id` int NOT NULL AUTO_INCREMENT,
  `desc` varchar(200) DEFAULT NULL COMMENT '描述',
  `cron` varchar(30) DEFAULT NULL COMMENT '定时任务表达式',
  `next_time` datetime DEFAULT NULL COMMENT '下次执行时间',
  `created_time` datetime DEFAULT NULL COMMENT '创建时间',
  `update_time` datetime DEFAULT NULL COMMENT '创建时间',
  `suite_type` tinyint DEFAULT NULL COMMENT '0接口1UI',
  `suite_id` int DEFAULT NULL COMMENT '测试套件编号',
  `status` tinyint DEFAULT NULL COMMENT '状态0启用1禁用',
  PRIMARY KEY (`task_id`)
) ENGINE=InnoDB AUTO_INCREMENT=20 DEFAULT CHARSET=utf8;

-- ----------------------------
-- Records of t_task
-- ----------------------------
INSERT INTO `t_task` VALUES ('19', '每日凌晨执行', '0 0 1 * * *', '2020-10-05 16:40:40', null, '2020-10-05 20:44:07', '0', '6', '1');

-- ----------------------------
-- Table structure for t_task_email_ref
-- ----------------------------
DROP TABLE IF EXISTS `t_task_email_ref`;
CREATE TABLE `t_task_email_ref` (
  `id` int NOT NULL AUTO_INCREMENT COMMENT '定时任务id',
  `task_id` int DEFAULT NULL,
  `email_address` varchar(30) DEFAULT NULL COMMENT '邮箱地址',
  PRIMARY KEY (`id`)
) ENGINE=InnoDB AUTO_INCREMENT=59 DEFAULT CHARSET=utf8;

-- ----------------------------
-- Records of t_task_email_ref
-- ----------------------------
INSERT INTO `t_task_email_ref` VALUES ('58', '19', '1014759718@qq.com');

-- ----------------------------
-- Table structure for t_user
-- ----------------------------
DROP TABLE IF EXISTS `t_user`;
CREATE TABLE `t_user` (
  `user_id` int NOT NULL AUTO_INCREMENT COMMENT '用户ID',
  `username` varchar(20) CHARACTER SET utf8 COLLATE utf8_general_ci NOT NULL COMMENT '登录名',
  `password` varchar(20) CHARACTER SET utf8 COLLATE utf8_general_ci NOT NULL COMMENT '密码',
  `job_number` varchar(10) DEFAULT NULL COMMENT '工号',
  `sex` tinyint(1) DEFAULT NULL COMMENT '性别,0女 1男',
  `is_enable` tinyint(1) NOT NULL DEFAULT '1' COMMENT '是否启用 1启用 0禁用',
  `created_time` datetime DEFAULT NULL COMMENT '创建时间',
  `update_time` datetime DEFAULT NULL COMMENT '修改时间',
  `real_name` varchar(20) CHARACTER SET utf8 COLLATE utf8_general_ci DEFAULT NULL COMMENT '真实姓名',
  `role_id` int DEFAULT NULL COMMENT '角色类型 0超级管理员 1系统管理员 2普通用户 ',
  PRIMARY KEY (`user_id`)
) ENGINE=InnoDB AUTO_INCREMENT=232 DEFAULT CHARSET=utf8;

-- ----------------------------
-- Records of t_user
-- ----------------------------
INSERT INTO `t_user` VALUES ('1', '123', '123', '1', '1', '1', '2020-10-06 22:43:09', '2020-10-06 22:43:09', '超级管理员', '0');
INSERT INTO `t_user` VALUES ('85', '1602325168471', '123', '', '0', '0', '2020-10-10 18:19:29', '2020-10-14 09:17:51', '', '2');
INSERT INTO `t_user` VALUES ('87', '1602325191328', '123', null, '0', '1', '2020-10-10 18:19:51', '2020-10-10 18:19:51', null, '2');
INSERT INTO `t_user` VALUES ('88', '1602325191516', '123', null, '0', '1', '2020-10-10 18:19:52', '2020-10-10 18:19:52', null, '2');
INSERT INTO `t_user` VALUES ('89', '1602325191701', '123', null, '0', '1', '2020-10-10 18:19:52', '2020-10-10 18:19:52', null, '2');
INSERT INTO `t_user` VALUES ('90', '1602325191893', '123', null, '0', '1', '2020-10-10 18:19:52', '2020-10-10 18:19:52', null, '2');
INSERT INTO `t_user` VALUES ('91', '1602325192243', '123', null, '0', '1', '2020-10-10 18:19:52', '2020-10-10 18:19:52', null, '2');
INSERT INTO `t_user` VALUES ('92', '1602325192428', '123', null, '0', '1', '2020-10-10 18:19:52', '2020-10-10 18:19:52', null, '2');
INSERT INTO `t_user` VALUES ('93', '1602325192600', '123', null, '0', '1', '2020-10-10 18:19:53', '2020-10-10 18:19:53', null, '2');
INSERT INTO `t_user` VALUES ('94', '1602497208464', '123', null, '0', '1', '2020-10-12 18:06:49', '2020-10-12 18:06:49', null, '2');
INSERT INTO `t_user` VALUES ('95', '1602497246534', '123', null, '0', '1', '2020-10-12 18:07:27', '2020-10-12 18:07:27', null, '2');
INSERT INTO `t_user` VALUES ('96', '1602497277927', '123', null, '0', '1', '2020-10-12 18:07:58', '2020-10-12 18:07:58', null, '2');
INSERT INTO `t_user` VALUES ('97', '1602498987405', '123', null, '0', '1', '2020-10-12 18:36:28', '2020-10-12 18:36:28', null, '2');
INSERT INTO `t_user` VALUES ('98', '1602499363585', '123', null, '0', '1', '2020-10-12 18:42:44', '2020-10-12 18:42:44', null, '2');
INSERT INTO `t_user` VALUES ('99', '1602499398864', '123', null, '0', '1', '2020-10-12 18:43:19', '2020-10-12 18:43:19', null, '2');
INSERT INTO `t_user` VALUES ('100', '1602499467315', '123', null, '0', '1', '2020-10-12 18:44:27', '2020-10-12 18:44:27', null, '2');
INSERT INTO `t_user` VALUES ('101', '1602499477758', '123', null, '0', '1', '2020-10-12 18:44:38', '2020-10-12 18:44:38', null, '2');
INSERT INTO `t_user` VALUES ('102', '1602499700488', '123', null, '0', '1', '2020-10-12 18:48:21', '2020-10-12 18:48:21', null, '2');
INSERT INTO `t_user` VALUES ('103', '1602499777068', '123', null, '0', '1', '2020-10-12 18:49:37', '2020-10-12 18:49:37', null, '2');
INSERT INTO `t_user` VALUES ('104', '1602499783204', '123', null, '0', '1', '2020-10-12 18:49:43', '2020-10-12 18:49:43', null, '2');
INSERT INTO `t_user` VALUES ('105', '1602499783767', '123', null, '0', '1', '2020-10-12 18:49:44', '2020-10-12 18:49:44', null, '2');
INSERT INTO `t_user` VALUES ('106', '1602499784236', '123', null, '0', '1', '2020-10-12 18:49:44', '2020-10-12 18:49:44', null, '2');
INSERT INTO `t_user` VALUES ('107', '1602500054799', '123', null, '0', '1', '2020-10-12 18:54:15', '2020-10-12 18:54:15', null, '2');
INSERT INTO `t_user` VALUES ('108', '1602500392916', '123', null, '0', '1', '2020-10-12 18:59:53', '2020-10-12 18:59:53', null, '2');
INSERT INTO `t_user` VALUES ('109', '1602500575990', '123', null, '0', '1', '2020-10-12 19:02:56', '2020-10-12 19:02:56', null, '2');
INSERT INTO `t_user` VALUES ('110', '1602500765038', '123', null, '0', '1', '2020-10-12 19:06:05', '2020-10-12 19:06:05', null, '2');
INSERT INTO `t_user` VALUES ('111', '1602500923583', '123', null, '0', '1', '2020-10-12 19:08:44', '2020-10-12 19:08:44', null, '2');
INSERT INTO `t_user` VALUES ('112', '1602501069736', '123', null, '0', '1', '2020-10-12 19:11:10', '2020-10-12 19:11:10', null, '2');
INSERT INTO `t_user` VALUES ('113', '1602501070124', '123', null, '0', '1', '2020-10-12 19:11:10', '2020-10-12 19:11:10', null, '2');
INSERT INTO `t_user` VALUES ('114', '1602501070335', '123', null, '0', '1', '2020-10-12 19:11:10', '2020-10-12 19:11:10', null, '2');
INSERT INTO `t_user` VALUES ('115', '1602501070549', '123', null, '0', '1', '2020-10-12 19:11:11', '2020-10-12 19:11:11', null, '2');
INSERT INTO `t_user` VALUES ('116', '1602501070785', '123', null, '0', '1', '2020-10-12 19:11:11', '2020-10-12 19:11:11', null, '2');
INSERT INTO `t_user` VALUES ('117', '1602508570459', '123', null, '0', '1', '2020-10-12 21:16:10', '2020-10-12 21:16:10', null, '2');
INSERT INTO `t_user` VALUES ('118', '1602508587253', '123', null, '0', '1', '2020-10-12 21:16:27', '2020-10-12 21:16:27', null, '2');
INSERT INTO `t_user` VALUES ('119', '1602508615935', '123', null, '0', '1', '2020-10-12 21:16:56', '2020-10-12 21:16:56', null, '2');
INSERT INTO `t_user` VALUES ('120', '1602508619410', '123', null, '0', '1', '2020-10-12 21:16:59', '2020-10-12 21:16:59', null, '2');
INSERT INTO `t_user` VALUES ('121', '1602508619618', '123', null, '0', '1', '2020-10-12 21:17:00', '2020-10-12 21:17:00', null, '2');
INSERT INTO `t_user` VALUES ('122', '1602508619846', '123', null, '0', '1', '2020-10-12 21:17:00', '2020-10-12 21:17:00', null, '2');
INSERT INTO `t_user` VALUES ('123', '1602508620023', '123', null, '0', '1', '2020-10-12 21:17:00', '2020-10-12 21:17:00', null, '2');
INSERT INTO `t_user` VALUES ('124', '1602508620236', '123', null, '0', '1', '2020-10-12 21:17:00', '2020-10-12 21:17:00', null, '2');
INSERT INTO `t_user` VALUES ('125', '1602508620945', '123', null, '0', '1', '2020-10-12 21:17:01', '2020-10-12 21:17:01', null, '2');
INSERT INTO `t_user` VALUES ('126', '1602508621227', '123', null, '0', '1', '2020-10-12 21:17:01', '2020-10-12 21:17:01', null, '2');
INSERT INTO `t_user` VALUES ('127', '1602508621425', '123', null, '0', '1', '2020-10-12 21:17:01', '2020-10-12 21:17:01', null, '2');
INSERT INTO `t_user` VALUES ('128', '1602508975392', '123', null, '0', '1', '2020-10-12 21:22:56', '2020-10-12 21:22:56', null, '2');
INSERT INTO `t_user` VALUES ('129', '1602509549326', '123', null, '0', '1', '2020-10-12 21:32:29', '2020-10-12 21:32:29', null, '2');
INSERT INTO `t_user` VALUES ('130', '1602509607662', '123', null, '0', '1', '2020-10-12 21:33:28', '2020-10-12 21:33:28', null, '2');
INSERT INTO `t_user` VALUES ('131', '1602509615511', '123', null, '0', '1', '2020-10-12 21:33:36', '2020-10-12 21:33:36', null, '2');
INSERT INTO `t_user` VALUES ('132', '1602509641457', '123', null, '0', '1', '2020-10-12 21:34:01', '2020-10-12 21:34:01', null, '2');
INSERT INTO `t_user` VALUES ('133', '1602509650498', '123', null, '0', '1', '2020-10-12 21:34:11', '2020-10-12 21:34:11', null, '2');
INSERT INTO `t_user` VALUES ('134', '1602509689453', '123', null, '0', '1', '2020-10-12 21:34:49', '2020-10-12 21:34:49', null, '2');
INSERT INTO `t_user` VALUES ('135', '1602509689963', '123', null, '0', '1', '2020-10-12 21:34:50', '2020-10-12 21:34:50', null, '2');
INSERT INTO `t_user` VALUES ('136', '1602509690362', '123', null, '0', '1', '2020-10-12 21:34:50', '2020-10-12 21:34:50', null, '2');
INSERT INTO `t_user` VALUES ('137', '1602509690737', '123', null, '0', '1', '2020-10-12 21:34:51', '2020-10-12 21:34:51', null, '2');
INSERT INTO `t_user` VALUES ('138', '1602509690944', '123', null, '0', '1', '2020-10-12 21:34:51', '2020-10-12 21:34:51', null, '2');
INSERT INTO `t_user` VALUES ('139', '1602510093526', '123', null, '0', '1', '2020-10-12 21:41:34', '2020-10-12 21:41:34', null, '2');
INSERT INTO `t_user` VALUES ('140', '1602511349833', '123', null, '0', '1', '2020-10-12 22:02:30', '2020-10-12 22:02:30', null, '2');
INSERT INTO `t_user` VALUES ('141', '1602511461001', '123', null, '0', '1', '2020-10-12 22:04:21', '2020-10-12 22:04:21', null, '2');
INSERT INTO `t_user` VALUES ('142', '1602511461784', '123', null, '0', '1', '2020-10-12 22:04:22', '2020-10-12 22:04:22', null, '2');
INSERT INTO `t_user` VALUES ('143', '1602511462587', '123', null, '0', '1', '2020-10-12 22:04:23', '2020-10-12 22:04:23', null, '2');
INSERT INTO `t_user` VALUES ('144', '1602589342481', '123', null, '0', '1', '2020-10-13 19:42:23', '2020-10-13 19:42:23', null, '2');
INSERT INTO `t_user` VALUES ('145', '1602594220799', '123', null, '0', '1', '2020-10-13 21:03:41', '2020-10-13 21:03:41', null, '2');
INSERT INTO `t_user` VALUES ('146', '1602594259441', '123', null, '0', '1', '2020-10-13 21:04:19', '2020-10-13 21:04:19', null, '2');
INSERT INTO `t_user` VALUES ('147', '1602594305669', '123', null, '0', '1', '2020-10-13 21:05:06', '2020-10-13 21:05:06', null, '2');
INSERT INTO `t_user` VALUES ('148', '1602594715108', '123', null, '0', '1', '2020-10-13 21:11:55', '2020-10-13 21:11:55', null, '2');
INSERT INTO `t_user` VALUES ('149', '1602637874147', '123', null, '0', '1', '2020-10-14 09:11:14', '2020-10-14 09:11:14', null, '2');
INSERT INTO `t_user` VALUES ('150', '1602637898522', '123', null, '0', '1', '2020-10-14 09:11:39', '2020-10-14 09:11:39', null, '2');
INSERT INTO `t_user` VALUES ('151', '1602640402964', '123', null, '0', '1', '2020-10-14 09:53:23', '2020-10-14 09:53:23', null, '2');
INSERT INTO `t_user` VALUES ('152', '1602645968759', '123', null, '0', '1', '2020-10-14 11:26:09', '2020-10-14 11:26:09', null, '2');
INSERT INTO `t_user` VALUES ('153', '1602649965728', '123', null, '0', '1', '2020-10-14 12:32:46', '2020-10-14 12:32:46', null, '2');
INSERT INTO `t_user` VALUES ('154', '1602649996209', '123', null, '0', '1', '2020-10-14 12:33:16', '2020-10-14 12:33:16', null, '2');
INSERT INTO `t_user` VALUES ('155', '1602649997455', '123', null, '0', '1', '2020-10-14 12:33:17', '2020-10-14 12:33:17', null, '2');
INSERT INTO `t_user` VALUES ('156', '1602650008663', '123', null, '0', '1', '2020-10-14 12:33:29', '2020-10-14 12:33:29', null, '2');
INSERT INTO `t_user` VALUES ('157', '1602650009563', '123', null, '0', '1', '2020-10-14 12:33:30', '2020-10-14 12:33:30', null, '2');
INSERT INTO `t_user` VALUES ('158', '1602650010346', '123', null, '0', '1', '2020-10-14 12:33:30', '2020-10-14 12:33:30', null, '2');
INSERT INTO `t_user` VALUES ('159', '1602654187215', '123', null, '0', '1', '2020-10-14 13:43:07', '2020-10-14 13:43:07', null, '2');
INSERT INTO `t_user` VALUES ('160', '1602654355573', '123', null, '0', '1', '2020-10-14 13:45:56', '2020-10-14 13:45:56', null, '2');
INSERT INTO `t_user` VALUES ('161', '1602654513716', '123', null, '0', '1', '2020-10-14 13:48:34', '2020-10-14 13:48:34', null, '2');
INSERT INTO `t_user` VALUES ('162', '1602654537713', '123', null, '0', '1', '2020-10-14 13:48:58', '2020-10-14 13:48:58', null, '2');
INSERT INTO `t_user` VALUES ('163', '1602681431593', '123', null, '0', '1', '2020-10-14 21:17:12', '2020-10-14 21:17:12', null, '2');
INSERT INTO `t_user` VALUES ('164', '1602684820507', '123', null, '0', '1', '2020-10-14 22:13:41', '2020-10-14 22:13:41', null, '2');
INSERT INTO `t_user` VALUES ('165', '1602733360637', '123', null, '0', '1', '2020-10-15 11:42:41', '2020-10-15 11:42:41', null, '2');
INSERT INTO `t_user` VALUES ('166', '1602827414341', '123', null, '0', '1', '2020-10-16 13:50:15', '2020-10-16 13:50:15', null, '2');
INSERT INTO `t_user` VALUES ('167', '1602831061970', '123', null, '0', '1', '2020-10-16 14:51:02', '2020-10-16 14:51:02', null, '2');
INSERT INTO `t_user` VALUES ('168', '1602834862274', '123', null, '0', '1', '2020-10-16 15:54:22', '2020-10-16 15:54:22', null, '2');
INSERT INTO `t_user` VALUES ('169', '1602834938640', '123', null, '0', '1', '2020-10-16 15:55:39', '2020-10-16 15:55:39', null, '2');
INSERT INTO `t_user` VALUES ('170', '1603079447566', '123', null, '0', '1', '2020-10-19 11:50:48', '2020-10-19 11:50:48', null, '2');
INSERT INTO `t_user` VALUES ('171', '1603085596034', '123', null, '0', '1', '2020-10-19 13:33:16', '2020-10-19 13:33:16', null, '2');
INSERT INTO `t_user` VALUES ('172', '1603085724982', '123', null, '0', '1', '2020-10-19 13:35:25', '2020-10-19 13:35:25', null, '2');
INSERT INTO `t_user` VALUES ('173', '1603086451791', '123', null, '0', '1', '2020-10-19 13:47:32', '2020-10-19 13:47:32', null, '2');
INSERT INTO `t_user` VALUES ('174', '1603086452585', '123', null, '0', '1', '2020-10-19 13:47:33', '2020-10-19 13:47:33', null, '2');
INSERT INTO `t_user` VALUES ('175', '1603086453371', '123', null, '0', '1', '2020-10-19 13:47:33', '2020-10-19 13:47:33', null, '2');
INSERT INTO `t_user` VALUES ('176', '1603086487768', '123', null, '0', '1', '2020-10-19 13:48:08', '2020-10-19 13:48:08', null, '2');
INSERT INTO `t_user` VALUES ('177', '1603086488421', '123', null, '0', '1', '2020-10-19 13:48:08', '2020-10-19 13:48:08', null, '2');
INSERT INTO `t_user` VALUES ('178', '1603086488938', '123', null, '0', '1', '2020-10-19 13:48:09', '2020-10-19 13:48:09', null, '2');
INSERT INTO `t_user` VALUES ('179', '1603090263438', '123', null, '0', '1', '2020-10-19 14:51:04', '2020-10-19 14:51:04', null, '2');
INSERT INTO `t_user` VALUES ('180', '1603090368112', '123', null, '0', '1', '2020-10-19 14:52:48', '2020-10-19 14:52:48', null, '2');
INSERT INTO `t_user` VALUES ('181', '1603093256447', '123', null, '0', '1', '2020-10-19 15:40:57', '2020-10-19 15:40:57', null, '2');
INSERT INTO `t_user` VALUES ('182', '1603094025496', '123', null, '0', '1', '2020-10-19 15:53:46', '2020-10-19 15:53:46', null, '2');
INSERT INTO `t_user` VALUES ('183', '1603094026388', '123', null, '0', '1', '2020-10-19 15:53:46', '2020-10-19 15:53:46', null, '2');
INSERT INTO `t_user` VALUES ('184', '1603095190766', '123', null, '0', '1', '2020-10-19 16:13:11', '2020-10-19 16:13:11', null, '2');
INSERT INTO `t_user` VALUES ('185', '1603158279491', '123', null, '0', '1', '2020-10-20 09:44:40', '2020-10-20 09:44:40', null, '2');
INSERT INTO `t_user` VALUES ('186', '1603158300518', '123', null, '0', '1', '2020-10-20 09:45:01', '2020-10-20 09:45:01', null, '2');
INSERT INTO `t_user` VALUES ('187', '1603158328809', '123', null, '0', '1', '2020-10-20 09:45:29', '2020-10-20 09:45:29', null, '2');
INSERT INTO `t_user` VALUES ('188', '1603250710836', '123', null, '0', '1', '2020-10-21 11:25:11', '2020-10-21 11:25:11', null, '2');
INSERT INTO `t_user` VALUES ('189', '1603250743508', '123', null, '0', '1', '2020-10-21 11:25:44', '2020-10-21 11:25:44', null, '2');
INSERT INTO `t_user` VALUES ('190', '1603260505474', '123', null, '0', '1', '2020-10-21 14:08:26', '2020-10-21 14:08:26', null, '2');
INSERT INTO `t_user` VALUES ('191', '金坛', '123', null, '0', '1', '2020-10-21 15:27:10', '2020-10-21 15:27:10', null, '2');
INSERT INTO `t_user` VALUES ('192', '嘉兴', '123', null, '0', '1', '2020-10-23 21:34:32', '2020-10-23 21:34:32', null, '2');
INSERT INTO `t_user` VALUES ('193', '荣成', '123', null, '0', '1', '2020-10-23 21:36:59', '2020-10-23 21:36:59', null, '2');
INSERT INTO `t_user` VALUES ('194', '牡丹江', '123', null, '0', '1', '2020-10-23 21:37:00', '2020-10-23 21:37:00', null, '2');
INSERT INTO `t_user` VALUES ('195', '西宁', '123', null, '0', '1', '2020-10-23 21:41:05', '2020-10-23 21:41:05', null, '2');
INSERT INTO `t_user` VALUES ('196', '文登', '123', null, '0', '1', '2020-10-23 21:42:44', '2020-10-23 21:42:44', null, '2');
INSERT INTO `t_user` VALUES ('197', '淮安', '123', null, '0', '1', '2020-10-23 21:43:31', '2020-10-23 21:43:31', null, '2');
INSERT INTO `t_user` VALUES ('198', '荆州', '123', null, '0', '1', '2020-10-23 21:43:44', '2020-10-23 21:43:44', null, '2');
INSERT INTO `t_user` VALUES ('199', '安阳', '123', null, '0', '1', '2020-10-23 21:43:45', '2020-10-23 21:43:45', null, '2');
INSERT INTO `t_user` VALUES ('200', '乳山', '123', null, '0', '1', '2020-10-23 21:43:46', '2020-10-23 21:43:46', null, '2');
INSERT INTO `t_user` VALUES ('201', '营口', '123', null, '0', '1', '2020-10-23 21:44:20', '2020-10-23 21:44:20', null, '2');
INSERT INTO `t_user` VALUES ('202', '舟山', '123', null, '0', '1', '2020-10-23 21:44:21', '2020-10-23 21:44:21', null, '2');
INSERT INTO `t_user` VALUES ('203', '厦门', '123', null, '0', '1', '2020-10-23 21:44:50', '2020-10-23 21:44:50', null, '2');
INSERT INTO `t_user` VALUES ('204', '长沙', '123', null, '0', '1', '2020-10-23 21:44:52', '2020-10-23 21:44:52', null, '2');
INSERT INTO `t_user` VALUES ('205', '威海', '123', null, '0', '1', '2020-10-23 21:45:10', '2020-10-23 21:45:10', null, '2');
INSERT INTO `t_user` VALUES ('206', '瓦房店', '123', null, '0', '1', '2020-10-23 22:20:01', '2020-10-23 22:20:01', null, '2');
INSERT INTO `t_user` VALUES ('207', '济宁', '123', null, '0', '1', '2020-10-23 22:20:26', '2020-10-23 22:20:26', null, '2');
INSERT INTO `t_user` VALUES ('208', '重庆', '123', null, '0', '1', '2020-10-23 22:20:27', '2020-10-23 22:20:27', null, '2');
INSERT INTO `t_user` VALUES ('209', '乌鲁木齐', '123', null, '0', '1', '2020-10-23 22:20:43', '2020-10-23 22:20:43', null, '2');
INSERT INTO `t_user` VALUES ('210', '宜宾', '123', null, '0', '1', '2020-10-23 22:20:44', '2020-10-23 22:20:44', null, '2');
INSERT INTO `t_user` VALUES ('211', '昆明', '123', null, '0', '1', '2020-10-23 22:22:16', '2020-10-23 22:22:16', null, '2');
INSERT INTO `t_user` VALUES ('212', '石家庄', '123', null, '0', '1', '2020-10-24 16:41:24', '2020-10-24 16:41:24', null, '2');
INSERT INTO `t_user` VALUES ('213', '1603534436494', '123', null, '0', '1', '2020-10-24 18:13:57', '2020-10-24 18:13:57', null, '2');
INSERT INTO `t_user` VALUES ('214', '1603534469141', '123', null, '0', '1', '2020-10-24 18:14:29', '2020-10-24 18:14:29', null, '2');
INSERT INTO `t_user` VALUES ('215', '1603535353852', '123', null, '0', '1', '2020-10-24 18:29:14', '2020-10-24 18:29:14', null, '2');
INSERT INTO `t_user` VALUES ('216', '1603545218511', '123', null, '0', '1', '2020-10-24 21:13:39', '2020-10-24 21:13:39', null, '2');
INSERT INTO `t_user` VALUES ('217', '1603545220197', '123', null, '0', '1', '2020-10-24 21:13:40', '2020-10-24 21:13:40', null, '2');
INSERT INTO `t_user` VALUES ('218', '1603547547059', '123', null, '0', '1', '2020-10-24 21:52:27', '2020-10-24 21:52:27', null, '2');
INSERT INTO `t_user` VALUES ('219', '1603548034915', '123', null, '0', '1', '2020-10-24 22:00:35', '2020-10-24 22:00:35', null, '2');
INSERT INTO `t_user` VALUES ('220', '1603552164050', '123', null, '0', '1', '2020-10-24 23:09:24', '2020-10-24 23:09:24', null, '2');
INSERT INTO `t_user` VALUES ('221', '1603552352797', '123', null, '0', '1', '2020-10-24 23:12:33', '2020-10-24 23:12:33', null, '2');
INSERT INTO `t_user` VALUES ('222', '1603554135211', '123', null, '0', '1', '2020-10-24 23:42:15', '2020-10-24 23:42:15', null, '2');
INSERT INTO `t_user` VALUES ('223', '1603554136897', '123', null, '0', '1', '2020-10-24 23:42:17', '2020-10-24 23:42:17', null, '2');
INSERT INTO `t_user` VALUES ('224', '1603595718955', '123', null, '0', '1', '2020-10-25 11:15:19', '2020-10-25 11:15:19', null, '2');
INSERT INTO `t_user` VALUES ('225', '1603595725159', '123', null, '0', '1', '2020-10-25 11:15:25', '2020-10-25 11:15:25', null, '2');
INSERT INTO `t_user` VALUES ('226', '1603595730496', '123', null, '0', '1', '2020-10-25 11:15:31', '2020-10-25 11:15:31', null, '2');
INSERT INTO `t_user` VALUES ('227', '1603597105936', '123', null, '0', '1', '2020-10-25 11:38:26', '2020-10-25 11:38:26', null, '2');
INSERT INTO `t_user` VALUES ('228', 'vc', '123456', '1', '0', '1', '2020-10-25 12:47:26', '2020-10-25 12:47:26', '1', '2');
INSERT INTO `t_user` VALUES ('229', '1603601304607', '123', null, '0', '1', '2020-10-25 12:48:25', '2020-10-25 12:48:25', null, '2');
