TRUNCATE t_interface_case;
TRUNCATE t_data_factory;
TRUNCATE t_feedback;
TRUNCATE t_http_setting;
TRUNCATE t_interface_assert;
TRUNCATE t_interface_assert_log;
TRUNCATE t_interface_case;
TRUNCATE t_interface_case_execute_log;
TRUNCATE t_interface_case_rely_data;
TRUNCATE t_interface_case_suite;
TRUNCATE t_interface_pre_case;
TRUNCATE t_interface_processor;
TRUNCATE t_interface_processor_log;
TRUNCATE t_interface_suite_case_ref;
TRUNCATE t_interface_suite_log;
TRUNCATE t_interface_suite_processor;
TRUNCATE t_mock_api;
TRUNCATE t_mock_hit_policy;
TRUNCATE t_mock_sever;
TRUNCATE t_user_login_log;

TRUNCATE t_project;
INSERT INTO `platform`.`t_project` (`project_id`, `name`, `desc`, `protocol`, `port`, `domain`, `dev_protocol`, `dev_port`, `dev_domain`, `test_protocol`, `test_port`, `test_domain`, `stg_protocol`, `stg_port`, `stg_domain`, `prod_protocol`, `prod_port`, `prod_domain`, `created_time`, `update_time`) VALUES ('1', 'Alex', '', 'http', '7777', '127.0.0.1', 'http', '7777', '127.0.0.1', 'http', '7777', '127.0.0.1', 'http', '7777', '127.0.0.1', 'http', '7777', '127.0.0.1', NULL, NULL);
TRUNCATE t_module;
INSERT INTO `platform`.`t_module` (`project_id`, `module_id`, `name`, `desc`, `created_time`, `update_time`) VALUES ('1', '1', '用户登录', NULL, '2021-06-09 12:41:16', '2021-06-09 12:41:16');



TRUNCATE t_task;
TRUNCATE t_task_email_ref;
TRUNCATE t_stability_case;
TRUNCATE t_stability_case_log;




TRUNCATE t_user;
INSERT INTO `platform`.`t_user` (`user_id`, `username`, `password`, `job_number`, `sex`, `is_enable`, `created_time`, `update_time`, `real_name`, `role_id`) VALUES ('1', '123', '18e29620f058e8bf085bfed74fdf5e82', '', '1', '1', NULL, '2021-03-10 16:08:51', '超级管理员', '1');

TRUNCATE t_db;
INSERT INTO `platform`.`t_db` (`id`, `name`, `type`, `desc`, `url`, `username`, `password`, `created_time`, `update_time`, `status`, `test_url`, `test_username`, `test_password`, `dev_url`, `dev_username`, `dev_password`, `stg_url`, `stg_username`, `stg_password`, `prod_url`, `prod_username`, `prod_password`) VALUES ('1', 'platform', '0', '自动化平台库', 'jdbc:mysql://localhost:3306/platform?useUnicode=true&characterEncoding=utf-8', 'root', 'root', '2020-09-02 15:40:50', '2020-10-21 11:31:11', '0', 'jdbc:mysql://localhost:3306/platform?useUnicode=true&characterEncoding=utf-8', 'root', 'root', 'jdbc:mysql://localhost:3306/platform?useUnicode=true&characterEncoding=utf-8', 'root', 'root', 'jdbc:mysql://localhost:3306/platform?useUnicode=true&characterEncoding=utf-8', 'root', 'root', 'jdbc:mysql://localhost:3306/platform?useUnicode=true&characterEncoding=utf-8', 'root', 'root');

TRUNCATE t_role;
INSERT INTO `platform`.`t_role` (`role_id`, `role_name`, `status`) VALUES ('1', '超级管理员', '0');
INSERT INTO `platform`.`t_role` (`role_id`, `role_name`, `status`) VALUES ('4', '游客', '0');

TRUNCATE t_permission;
INSERT INTO `platform`.`t_permission` (`id`, `permission_code`, `permission_name`, `parent_id`) VALUES ('1', 'user', '用户管理', '0');
INSERT INTO `platform`.`t_permission` (`id`, `permission_code`, `permission_name`, `parent_id`) VALUES ('2', 'user:add', '新增', '1');
INSERT INTO `platform`.`t_permission` (`id`, `permission_code`, `permission_name`, `parent_id`) VALUES ('3', 'user:modify', '修改', '1');
INSERT INTO `platform`.`t_permission` (`id`, `permission_code`, `permission_name`, `parent_id`) VALUES ('4', 'user:remove', '删除', '1');
INSERT INTO `platform`.`t_permission` (`id`, `permission_code`, `permission_name`, `parent_id`) VALUES ('5', 'user:find', '查询', '1');
INSERT INTO `platform`.`t_permission` (`id`, `permission_code`, `permission_name`, `parent_id`) VALUES ('6', 'user:reset', '重置密码', '1');
INSERT INTO `platform`.`t_permission` (`id`, `permission_code`, `permission_name`, `parent_id`) VALUES ('89', 'role', '角色管理', '0');
INSERT INTO `platform`.`t_permission` (`id`, `permission_code`, `permission_name`, `parent_id`) VALUES ('90', 'role:add', '新增', '89');
INSERT INTO `platform`.`t_permission` (`id`, `permission_code`, `permission_name`, `parent_id`) VALUES ('91', 'role:modify', '修改', '89');
INSERT INTO `platform`.`t_permission` (`id`, `permission_code`, `permission_name`, `parent_id`) VALUES ('92', 'role:remove', '删除', '89');
INSERT INTO `platform`.`t_permission` (`id`, `permission_code`, `permission_name`, `parent_id`) VALUES ('93', 'role:find', '查询', '89');
INSERT INTO `platform`.`t_permission` (`id`, `permission_code`, `permission_name`, `parent_id`) VALUES ('94', 'role:permission', '授权', '89');
INSERT INTO `platform`.`t_permission` (`id`, `permission_code`, `permission_name`, `parent_id`) VALUES ('95', 'permission', '权限管理', '0');
INSERT INTO `platform`.`t_permission` (`id`, `permission_code`, `permission_name`, `parent_id`) VALUES ('100', 'permission:add_top', '新增顶级节点', '95');
INSERT INTO `platform`.`t_permission` (`id`, `permission_code`, `permission_name`, `parent_id`) VALUES ('102', 'project', '项目管理', '0');
INSERT INTO `platform`.`t_permission` (`id`, `permission_code`, `permission_name`, `parent_id`) VALUES ('103', 'project:add', '新增', '102');
INSERT INTO `platform`.`t_permission` (`id`, `permission_code`, `permission_name`, `parent_id`) VALUES ('104', 'project:modify', '修改', '102');
INSERT INTO `platform`.`t_permission` (`id`, `permission_code`, `permission_name`, `parent_id`) VALUES ('105', 'project:remove', '删除', '102');
INSERT INTO `platform`.`t_permission` (`id`, `permission_code`, `permission_name`, `parent_id`) VALUES ('106', 'project:find', '查询', '102');
INSERT INTO `platform`.`t_permission` (`id`, `permission_code`, `permission_name`, `parent_id`) VALUES ('107', 'module', '模块管理', '0');
INSERT INTO `platform`.`t_permission` (`id`, `permission_code`, `permission_name`, `parent_id`) VALUES ('108', 'module:add', '新增', '107');
INSERT INTO `platform`.`t_permission` (`id`, `permission_code`, `permission_name`, `parent_id`) VALUES ('109', 'module:modify', '修改', '107');
INSERT INTO `platform`.`t_permission` (`id`, `permission_code`, `permission_name`, `parent_id`) VALUES ('110', 'module:remove', '删除', '107');
INSERT INTO `platform`.`t_permission` (`id`, `permission_code`, `permission_name`, `parent_id`) VALUES ('111', 'module:find', '查询', '107');
INSERT INTO `platform`.`t_permission` (`id`, `permission_code`, `permission_name`, `parent_id`) VALUES ('112', 'db', '数据源中心', '0');
INSERT INTO `platform`.`t_permission` (`id`, `permission_code`, `permission_name`, `parent_id`) VALUES ('113', 'db:add', '新增', '112');
INSERT INTO `platform`.`t_permission` (`id`, `permission_code`, `permission_name`, `parent_id`) VALUES ('114', 'db:modify', '修改', '112');
INSERT INTO `platform`.`t_permission` (`id`, `permission_code`, `permission_name`, `parent_id`) VALUES ('115', 'db:remove', '删除', '112');
INSERT INTO `platform`.`t_permission` (`id`, `permission_code`, `permission_name`, `parent_id`) VALUES ('116', 'db:find', '查询', '112');
INSERT INTO `platform`.`t_permission` (`id`, `permission_code`, `permission_name`, `parent_id`) VALUES ('117', 'db:check', '预检', '112');
INSERT INTO `platform`.`t_permission` (`id`, `permission_code`, `permission_name`, `parent_id`) VALUES ('118', 'factory', '数据工厂', '0');
INSERT INTO `platform`.`t_permission` (`id`, `permission_code`, `permission_name`, `parent_id`) VALUES ('119', 'factory:add', '新增', '118');
INSERT INTO `platform`.`t_permission` (`id`, `permission_code`, `permission_name`, `parent_id`) VALUES ('120', 'factory:modify', '修改', '118');
INSERT INTO `platform`.`t_permission` (`id`, `permission_code`, `permission_name`, `parent_id`) VALUES ('121', 'factory:remove', '删除', '118');
INSERT INTO `platform`.`t_permission` (`id`, `permission_code`, `permission_name`, `parent_id`) VALUES ('122', 'factory:find', '查询', '118');
INSERT INTO `platform`.`t_permission` (`id`, `permission_code`, `permission_name`, `parent_id`) VALUES ('123', 'factory:execute', '执行', '118');
INSERT INTO `platform`.`t_permission` (`id`, `permission_code`, `permission_name`, `parent_id`) VALUES ('124', 'data_center', '数据中心', '0');
INSERT INTO `platform`.`t_permission` (`id`, `permission_code`, `permission_name`, `parent_id`) VALUES ('125', 'data_center:temp_env', '临时变量', '124');
INSERT INTO `platform`.`t_permission` (`id`, `permission_code`, `permission_name`, `parent_id`) VALUES ('126', 'data_center:temp_env:find', '查询', '125');
INSERT INTO `platform`.`t_permission` (`id`, `permission_code`, `permission_name`, `parent_id`) VALUES ('127', 'data_center:temp_env:clear', '清空', '125');
INSERT INTO `platform`.`t_permission` (`id`, `permission_code`, `permission_name`, `parent_id`) VALUES ('128', 'data_center:if_rely', '接口依赖', '124');
INSERT INTO `platform`.`t_permission` (`id`, `permission_code`, `permission_name`, `parent_id`) VALUES ('129', 'data_center:if_rely:add', '新增', '128');
INSERT INTO `platform`.`t_permission` (`id`, `permission_code`, `permission_name`, `parent_id`) VALUES ('130', 'data_center:if_rely:modify', '修改', '128');
INSERT INTO `platform`.`t_permission` (`id`, `permission_code`, `permission_name`, `parent_id`) VALUES ('131', 'data_center:if_rely:remove', '删除', '128');
INSERT INTO `platform`.`t_permission` (`id`, `permission_code`, `permission_name`, `parent_id`) VALUES ('132', 'data_center:if_rely:find', '查询', '128');
INSERT INTO `platform`.`t_permission` (`id`, `permission_code`, `permission_name`, `parent_id`) VALUES ('133', 'data_center:if_rely:execute', '执行', '128');
INSERT INTO `platform`.`t_permission` (`id`, `permission_code`, `permission_name`, `parent_id`) VALUES ('134', 'data_center:rely_data', '其它依赖', '124');
INSERT INTO `platform`.`t_permission` (`id`, `permission_code`, `permission_name`, `parent_id`) VALUES ('135', 'data_center:rely_data:add', '新增', '134');
INSERT INTO `platform`.`t_permission` (`id`, `permission_code`, `permission_name`, `parent_id`) VALUES ('136', 'data_center:rely_data:modify', '修改', '134');
INSERT INTO `platform`.`t_permission` (`id`, `permission_code`, `permission_name`, `parent_id`) VALUES ('137', 'data_center:rely_data:remove', '删除', '134');
INSERT INTO `platform`.`t_permission` (`id`, `permission_code`, `permission_name`, `parent_id`) VALUES ('138', 'data_center:rely_data:find', '查询', '134');
INSERT INTO `platform`.`t_permission` (`id`, `permission_code`, `permission_name`, `parent_id`) VALUES ('139', 'data_center:rely_sql_data', 'SQL语句', '124');
INSERT INTO `platform`.`t_permission` (`id`, `permission_code`, `permission_name`, `parent_id`) VALUES ('140', 'data_center:rely_sql_data:add', '新增', '139');
INSERT INTO `platform`.`t_permission` (`id`, `permission_code`, `permission_name`, `parent_id`) VALUES ('141', 'data_center:rely_sql_data:modify', '修改', '139');
INSERT INTO `platform`.`t_permission` (`id`, `permission_code`, `permission_name`, `parent_id`) VALUES ('142', 'data_center:rely_sql_data:remove', '删除', '139');
INSERT INTO `platform`.`t_permission` (`id`, `permission_code`, `permission_name`, `parent_id`) VALUES ('143', 'data_center:rely_sql_data:find', '查询', '139');
INSERT INTO `platform`.`t_permission` (`id`, `permission_code`, `permission_name`, `parent_id`) VALUES ('144', 'data_center:rely_init_method', '预置方法', '124');
INSERT INTO `platform`.`t_permission` (`id`, `permission_code`, `permission_name`, `parent_id`) VALUES ('146', 'data_center:rely_init_method:modify', '修改', '144');
INSERT INTO `platform`.`t_permission` (`id`, `permission_code`, `permission_name`, `parent_id`) VALUES ('147', 'data_center:rely_init_method:remove', '删除', '144');
INSERT INTO `platform`.`t_permission` (`id`, `permission_code`, `permission_name`, `parent_id`) VALUES ('148', 'data_center:rely_init_method:find', '查询', '144');
INSERT INTO `platform`.`t_permission` (`id`, `permission_code`, `permission_name`, `parent_id`) VALUES ('149', 'data_center:rely_fixed_data', '环境变量', '124');
INSERT INTO `platform`.`t_permission` (`id`, `permission_code`, `permission_name`, `parent_id`) VALUES ('150', 'data_center:rely_fixed_data:add', '新增', '149');
INSERT INTO `platform`.`t_permission` (`id`, `permission_code`, `permission_name`, `parent_id`) VALUES ('151', 'data_center:rely_fixed_data:modify', '修改', '149');
INSERT INTO `platform`.`t_permission` (`id`, `permission_code`, `permission_name`, `parent_id`) VALUES ('152', 'data_center:rely_fixed_data:remove', '删除', '149');
INSERT INTO `platform`.`t_permission` (`id`, `permission_code`, `permission_name`, `parent_id`) VALUES ('153', 'data_center:rely_fixed_data:find', '查询', '149');
INSERT INTO `platform`.`t_permission` (`id`, `permission_code`, `permission_name`, `parent_id`) VALUES ('154', 'interface', '接口测试', '0');
INSERT INTO `platform`.`t_permission` (`id`, `permission_code`, `permission_name`, `parent_id`) VALUES ('155', 'interface:case', '测试用例', '154');
INSERT INTO `platform`.`t_permission` (`id`, `permission_code`, `permission_name`, `parent_id`) VALUES ('156', 'interface:case:add', '新增', '155');
INSERT INTO `platform`.`t_permission` (`id`, `permission_code`, `permission_name`, `parent_id`) VALUES ('157', 'interface:case:modify', '修改', '155');
INSERT INTO `platform`.`t_permission` (`id`, `permission_code`, `permission_name`, `parent_id`) VALUES ('158', 'interface:case:remove', '删除', '155');
INSERT INTO `platform`.`t_permission` (`id`, `permission_code`, `permission_name`, `parent_id`) VALUES ('159', 'interface:case:find', '查询', '155');
INSERT INTO `platform`.`t_permission` (`id`, `permission_code`, `permission_name`, `parent_id`) VALUES ('160', 'interface:case:copy', '复制', '155');
INSERT INTO `platform`.`t_permission` (`id`, `permission_code`, `permission_name`, `parent_id`) VALUES ('161', 'interface:case:generate', '生成', '155');
INSERT INTO `platform`.`t_permission` (`id`, `permission_code`, `permission_name`, `parent_id`) VALUES ('162', 'interface:case:import', '导入', '155');
INSERT INTO `platform`.`t_permission` (`id`, `permission_code`, `permission_name`, `parent_id`) VALUES ('163', 'interface:case:execute', '执行', '155');
INSERT INTO `platform`.`t_permission` (`id`, `permission_code`, `permission_name`, `parent_id`) VALUES ('164', 'interface:suite', '测试套件', '154');
INSERT INTO `platform`.`t_permission` (`id`, `permission_code`, `permission_name`, `parent_id`) VALUES ('165', 'interface:suite:add', '新增', '164');
INSERT INTO `platform`.`t_permission` (`id`, `permission_code`, `permission_name`, `parent_id`) VALUES ('166', 'interface:suite:modify', '修改', '164');
INSERT INTO `platform`.`t_permission` (`id`, `permission_code`, `permission_name`, `parent_id`) VALUES ('167', 'interface:suite:remove', '删除', '164');
INSERT INTO `platform`.`t_permission` (`id`, `permission_code`, `permission_name`, `parent_id`) VALUES ('168', 'interface:suite:find', '查询', '164');
INSERT INTO `platform`.`t_permission` (`id`, `permission_code`, `permission_name`, `parent_id`) VALUES ('169', 'interface:suite:copy', '复制', '164');
INSERT INTO `platform`.`t_permission` (`id`, `permission_code`, `permission_name`, `parent_id`) VALUES ('170', 'interface:suite:manager', '用例维护', '164');
INSERT INTO `platform`.`t_permission` (`id`, `permission_code`, `permission_name`, `parent_id`) VALUES ('171', 'interface:suite:execute', '执行', '164');
INSERT INTO `platform`.`t_permission` (`id`, `permission_code`, `permission_name`, `parent_id`) VALUES ('172', 'interface:case_log', '执行日志', '154');
INSERT INTO `platform`.`t_permission` (`id`, `permission_code`, `permission_name`, `parent_id`) VALUES ('173', 'interface:case_log:find', '查询', '172');
INSERT INTO `platform`.`t_permission` (`id`, `permission_code`, `permission_name`, `parent_id`) VALUES ('174', 'interface:case_log:detail', '详情', '172');
INSERT INTO `platform`.`t_permission` (`id`, `permission_code`, `permission_name`, `parent_id`) VALUES ('175', 'interface:case_log:chain', '链路跟踪', '172');
INSERT INTO `platform`.`t_permission` (`id`, `permission_code`, `permission_name`, `parent_id`) VALUES ('176', 'interface:assert_log', '断言日志', '154');
INSERT INTO `platform`.`t_permission` (`id`, `permission_code`, `permission_name`, `parent_id`) VALUES ('177', 'interface:assert_log:find', '查询', '176');
INSERT INTO `platform`.`t_permission` (`id`, `permission_code`, `permission_name`, `parent_id`) VALUES ('178', 'setting', '系统设置', '0');
INSERT INTO `platform`.`t_permission` (`id`, `permission_code`, `permission_name`, `parent_id`) VALUES ('179', 'setting:email', '邮箱管理', '178');
INSERT INTO `platform`.`t_permission` (`id`, `permission_code`, `permission_name`, `parent_id`) VALUES ('180', 'setting:email:add', '新增', '179');
INSERT INTO `platform`.`t_permission` (`id`, `permission_code`, `permission_name`, `parent_id`) VALUES ('181', 'setting:email:modify', '修改', '179');
INSERT INTO `platform`.`t_permission` (`id`, `permission_code`, `permission_name`, `parent_id`) VALUES ('182', 'setting:email:remove', '删除', '179');
INSERT INTO `platform`.`t_permission` (`id`, `permission_code`, `permission_name`, `parent_id`) VALUES ('183', 'setting:email:find', '查询', '179');
INSERT INTO `platform`.`t_permission` (`id`, `permission_code`, `permission_name`, `parent_id`) VALUES ('184', 'setting:proxy', '代理管理', '178');
INSERT INTO `platform`.`t_permission` (`id`, `permission_code`, `permission_name`, `parent_id`) VALUES ('185', 'setting:proxy:add', '新增', '184');
INSERT INTO `platform`.`t_permission` (`id`, `permission_code`, `permission_name`, `parent_id`) VALUES ('186', 'setting:proxy:modify', '修改', '184');
INSERT INTO `platform`.`t_permission` (`id`, `permission_code`, `permission_name`, `parent_id`) VALUES ('187', 'setting:proxy:remove', '删除', '184');
INSERT INTO `platform`.`t_permission` (`id`, `permission_code`, `permission_name`, `parent_id`) VALUES ('188', 'setting:proxy:find', '查询', '184');
INSERT INTO `platform`.`t_permission` (`id`, `permission_code`, `permission_name`, `parent_id`) VALUES ('189', 'setting:task', '定时任务', '178');
INSERT INTO `platform`.`t_permission` (`id`, `permission_code`, `permission_name`, `parent_id`) VALUES ('190', 'setting:task:add', '新增', '189');
INSERT INTO `platform`.`t_permission` (`id`, `permission_code`, `permission_name`, `parent_id`) VALUES ('191', 'setting:task:modify', '修改', '189');
INSERT INTO `platform`.`t_permission` (`id`, `permission_code`, `permission_name`, `parent_id`) VALUES ('192', 'setting:task:remove', '删除', '189');
INSERT INTO `platform`.`t_permission` (`id`, `permission_code`, `permission_name`, `parent_id`) VALUES ('193', 'setting:task:find', '查询', '189');
INSERT INTO `platform`.`t_permission` (`id`, `permission_code`, `permission_name`, `parent_id`) VALUES ('194', 'setting:task:execute', '执行', '189');
INSERT INTO `platform`.`t_permission` (`id`, `permission_code`, `permission_name`, `parent_id`) VALUES ('195', 'setting:timeout', '超时配置', '178');
INSERT INTO `platform`.`t_permission` (`id`, `permission_code`, `permission_name`, `parent_id`) VALUES ('196', 'setting:timeout:add', '新增', '195');
INSERT INTO `platform`.`t_permission` (`id`, `permission_code`, `permission_name`, `parent_id`) VALUES ('197', 'setting:timeout:modify', '修改', '195');
INSERT INTO `platform`.`t_permission` (`id`, `permission_code`, `permission_name`, `parent_id`) VALUES ('198', 'setting:timeout:remove', '删除', '195');
INSERT INTO `platform`.`t_permission` (`id`, `permission_code`, `permission_name`, `parent_id`) VALUES ('199', 'setting:timeout:find', '查询', '195');
INSERT INTO `platform`.`t_permission` (`id`, `permission_code`, `permission_name`, `parent_id`) VALUES ('200', 'interface:case:logInfo', '链路日志', '155');
INSERT INTO `platform`.`t_permission` (`id`, `permission_code`, `permission_name`, `parent_id`) VALUES ('201', 'feedback', '反馈中心', '0');
INSERT INTO `platform`.`t_permission` (`id`, `permission_code`, `permission_name`, `parent_id`) VALUES ('202', 'feedback:list', '反馈列表', '201');
INSERT INTO `platform`.`t_permission` (`id`, `permission_code`, `permission_name`, `parent_id`) VALUES ('203', 'feedback:list:find', '查询', '202');
INSERT INTO `platform`.`t_permission` (`id`, `permission_code`, `permission_name`, `parent_id`) VALUES ('204', 'feedback:list:remove', '删除', '202');
INSERT INTO `platform`.`t_permission` (`id`, `permission_code`, `permission_name`, `parent_id`) VALUES ('205', 'feedback:list:reply', '回复', '202');
INSERT INTO `platform`.`t_permission` (`id`, `permission_code`, `permission_name`, `parent_id`) VALUES ('206', 'feedback:my', '我的反馈', '201');
INSERT INTO `platform`.`t_permission` (`id`, `permission_code`, `permission_name`, `parent_id`) VALUES ('207', 'feedback:my:add', '新增', '206');
INSERT INTO `platform`.`t_permission` (`id`, `permission_code`, `permission_name`, `parent_id`) VALUES ('208', 'feedback:my:modify', '修改', '206');
INSERT INTO `platform`.`t_permission` (`id`, `permission_code`, `permission_name`, `parent_id`) VALUES ('209', 'feedback:my:remove', '删除', '206');
INSERT INTO `platform`.`t_permission` (`id`, `permission_code`, `permission_name`, `parent_id`) VALUES ('210', 'feedback:my:find', '查询', '206');
INSERT INTO `platform`.`t_permission` (`id`, `permission_code`, `permission_name`, `parent_id`) VALUES ('211', 'interface:ifreport', '测试报告', '154');
INSERT INTO `platform`.`t_permission` (`id`, `permission_code`, `permission_name`, `parent_id`) VALUES ('212', 'interface:ifreport:find', '查询', '211');
INSERT INTO `platform`.`t_permission` (`id`, `permission_code`, `permission_name`, `parent_id`) VALUES ('213', 'mock', 'Mock', '0');
INSERT INTO `platform`.`t_permission` (`id`, `permission_code`, `permission_name`, `parent_id`) VALUES ('214', 'mock:node', '节点管理', '213');
INSERT INTO `platform`.`t_permission` (`id`, `permission_code`, `permission_name`, `parent_id`) VALUES ('215', 'mock:node:add', '添加', '214');
INSERT INTO `platform`.`t_permission` (`id`, `permission_code`, `permission_name`, `parent_id`) VALUES ('216', 'mock:node:modify', '修改', '214');
INSERT INTO `platform`.`t_permission` (`id`, `permission_code`, `permission_name`, `parent_id`) VALUES ('217', 'mock:node:remove', '删除', '214');
INSERT INTO `platform`.`t_permission` (`id`, `permission_code`, `permission_name`, `parent_id`) VALUES ('218', 'mock:node:find', '查询', '214');
INSERT INTO `platform`.`t_permission` (`id`, `permission_code`, `permission_name`, `parent_id`) VALUES ('219', 'mock:node:start', '启用', '214');
INSERT INTO `platform`.`t_permission` (`id`, `permission_code`, `permission_name`, `parent_id`) VALUES ('220', 'mock:node:stop', '停用', '214');
INSERT INTO `platform`.`t_permission` (`id`, `permission_code`, `permission_name`, `parent_id`) VALUES ('221', 'mock:api', '接口管理', '213');
INSERT INTO `platform`.`t_permission` (`id`, `permission_code`, `permission_name`, `parent_id`) VALUES ('222', 'mock:api:add', '添加', '221');
INSERT INTO `platform`.`t_permission` (`id`, `permission_code`, `permission_name`, `parent_id`) VALUES ('223', 'mock:api:modify', '修改', '221');
INSERT INTO `platform`.`t_permission` (`id`, `permission_code`, `permission_name`, `parent_id`) VALUES ('224', 'mock:api:remove', '删除', '221');
INSERT INTO `platform`.`t_permission` (`id`, `permission_code`, `permission_name`, `parent_id`) VALUES ('225', 'mock:api:query', '查询', '221');
INSERT INTO `platform`.`t_permission` (`id`, `permission_code`, `permission_name`, `parent_id`) VALUES ('226', 'mock:api:stop', '停止', '221');
INSERT INTO `platform`.`t_permission` (`id`, `permission_code`, `permission_name`, `parent_id`) VALUES ('227', 'mock:api:restart', '重启', '221');
INSERT INTO `platform`.`t_permission` (`id`, `permission_code`, `permission_name`, `parent_id`) VALUES ('228', 'setting:loginLog', '登录日志', '178');
INSERT INTO `platform`.`t_permission` (`id`, `permission_code`, `permission_name`, `parent_id`) VALUES ('229', 'setting:loginLog:find', '查询', '228');
INSERT INTO `platform`.`t_permission` (`id`, `permission_code`, `permission_name`, `parent_id`) VALUES ('230', 'stability', '稳定性测试', '0');
INSERT INTO `platform`.`t_permission` (`id`, `permission_code`, `permission_name`, `parent_id`) VALUES ('231', 'stability:case', '测试用例', '230');
INSERT INTO `platform`.`t_permission` (`id`, `permission_code`, `permission_name`, `parent_id`) VALUES ('232', 'stability:log', '执行日志', '230');
INSERT INTO `platform`.`t_permission` (`id`, `permission_code`, `permission_name`, `parent_id`) VALUES ('233', 'stability:case:add', '新增', '231');
INSERT INTO `platform`.`t_permission` (`id`, `permission_code`, `permission_name`, `parent_id`) VALUES ('234', 'stability:case:modify', '修改', '231');
INSERT INTO `platform`.`t_permission` (`id`, `permission_code`, `permission_name`, `parent_id`) VALUES ('235', 'stability:case:remove', '删除', '231');
INSERT INTO `platform`.`t_permission` (`id`, `permission_code`, `permission_name`, `parent_id`) VALUES ('236', 'stability:case:execute', '执行', '231');
INSERT INTO `platform`.`t_permission` (`id`, `permission_code`, `permission_name`, `parent_id`) VALUES ('237', 'stability:case:find', '查询', '231');
INSERT INTO `platform`.`t_permission` (`id`, `permission_code`, `permission_name`, `parent_id`) VALUES ('238', 'stability:case:log:find', '查询', '232');
INSERT INTO `platform`.`t_permission` (`id`, `permission_code`, `permission_name`, `parent_id`) VALUES ('239', 'stability:case:log:download', '下载', '232');
INSERT INTO `platform`.`t_permission` (`id`, `permission_code`, `permission_name`, `parent_id`) VALUES ('240', 'stability:case:log:stop', '停止', '232');
INSERT INTO `platform`.`t_permission` (`id`, `permission_code`, `permission_name`, `parent_id`) VALUES ('241', 'stability:case:log:last', '近况', '232');
INSERT INTO `platform`.`t_permission` (`id`, `permission_code`, `permission_name`, `parent_id`) VALUES ('242', 'stability:case:log:delete', '删除', '232');

TRUNCATE t_permission_role_ref;
INSERT INTO `platform`.`t_permission_role_ref` (`id`, `permission_id`, `role_id`, `update_time`) VALUES ('31', '89', '1', '2021-03-12 19:58:20');
INSERT INTO `platform`.`t_permission_role_ref` (`id`, `permission_id`, `role_id`, `update_time`) VALUES ('32', '90', '1', '2021-03-12 19:58:21');
INSERT INTO `platform`.`t_permission_role_ref` (`id`, `permission_id`, `role_id`, `update_time`) VALUES ('33', '91', '1', '2021-03-12 19:58:21');
INSERT INTO `platform`.`t_permission_role_ref` (`id`, `permission_id`, `role_id`, `update_time`) VALUES ('34', '92', '1', '2021-03-12 19:58:22');
INSERT INTO `platform`.`t_permission_role_ref` (`id`, `permission_id`, `role_id`, `update_time`) VALUES ('35', '93', '1', '2021-03-12 19:58:22');
INSERT INTO `platform`.`t_permission_role_ref` (`id`, `permission_id`, `role_id`, `update_time`) VALUES ('36', '94', '1', '2021-03-12 19:58:23');
INSERT INTO `platform`.`t_permission_role_ref` (`id`, `permission_id`, `role_id`, `update_time`) VALUES ('37', '95', '1', '2021-03-12 19:58:24');
INSERT INTO `platform`.`t_permission_role_ref` (`id`, `permission_id`, `role_id`, `update_time`) VALUES ('38', '97', '1', '2021-03-12 19:58:25');
INSERT INTO `platform`.`t_permission_role_ref` (`id`, `permission_id`, `role_id`, `update_time`) VALUES ('39', '96', '1', '2021-03-12 19:58:27');
INSERT INTO `platform`.`t_permission_role_ref` (`id`, `permission_id`, `role_id`, `update_time`) VALUES ('40', '98', '1', '2021-03-12 19:58:28');
INSERT INTO `platform`.`t_permission_role_ref` (`id`, `permission_id`, `role_id`, `update_time`) VALUES ('41', '99', '1', '2021-03-12 19:58:28');
INSERT INTO `platform`.`t_permission_role_ref` (`id`, `permission_id`, `role_id`, `update_time`) VALUES ('42', '100', '1', '2021-03-12 19:58:30');
INSERT INTO `platform`.`t_permission_role_ref` (`id`, `permission_id`, `role_id`, `update_time`) VALUES ('43', '102', '1', '2021-03-12 19:58:32');
INSERT INTO `platform`.`t_permission_role_ref` (`id`, `permission_id`, `role_id`, `update_time`) VALUES ('44', '103', '1', '2021-03-12 19:58:33');
INSERT INTO `platform`.`t_permission_role_ref` (`id`, `permission_id`, `role_id`, `update_time`) VALUES ('45', '104', '1', '2021-03-12 19:58:34');
INSERT INTO `platform`.`t_permission_role_ref` (`id`, `permission_id`, `role_id`, `update_time`) VALUES ('46', '105', '1', '2021-03-12 19:58:34');
INSERT INTO `platform`.`t_permission_role_ref` (`id`, `permission_id`, `role_id`, `update_time`) VALUES ('47', '106', '1', '2021-03-12 19:58:34');
INSERT INTO `platform`.`t_permission_role_ref` (`id`, `permission_id`, `role_id`, `update_time`) VALUES ('48', '107', '1', '2021-03-12 19:58:38');
INSERT INTO `platform`.`t_permission_role_ref` (`id`, `permission_id`, `role_id`, `update_time`) VALUES ('49', '108', '1', '2021-03-12 19:58:38');
INSERT INTO `platform`.`t_permission_role_ref` (`id`, `permission_id`, `role_id`, `update_time`) VALUES ('50', '109', '1', '2021-03-12 19:58:39');
INSERT INTO `platform`.`t_permission_role_ref` (`id`, `permission_id`, `role_id`, `update_time`) VALUES ('51', '110', '1', '2021-03-12 19:58:39');
INSERT INTO `platform`.`t_permission_role_ref` (`id`, `permission_id`, `role_id`, `update_time`) VALUES ('52', '111', '1', '2021-03-12 19:58:40');
INSERT INTO `platform`.`t_permission_role_ref` (`id`, `permission_id`, `role_id`, `update_time`) VALUES ('53', '112', '1', '2021-03-12 19:58:41');
INSERT INTO `platform`.`t_permission_role_ref` (`id`, `permission_id`, `role_id`, `update_time`) VALUES ('54', '113', '1', '2021-03-12 19:58:42');
INSERT INTO `platform`.`t_permission_role_ref` (`id`, `permission_id`, `role_id`, `update_time`) VALUES ('55', '114', '1', '2021-03-12 19:58:42');
INSERT INTO `platform`.`t_permission_role_ref` (`id`, `permission_id`, `role_id`, `update_time`) VALUES ('56', '115', '1', '2021-03-12 19:58:42');
INSERT INTO `platform`.`t_permission_role_ref` (`id`, `permission_id`, `role_id`, `update_time`) VALUES ('57', '116', '1', '2021-03-12 19:58:43');
INSERT INTO `platform`.`t_permission_role_ref` (`id`, `permission_id`, `role_id`, `update_time`) VALUES ('58', '117', '1', '2021-03-12 19:58:43');
INSERT INTO `platform`.`t_permission_role_ref` (`id`, `permission_id`, `role_id`, `update_time`) VALUES ('59', '118', '1', '2021-03-12 19:58:46');
INSERT INTO `platform`.`t_permission_role_ref` (`id`, `permission_id`, `role_id`, `update_time`) VALUES ('60', '119', '1', '2021-03-12 19:58:47');
INSERT INTO `platform`.`t_permission_role_ref` (`id`, `permission_id`, `role_id`, `update_time`) VALUES ('61', '120', '1', '2021-03-12 19:58:47');
INSERT INTO `platform`.`t_permission_role_ref` (`id`, `permission_id`, `role_id`, `update_time`) VALUES ('62', '121', '1', '2021-03-12 19:58:48');
INSERT INTO `platform`.`t_permission_role_ref` (`id`, `permission_id`, `role_id`, `update_time`) VALUES ('63', '122', '1', '2021-03-12 19:58:48');
INSERT INTO `platform`.`t_permission_role_ref` (`id`, `permission_id`, `role_id`, `update_time`) VALUES ('64', '123', '1', '2021-03-12 19:58:49');
INSERT INTO `platform`.`t_permission_role_ref` (`id`, `permission_id`, `role_id`, `update_time`) VALUES ('65', '124', '1', '2021-03-12 19:58:50');
INSERT INTO `platform`.`t_permission_role_ref` (`id`, `permission_id`, `role_id`, `update_time`) VALUES ('66', '125', '1', '2021-03-12 19:58:52');
INSERT INTO `platform`.`t_permission_role_ref` (`id`, `permission_id`, `role_id`, `update_time`) VALUES ('67', '126', '1', '2021-03-12 19:58:53');
INSERT INTO `platform`.`t_permission_role_ref` (`id`, `permission_id`, `role_id`, `update_time`) VALUES ('68', '127', '1', '2021-03-12 19:58:55');
INSERT INTO `platform`.`t_permission_role_ref` (`id`, `permission_id`, `role_id`, `update_time`) VALUES ('69', '128', '1', '2021-03-12 19:58:56');
INSERT INTO `platform`.`t_permission_role_ref` (`id`, `permission_id`, `role_id`, `update_time`) VALUES ('70', '129', '1', '2021-03-12 19:58:56');
INSERT INTO `platform`.`t_permission_role_ref` (`id`, `permission_id`, `role_id`, `update_time`) VALUES ('71', '130', '1', '2021-03-12 19:58:57');
INSERT INTO `platform`.`t_permission_role_ref` (`id`, `permission_id`, `role_id`, `update_time`) VALUES ('72', '131', '1', '2021-03-12 19:58:58');
INSERT INTO `platform`.`t_permission_role_ref` (`id`, `permission_id`, `role_id`, `update_time`) VALUES ('73', '132', '1', '2021-03-12 19:58:59');
INSERT INTO `platform`.`t_permission_role_ref` (`id`, `permission_id`, `role_id`, `update_time`) VALUES ('74', '133', '1', '2021-03-12 19:58:59');
INSERT INTO `platform`.`t_permission_role_ref` (`id`, `permission_id`, `role_id`, `update_time`) VALUES ('76', '135', '1', '2021-03-12 19:59:01');
INSERT INTO `platform`.`t_permission_role_ref` (`id`, `permission_id`, `role_id`, `update_time`) VALUES ('77', '136', '1', '2021-03-12 19:59:01');
INSERT INTO `platform`.`t_permission_role_ref` (`id`, `permission_id`, `role_id`, `update_time`) VALUES ('78', '137', '1', '2021-03-12 19:59:02');
INSERT INTO `platform`.`t_permission_role_ref` (`id`, `permission_id`, `role_id`, `update_time`) VALUES ('79', '138', '1', '2021-03-12 19:59:02');
INSERT INTO `platform`.`t_permission_role_ref` (`id`, `permission_id`, `role_id`, `update_time`) VALUES ('80', '139', '1', '2021-03-12 19:59:04');
INSERT INTO `platform`.`t_permission_role_ref` (`id`, `permission_id`, `role_id`, `update_time`) VALUES ('81', '140', '1', '2021-03-12 19:59:04');
INSERT INTO `platform`.`t_permission_role_ref` (`id`, `permission_id`, `role_id`, `update_time`) VALUES ('82', '141', '1', '2021-03-12 19:59:05');
INSERT INTO `platform`.`t_permission_role_ref` (`id`, `permission_id`, `role_id`, `update_time`) VALUES ('83', '142', '1', '2021-03-12 19:59:05');
INSERT INTO `platform`.`t_permission_role_ref` (`id`, `permission_id`, `role_id`, `update_time`) VALUES ('84', '143', '1', '2021-03-12 19:59:05');
INSERT INTO `platform`.`t_permission_role_ref` (`id`, `permission_id`, `role_id`, `update_time`) VALUES ('85', '144', '1', '2021-03-12 19:59:07');
INSERT INTO `platform`.`t_permission_role_ref` (`id`, `permission_id`, `role_id`, `update_time`) VALUES ('86', '145', '1', '2021-03-12 19:59:08');
INSERT INTO `platform`.`t_permission_role_ref` (`id`, `permission_id`, `role_id`, `update_time`) VALUES ('87', '146', '1', '2021-03-12 19:59:10');
INSERT INTO `platform`.`t_permission_role_ref` (`id`, `permission_id`, `role_id`, `update_time`) VALUES ('88', '147', '1', '2021-03-12 19:59:10');
INSERT INTO `platform`.`t_permission_role_ref` (`id`, `permission_id`, `role_id`, `update_time`) VALUES ('89', '148', '1', '2021-03-12 19:59:11');
INSERT INTO `platform`.`t_permission_role_ref` (`id`, `permission_id`, `role_id`, `update_time`) VALUES ('90', '149', '1', '2021-03-12 19:59:12');
INSERT INTO `platform`.`t_permission_role_ref` (`id`, `permission_id`, `role_id`, `update_time`) VALUES ('91', '150', '1', '2021-03-12 19:59:13');
INSERT INTO `platform`.`t_permission_role_ref` (`id`, `permission_id`, `role_id`, `update_time`) VALUES ('92', '152', '1', '2021-03-12 19:59:14');
INSERT INTO `platform`.`t_permission_role_ref` (`id`, `permission_id`, `role_id`, `update_time`) VALUES ('93', '151', '1', '2021-03-12 19:59:14');
INSERT INTO `platform`.`t_permission_role_ref` (`id`, `permission_id`, `role_id`, `update_time`) VALUES ('94', '153', '1', '2021-03-12 19:59:15');
INSERT INTO `platform`.`t_permission_role_ref` (`id`, `permission_id`, `role_id`, `update_time`) VALUES ('95', '154', '1', '2021-03-12 19:59:16');
INSERT INTO `platform`.`t_permission_role_ref` (`id`, `permission_id`, `role_id`, `update_time`) VALUES ('96', '155', '1', '2021-03-12 19:59:17');
INSERT INTO `platform`.`t_permission_role_ref` (`id`, `permission_id`, `role_id`, `update_time`) VALUES ('97', '156', '1', '2021-03-12 19:59:18');
INSERT INTO `platform`.`t_permission_role_ref` (`id`, `permission_id`, `role_id`, `update_time`) VALUES ('98', '157', '1', '2021-03-12 19:59:19');
INSERT INTO `platform`.`t_permission_role_ref` (`id`, `permission_id`, `role_id`, `update_time`) VALUES ('99', '158', '1', '2021-03-12 19:59:20');
INSERT INTO `platform`.`t_permission_role_ref` (`id`, `permission_id`, `role_id`, `update_time`) VALUES ('100', '159', '1', '2021-03-12 19:59:20');
INSERT INTO `platform`.`t_permission_role_ref` (`id`, `permission_id`, `role_id`, `update_time`) VALUES ('101', '160', '1', '2021-03-12 19:59:21');
INSERT INTO `platform`.`t_permission_role_ref` (`id`, `permission_id`, `role_id`, `update_time`) VALUES ('102', '161', '1', '2021-03-12 19:59:21');
INSERT INTO `platform`.`t_permission_role_ref` (`id`, `permission_id`, `role_id`, `update_time`) VALUES ('103', '163', '1', '2021-03-12 19:59:23');
INSERT INTO `platform`.`t_permission_role_ref` (`id`, `permission_id`, `role_id`, `update_time`) VALUES ('104', '162', '1', '2021-03-12 19:59:25');
INSERT INTO `platform`.`t_permission_role_ref` (`id`, `permission_id`, `role_id`, `update_time`) VALUES ('105', '164', '1', '2021-03-12 19:59:27');
INSERT INTO `platform`.`t_permission_role_ref` (`id`, `permission_id`, `role_id`, `update_time`) VALUES ('106', '165', '1', '2021-03-12 19:59:29');
INSERT INTO `platform`.`t_permission_role_ref` (`id`, `permission_id`, `role_id`, `update_time`) VALUES ('107', '166', '1', '2021-03-12 19:59:29');
INSERT INTO `platform`.`t_permission_role_ref` (`id`, `permission_id`, `role_id`, `update_time`) VALUES ('108', '167', '1', '2021-03-12 19:59:30');
INSERT INTO `platform`.`t_permission_role_ref` (`id`, `permission_id`, `role_id`, `update_time`) VALUES ('109', '168', '1', '2021-03-12 19:59:30');
INSERT INTO `platform`.`t_permission_role_ref` (`id`, `permission_id`, `role_id`, `update_time`) VALUES ('110', '169', '1', '2021-03-12 19:59:30');
INSERT INTO `platform`.`t_permission_role_ref` (`id`, `permission_id`, `role_id`, `update_time`) VALUES ('111', '170', '1', '2021-03-12 19:59:31');
INSERT INTO `platform`.`t_permission_role_ref` (`id`, `permission_id`, `role_id`, `update_time`) VALUES ('112', '171', '1', '2021-03-12 19:59:33');
INSERT INTO `platform`.`t_permission_role_ref` (`id`, `permission_id`, `role_id`, `update_time`) VALUES ('113', '172', '1', '2021-03-12 19:59:34');
INSERT INTO `platform`.`t_permission_role_ref` (`id`, `permission_id`, `role_id`, `update_time`) VALUES ('114', '173', '1', '2021-03-12 19:59:36');
INSERT INTO `platform`.`t_permission_role_ref` (`id`, `permission_id`, `role_id`, `update_time`) VALUES ('115', '174', '1', '2021-03-12 19:59:37');
INSERT INTO `platform`.`t_permission_role_ref` (`id`, `permission_id`, `role_id`, `update_time`) VALUES ('116', '175', '1', '2021-03-12 19:59:37');
INSERT INTO `platform`.`t_permission_role_ref` (`id`, `permission_id`, `role_id`, `update_time`) VALUES ('117', '176', '1', '2021-03-12 19:59:38');
INSERT INTO `platform`.`t_permission_role_ref` (`id`, `permission_id`, `role_id`, `update_time`) VALUES ('118', '177', '1', '2021-03-12 19:59:38');
INSERT INTO `platform`.`t_permission_role_ref` (`id`, `permission_id`, `role_id`, `update_time`) VALUES ('119', '179', '1', '2021-03-12 19:59:40');
INSERT INTO `platform`.`t_permission_role_ref` (`id`, `permission_id`, `role_id`, `update_time`) VALUES ('120', '178', '1', '2021-03-12 19:59:40');
INSERT INTO `platform`.`t_permission_role_ref` (`id`, `permission_id`, `role_id`, `update_time`) VALUES ('121', '181', '1', '2021-03-12 19:59:42');
INSERT INTO `platform`.`t_permission_role_ref` (`id`, `permission_id`, `role_id`, `update_time`) VALUES ('122', '180', '1', '2021-03-12 19:59:42');
INSERT INTO `platform`.`t_permission_role_ref` (`id`, `permission_id`, `role_id`, `update_time`) VALUES ('123', '182', '1', '2021-03-12 19:59:43');
INSERT INTO `platform`.`t_permission_role_ref` (`id`, `permission_id`, `role_id`, `update_time`) VALUES ('124', '183', '1', '2021-03-12 19:59:44');
INSERT INTO `platform`.`t_permission_role_ref` (`id`, `permission_id`, `role_id`, `update_time`) VALUES ('125', '184', '1', '2021-03-12 19:59:45');
INSERT INTO `platform`.`t_permission_role_ref` (`id`, `permission_id`, `role_id`, `update_time`) VALUES ('126', '185', '1', '2021-03-12 19:59:46');
INSERT INTO `platform`.`t_permission_role_ref` (`id`, `permission_id`, `role_id`, `update_time`) VALUES ('127', '186', '1', '2021-03-12 19:59:47');
INSERT INTO `platform`.`t_permission_role_ref` (`id`, `permission_id`, `role_id`, `update_time`) VALUES ('128', '187', '1', '2021-03-12 19:59:47');
INSERT INTO `platform`.`t_permission_role_ref` (`id`, `permission_id`, `role_id`, `update_time`) VALUES ('129', '188', '1', '2021-03-12 19:59:48');
INSERT INTO `platform`.`t_permission_role_ref` (`id`, `permission_id`, `role_id`, `update_time`) VALUES ('130', '189', '1', '2021-03-12 19:59:48');
INSERT INTO `platform`.`t_permission_role_ref` (`id`, `permission_id`, `role_id`, `update_time`) VALUES ('131', '190', '1', '2021-03-12 19:59:49');
INSERT INTO `platform`.`t_permission_role_ref` (`id`, `permission_id`, `role_id`, `update_time`) VALUES ('132', '191', '1', '2021-03-12 19:59:49');
INSERT INTO `platform`.`t_permission_role_ref` (`id`, `permission_id`, `role_id`, `update_time`) VALUES ('133', '192', '1', '2021-03-12 19:59:51');
INSERT INTO `platform`.`t_permission_role_ref` (`id`, `permission_id`, `role_id`, `update_time`) VALUES ('134', '193', '1', '2021-03-12 19:59:51');
INSERT INTO `platform`.`t_permission_role_ref` (`id`, `permission_id`, `role_id`, `update_time`) VALUES ('137', '2', '1', '2021-03-12 20:36:59');
INSERT INTO `platform`.`t_permission_role_ref` (`id`, `permission_id`, `role_id`, `update_time`) VALUES ('138', '4', '1', '2021-03-12 20:37:00');
INSERT INTO `platform`.`t_permission_role_ref` (`id`, `permission_id`, `role_id`, `update_time`) VALUES ('139', '3', '1', '2021-03-12 20:37:00');
INSERT INTO `platform`.`t_permission_role_ref` (`id`, `permission_id`, `role_id`, `update_time`) VALUES ('140', '5', '1', '2021-03-12 20:37:01');
INSERT INTO `platform`.`t_permission_role_ref` (`id`, `permission_id`, `role_id`, `update_time`) VALUES ('141', '6', '1', '2021-03-12 20:37:01');
INSERT INTO `platform`.`t_permission_role_ref` (`id`, `permission_id`, `role_id`, `update_time`) VALUES ('142', '1', '1', '2021-03-12 20:38:31');
INSERT INTO `platform`.`t_permission_role_ref` (`id`, `permission_id`, `role_id`, `update_time`) VALUES ('153', '127', '4', '2021-03-12 21:02:08');
INSERT INTO `platform`.`t_permission_role_ref` (`id`, `permission_id`, `role_id`, `update_time`) VALUES ('154', '126', '4', '2021-03-12 21:02:08');
INSERT INTO `platform`.`t_permission_role_ref` (`id`, `permission_id`, `role_id`, `update_time`) VALUES ('155', '1', '4', '2021-03-12 21:25:53');
INSERT INTO `platform`.`t_permission_role_ref` (`id`, `permission_id`, `role_id`, `update_time`) VALUES ('156', '89', '4', '2021-03-12 21:25:55');
INSERT INTO `platform`.`t_permission_role_ref` (`id`, `permission_id`, `role_id`, `update_time`) VALUES ('157', '95', '4', '2021-03-12 21:25:56');
INSERT INTO `platform`.`t_permission_role_ref` (`id`, `permission_id`, `role_id`, `update_time`) VALUES ('158', '102', '4', '2021-03-12 21:25:56');
INSERT INTO `platform`.`t_permission_role_ref` (`id`, `permission_id`, `role_id`, `update_time`) VALUES ('159', '107', '4', '2021-03-12 21:25:57');
INSERT INTO `platform`.`t_permission_role_ref` (`id`, `permission_id`, `role_id`, `update_time`) VALUES ('160', '112', '4', '2021-03-12 21:25:57');
INSERT INTO `platform`.`t_permission_role_ref` (`id`, `permission_id`, `role_id`, `update_time`) VALUES ('161', '118', '4', '2021-03-12 21:25:58');
INSERT INTO `platform`.`t_permission_role_ref` (`id`, `permission_id`, `role_id`, `update_time`) VALUES ('162', '124', '4', '2021-03-12 21:25:59');
INSERT INTO `platform`.`t_permission_role_ref` (`id`, `permission_id`, `role_id`, `update_time`) VALUES ('163', '154', '4', '2021-03-12 21:25:59');
INSERT INTO `platform`.`t_permission_role_ref` (`id`, `permission_id`, `role_id`, `update_time`) VALUES ('164', '178', '4', '2021-03-12 21:26:00');
INSERT INTO `platform`.`t_permission_role_ref` (`id`, `permission_id`, `role_id`, `update_time`) VALUES ('165', '194', '1', '2021-04-02 09:20:55');
INSERT INTO `platform`.`t_permission_role_ref` (`id`, `permission_id`, `role_id`, `update_time`) VALUES ('166', '195', '1', '2021-04-11 17:13:45');
INSERT INTO `platform`.`t_permission_role_ref` (`id`, `permission_id`, `role_id`, `update_time`) VALUES ('167', '196', '1', '2021-04-11 17:13:46');
INSERT INTO `platform`.`t_permission_role_ref` (`id`, `permission_id`, `role_id`, `update_time`) VALUES ('168', '197', '1', '2021-04-11 17:13:47');
INSERT INTO `platform`.`t_permission_role_ref` (`id`, `permission_id`, `role_id`, `update_time`) VALUES ('169', '198', '1', '2021-04-11 17:13:47');
INSERT INTO `platform`.`t_permission_role_ref` (`id`, `permission_id`, `role_id`, `update_time`) VALUES ('170', '199', '1', '2021-04-11 17:13:48');
INSERT INTO `platform`.`t_permission_role_ref` (`id`, `permission_id`, `role_id`, `update_time`) VALUES ('171', '200', '1', '2021-04-11 18:08:03');
INSERT INTO `platform`.`t_permission_role_ref` (`id`, `permission_id`, `role_id`, `update_time`) VALUES ('172', '201', '1', '2021-04-11 21:05:27');
INSERT INTO `platform`.`t_permission_role_ref` (`id`, `permission_id`, `role_id`, `update_time`) VALUES ('173', '202', '1', '2021-04-11 21:05:27');
INSERT INTO `platform`.`t_permission_role_ref` (`id`, `permission_id`, `role_id`, `update_time`) VALUES ('174', '203', '1', '2021-04-11 21:05:28');
INSERT INTO `platform`.`t_permission_role_ref` (`id`, `permission_id`, `role_id`, `update_time`) VALUES ('175', '204', '1', '2021-04-11 21:05:28');
INSERT INTO `platform`.`t_permission_role_ref` (`id`, `permission_id`, `role_id`, `update_time`) VALUES ('176', '205', '1', '2021-04-11 21:05:29');
INSERT INTO `platform`.`t_permission_role_ref` (`id`, `permission_id`, `role_id`, `update_time`) VALUES ('177', '206', '1', '2021-04-11 21:05:30');
INSERT INTO `platform`.`t_permission_role_ref` (`id`, `permission_id`, `role_id`, `update_time`) VALUES ('178', '208', '1', '2021-04-11 21:05:31');
INSERT INTO `platform`.`t_permission_role_ref` (`id`, `permission_id`, `role_id`, `update_time`) VALUES ('179', '209', '1', '2021-04-11 21:05:31');
INSERT INTO `platform`.`t_permission_role_ref` (`id`, `permission_id`, `role_id`, `update_time`) VALUES ('180', '210', '1', '2021-04-11 21:05:32');
INSERT INTO `platform`.`t_permission_role_ref` (`id`, `permission_id`, `role_id`, `update_time`) VALUES ('181', '207', '1', '2021-04-11 21:05:33');
INSERT INTO `platform`.`t_permission_role_ref` (`id`, `permission_id`, `role_id`, `update_time`) VALUES ('182', '211', '1', '2021-04-13 18:46:52');
INSERT INTO `platform`.`t_permission_role_ref` (`id`, `permission_id`, `role_id`, `update_time`) VALUES ('183', '212', '1', '2021-04-13 18:46:52');
INSERT INTO `platform`.`t_permission_role_ref` (`id`, `permission_id`, `role_id`, `update_time`) VALUES ('184', '213', '1', '2021-04-14 19:45:39');
INSERT INTO `platform`.`t_permission_role_ref` (`id`, `permission_id`, `role_id`, `update_time`) VALUES ('185', '214', '1', '2021-04-14 19:45:39');
INSERT INTO `platform`.`t_permission_role_ref` (`id`, `permission_id`, `role_id`, `update_time`) VALUES ('186', '215', '1', '2021-04-14 19:45:40');
INSERT INTO `platform`.`t_permission_role_ref` (`id`, `permission_id`, `role_id`, `update_time`) VALUES ('187', '216', '1', '2021-04-14 19:45:40');
INSERT INTO `platform`.`t_permission_role_ref` (`id`, `permission_id`, `role_id`, `update_time`) VALUES ('188', '217', '1', '2021-04-14 19:45:41');
INSERT INTO `platform`.`t_permission_role_ref` (`id`, `permission_id`, `role_id`, `update_time`) VALUES ('189', '218', '1', '2021-04-14 19:45:41');
INSERT INTO `platform`.`t_permission_role_ref` (`id`, `permission_id`, `role_id`, `update_time`) VALUES ('190', '219', '1', '2021-04-14 19:45:42');
INSERT INTO `platform`.`t_permission_role_ref` (`id`, `permission_id`, `role_id`, `update_time`) VALUES ('191', '220', '1', '2021-04-14 19:45:42');
INSERT INTO `platform`.`t_permission_role_ref` (`id`, `permission_id`, `role_id`, `update_time`) VALUES ('192', '221', '1', '2021-04-16 21:22:41');
INSERT INTO `platform`.`t_permission_role_ref` (`id`, `permission_id`, `role_id`, `update_time`) VALUES ('193', '222', '1', '2021-04-16 21:22:41');
INSERT INTO `platform`.`t_permission_role_ref` (`id`, `permission_id`, `role_id`, `update_time`) VALUES ('194', '223', '1', '2021-04-16 21:22:42');
INSERT INTO `platform`.`t_permission_role_ref` (`id`, `permission_id`, `role_id`, `update_time`) VALUES ('195', '225', '1', '2021-04-16 21:22:42');
INSERT INTO `platform`.`t_permission_role_ref` (`id`, `permission_id`, `role_id`, `update_time`) VALUES ('196', '224', '1', '2021-04-16 21:22:43');
INSERT INTO `platform`.`t_permission_role_ref` (`id`, `permission_id`, `role_id`, `update_time`) VALUES ('197', '226', '1', '2021-04-17 15:03:12');
INSERT INTO `platform`.`t_permission_role_ref` (`id`, `permission_id`, `role_id`, `update_time`) VALUES ('198', '227', '1', '2021-04-17 16:04:29');
INSERT INTO `platform`.`t_permission_role_ref` (`id`, `permission_id`, `role_id`, `update_time`) VALUES ('199', '228', '1', '2021-06-27 18:15:31');
INSERT INTO `platform`.`t_permission_role_ref` (`id`, `permission_id`, `role_id`, `update_time`) VALUES ('200', '229', '1', '2021-06-27 18:15:32');
INSERT INTO `platform`.`t_permission_role_ref` (`id`, `permission_id`, `role_id`, `update_time`) VALUES ('201', '230', '1', '2021-07-12 18:31:14');
INSERT INTO `platform`.`t_permission_role_ref` (`id`, `permission_id`, `role_id`, `update_time`) VALUES ('202', '231', '1', '2021-07-12 18:31:15');
INSERT INTO `platform`.`t_permission_role_ref` (`id`, `permission_id`, `role_id`, `update_time`) VALUES ('203', '233', '1', '2021-07-12 18:31:16');
INSERT INTO `platform`.`t_permission_role_ref` (`id`, `permission_id`, `role_id`, `update_time`) VALUES ('204', '234', '1', '2021-07-12 18:31:16');
INSERT INTO `platform`.`t_permission_role_ref` (`id`, `permission_id`, `role_id`, `update_time`) VALUES ('205', '235', '1', '2021-07-12 18:31:18');
INSERT INTO `platform`.`t_permission_role_ref` (`id`, `permission_id`, `role_id`, `update_time`) VALUES ('206', '236', '1', '2021-07-12 18:31:18');
INSERT INTO `platform`.`t_permission_role_ref` (`id`, `permission_id`, `role_id`, `update_time`) VALUES ('207', '237', '1', '2021-07-12 18:31:19');
INSERT INTO `platform`.`t_permission_role_ref` (`id`, `permission_id`, `role_id`, `update_time`) VALUES ('208', '232', '1', '2021-07-12 18:31:20');
INSERT INTO `platform`.`t_permission_role_ref` (`id`, `permission_id`, `role_id`, `update_time`) VALUES ('209', '238', '1', '2021-07-12 18:31:20');
INSERT INTO `platform`.`t_permission_role_ref` (`id`, `permission_id`, `role_id`, `update_time`) VALUES ('210', '239', '1', '2021-07-12 18:31:21');
INSERT INTO `platform`.`t_permission_role_ref` (`id`, `permission_id`, `role_id`, `update_time`) VALUES ('211', '230', '4', '2021-07-12 18:31:26');
INSERT INTO `platform`.`t_permission_role_ref` (`id`, `permission_id`, `role_id`, `update_time`) VALUES ('212', '231', '4', '2021-07-12 18:31:26');
INSERT INTO `platform`.`t_permission_role_ref` (`id`, `permission_id`, `role_id`, `update_time`) VALUES ('213', '233', '4', '2021-07-12 18:31:27');
INSERT INTO `platform`.`t_permission_role_ref` (`id`, `permission_id`, `role_id`, `update_time`) VALUES ('214', '234', '4', '2021-07-12 18:31:27');
INSERT INTO `platform`.`t_permission_role_ref` (`id`, `permission_id`, `role_id`, `update_time`) VALUES ('215', '235', '4', '2021-07-12 18:31:28');
INSERT INTO `platform`.`t_permission_role_ref` (`id`, `permission_id`, `role_id`, `update_time`) VALUES ('216', '236', '4', '2021-07-12 18:31:28');
INSERT INTO `platform`.`t_permission_role_ref` (`id`, `permission_id`, `role_id`, `update_time`) VALUES ('217', '237', '4', '2021-07-12 18:31:31');
INSERT INTO `platform`.`t_permission_role_ref` (`id`, `permission_id`, `role_id`, `update_time`) VALUES ('218', '232', '4', '2021-07-12 18:31:31');
INSERT INTO `platform`.`t_permission_role_ref` (`id`, `permission_id`, `role_id`, `update_time`) VALUES ('219', '238', '4', '2021-07-12 18:31:32');
INSERT INTO `platform`.`t_permission_role_ref` (`id`, `permission_id`, `role_id`, `update_time`) VALUES ('220', '239', '4', '2021-07-12 18:31:32');
INSERT INTO `platform`.`t_permission_role_ref` (`id`, `permission_id`, `role_id`, `update_time`) VALUES ('221', '240', '1', '2021-07-12 22:10:10');
INSERT INTO `platform`.`t_permission_role_ref` (`id`, `permission_id`, `role_id`, `update_time`) VALUES ('222', '241', '1', '2021-07-12 22:10:11');
INSERT INTO `platform`.`t_permission_role_ref` (`id`, `permission_id`, `role_id`, `update_time`) VALUES ('223', '240', '4', '2021-07-12 22:10:16');
INSERT INTO `platform`.`t_permission_role_ref` (`id`, `permission_id`, `role_id`, `update_time`) VALUES ('224', '241', '4', '2021-07-12 22:10:17');
INSERT INTO `platform`.`t_permission_role_ref` (`id`, `permission_id`, `role_id`, `update_time`) VALUES ('225', '242', '1', '2021-07-14 16:53:05');
INSERT INTO `platform`.`t_permission_role_ref` (`id`, `permission_id`, `role_id`, `update_time`) VALUES ('226', '242', '4', '2021-07-14 16:53:09');



